patch_addr,bytes_at_local
0x40119a,90E8BF2E615D
0x4011b5,90E8852E615D
0x4011de,90E87B2E615D
0x401200,90E83A2E615D
0x403564,90E85F97615D
0x403578,90E84B97615D
0x403588,90E83B97615D
0x403645,90E87E96615D
0x40365d,90E86696615D
0x40366f,90E85496615D
0x40367f,90E84496615D
0x4036e8,90E8DB95615D
0x4036f8,90E8CB95615D
0x4037bf,90E80495615D
0x4037df,90E8E494615D
0x40385b,90E86894615D
0x4038be,90E80594615D
0x40394a,90E87993615D
0x4039a8,90E81B93615D
0x4039e7,90E8DC92615D
0x4039fb,90E8C892615D
0x403a28,90E89B92615D
0x403b69,90E85A91615D
0x403bea,90E8D990615D
0x403e7c,90E8C732665D
0x403f69,90E85A8D615D
0x403f8a,90E8398D615D
0x40415f,90E8D57D605D
0x40447c,90E8391A665D
0x404485,90E9EB7B605D
0x40449c,90E8191A665D
0x4044a4,90E8CC7B605D
0x40453e,90E8707A605D
0x404559,90E8272D665D
0x4045a8,90E87679605D
0x4045c4,90E8BC2C665D
0x4045ec,90E8C918665D
0x4045f4,90E87C7A605D
0x40461c,90E89918665D
0x404625,90E94B7A605D
0x40468e,90E8A678605D
0x404708,90E82C78605D
0x404726,90E94A79605D
0x404739,90E83779605D
0x404768,90E84678605D
0x404ac5,90E874F2605D
0x404ae5,90E854F2605D
0x404b05,90E834F2605D
0x404b25,90E814F2605D
0x404b4a,90E8C518615D
0x404b65,90E8E3EF605D
0x404e2e,90E8957E615D
0x4064a9,90E89A0C665D
0x4064b3,90E802FA655D
0x4064e5,90E85E0C665D
0x406504,90E83F0C665D
0x406523,90E8200C665D
0x40652d,90E888F9655D
0x40654e,90E8F50B665D
0x40656d,90E8D60B665D
0x40658c,90E8B70B665D
0x406596,90E81FF9655D
0x4065cc,90E8770B665D
0x4065eb,90E8580B665D
0x406b3f,90E87225605D
0x407bd8,90E8D914605D
0x40879d,90E8ABB3605D
0x4087cb,90E87DB3605D
0x40881b,90E82DB3605D
0x408971,90E8D7B1605D
0x408b6b,90E8DDAF605D
0x408d04,90E844AE605D
0x408fda,90E8E93C615D
0x409017,90E822AD605D
0x409046,90E802AB605D
0x4090fd,90E8C63B615D
0x40916a,90E8593B615D
0x4091dc,90E85DAB605D
0x40921d,90E8A63A615D
0x409c55,90E8E4A0605D
0x409ccd,90E8647D625D
0x409e39,90E80F9D605D
0x409e59,90E8EF9C605D
0x409e7a,90E8CE9C605D
0x40b0af,90E88269625D
0x40b30d,90E86B965D5D
0x40b36a,90E80E965D5D
0x40b981,90E8C781605D
0x40be35,90E8137D605D
0x40fcb0,90E88A9CBA5B
0x414871,90E85284605D
0x415b71,90E85271605D
0x415b7f,90E84471605D
0x415b8a,90E83971605D
0x415c11,90E8B270605D
0x415cae,90E81570605D
0x415d5e,90E8656F605D
0x415d74,90E84F6F605D
0x415d81,90E8426F605D
0x415d94,90E82F6F605D
0x415da1,90E8226F605D
0x415dbb,90E8086F605D
0x415dc8,90E8FB6E605D
0x415dd9,90E8EA6E605D
0x415de4,90E8DF6E605D
0x415e6b,90E8586E605D
0x416513,90E83225665D
0x416532,90E8B3F5655D
0x416906,90E8BD63605D
0x416918,90E8AB63605D
0x416923,90E8A063605D
0x41698e,90E83563605D
0x416a5f,90E86462605D
0x416c52,90E87160605D
0x416c66,90E85D60605D
0x416ee6,90E8DD5D605D
0x416ef8,90E8CB5D605D
0x416f03,90E8C05D605D
0x417241,90E8CFBC5C5D
0x417cd6,90E88DB65C5D
0x417d10,90E853B65C5D
0x417d41,90E822B65C5D
0x417d56,90E8E5F35C5D
0x418036,90E88D4C605D
0x418048,90E87B4C605D
0x418053,90E8704C605D
0x4183fd,90E8C648605D
0x418448,90E87B48605D
0x41903d,90E8863C605D
0x419073,90E8503C605D
0x419095,90E82E3C605D
0x41920a,90E8B93A605D
0x41921a,90E8A93A605D
0x419225,90E89E3A605D
0x419e8a,90E89AD35C5D
0x41b473,90E85018605D
0x41ce12,90E80782645D
0x41cf35,90E8E480645D
0x41d033,90E8E67F645D
0x41d154,90E8C57E645D
0x41d271,90E852FA5F5D
0x41d288,90E83BFA5F5D
0x41d298,90E82BFA5F5D
0x41d3cb,90E8F8F85F5D
0x41d3de,90E8E5F85F5D
0x41d4ef,90E88C89645D
0x41d57a,90E83B89645D
0x41d603,90E99A9F645D
0x41d8f1,90E8D2F35F5D
0x41d913,90E8B0F35F5D
0x41d935,90E88EF35F5D
0x41d959,90E86AF35F5D
0x41d9f2,90E8D1F25F5D
0x41da06,90E8BDF25F5D
0x41da42,90E881F25F5D
0x41da52,90E871F25F5D
0x41da8e,90E835F25F5D
0x41da99,90E82AF25F5D
0x41dd8d,90E836EF5F5D
0x41dde1,90E8E2EE5F5D
0x41de5d,90E866EE5F5D
0x41deb1,90E812EE5F5D
0x41df2d,90E896ED5F5D
0x41df7d,90E846ED5F5D
0x41dfed,90E8D6EC5F5D
0x41e03d,90E886EC5F5D
0x41e0ad,90E816EC5F5D
0x41e0fd,90E8C6EB5F5D
0x41e176,90E83E77655D
0x41e1fc,90E8C7EA5F5D
0x41e214,90E8AFEA5F5D
0x41e22a,90E899EA5F5D
0x41e23a,90E889EA5F5D
0x41e24b,90E878EA5F5D
0x41e263,90E860EA5F5D
0x41e274,90E84FEA5F5D
0x41e29d,90E826EA5F5D
0x41e2b1,90E812EA5F5D
0x41e2c7,90E8FCE95F5D
0x41e2ec,90E8D7E95F5D
0x41e300,90E8C3E95F5D
0x41e5e3,90E8CD8C645D
0x41e72e,90E895E55F5D
0x41e73e,90E885E55F5D
0x41e749,90E87AE55F5D
0x41e886,90E8BD88645D
0x41e8ae,90E80776645D
0x41e919,90E82A88645D
0x41e951,90E86475645D
0x41ea0f,90E8B4E25F5D
0x41ea27,90E89CE25F5D
0x41ea34,90E88FE25F5D
0x41ea4b,90E878E25F5D
0x41ea58,90E86BE25F5D
0x41ea6b,90E858E25F5D
0x41ea78,90E84BE25F5D
0x41eaa7,90E81CE25F5D
0x41eab4,90E80FE25F5D
0x41eb4e,90E875E15F5D
0x41eb66,90E85DE15F5D
0x41eb73,90E850E15F5D
0x41eb8a,90E839E15F5D
0x41eb97,90E82CE15F5D
0x41ebaa,90E819E15F5D
0x41ebb7,90E80CE15F5D
0x41ebde,90E8E5E05F5D
0x41ebeb,90E8D8E05F5D
0x41ec7f,90E844E05F5D
0x41ec97,90E82CE05F5D
0x41eca4,90E81FE05F5D
0x41ecbb,90E808E05F5D
0x41ecc8,90E8FBDF5F5D
0x41ecdb,90E8E8DF5F5D
0x41ece8,90E8DBDF5F5D
0x41ed0f,90E8B4DF5F5D
0x41ed1c,90E8A7DF5F5D
0x41edaf,90E814DF5F5D
0x41edc7,90E8FCDE5F5D
0x41edd4,90E8EFDE5F5D
0x41edeb,90E8D8DE5F5D
0x41edf8,90E8CBDE5F5D
0x41ee0b,90E8B8DE5F5D
0x41ee18,90E8ABDE5F5D
0x41ee3f,90E884DE5F5D
0x41ee4c,90E877DE5F5D
0x41ef5d,90E866DD5F5D
0x41ef80,90E843DD5F5D
0x41ef8d,90E836DD5F5D
0x41efb4,90E80FDD5F5D
0x41efbf,90E804DD5F5D
0x41f004,90E8BFDC5F5D
0x41f12b,90E898DB5F5D
0x41f13f,90E884DB5F5D
0x41f150,90E873DB5F5D
0x41f353,90E870D95F5D
0x41f370,90E853D95F5D
0x41f37b,90E848D95F5D
0x41f8b1,90E8CA65645D
0x41f9c6,90E8EF64645D
0x41fdd6,90E87ECB655D
0x41febd,90E8F85F645D
0x41ff94,90E8215F645D
0x420e1f,90E86164645D
0x424da3,90E8207F5F5D
0x424ded,90E8D67E5F5D
0x424e64,90E85F7E5F5D
0x424e76,90E84D7E5F5D
0x424e83,90E8407E5F5D
0x424e90,90E8337E5F5D
0x424e9d,90E8267E5F5D
0x424f0c,90E8B77D5F5D
0x424f1a,90E8A97D5F5D
0x424f27,90E89C7D5F5D
0x424f34,90E88F7D5F5D
0x424f41,90E8827D5F5D
0x424fc6,90E8FD7C5F5D
0x424fd8,90E8EB7C5F5D
0x424fe3,90E8E07C5F5D
0x426288,90E8DBD05B5D
0x426b40,90E80306645D
0x426c10,90E83305645D
0x426c78,90E8CB04645D
0x4293d6,90E8ED385F5D
0x4293e8,90E8DB385F5D
0x4293f3,90E8D0385F5D
0x42970d,90E8B6355F5D
0x429728,90E89B355F5D
0x429753,90E870355F5D
0x4297db,90E8E8345F5D
0x4297e8,90E8DB345F5D
0x429c4a,90E879305F5D
0x429cc0,90E803305F5D
0x429f4d,90E863D3635D
0x42abec,90E8C9B2635D
0x42ac19,90E89CB2635D
0x42ac3d,90E878B2635D
0x42ac4a,90E80074B65B
0x42aeee,90E8C2C3635D
0x42af00,90E8B0C3635D
0x42af12,90E89EC3635D
0x42af27,90E889C3635D
0x42af3c,90E874C3635D
0x42afe2,90E861C1635D
0x42b057,90E824AE635D
0x42b068,90E813AE635D
0x42b076,90E805AE635D
0x42b084,90E8F7AD635D
0x42b092,90E8E9AD635D
0x42b0e0,90E8D5AD635D
0x42b0ee,90E8C7AD635D
0x42b0fc,90E8B9AD635D
0x42b10a,90E8ABAD635D
0x42b11a,90E89BAD635D
0x42b18f,90E821C1635D
0x42bc59,90E857B6635D
0x42cf16,90E84D645B5D
0x42cf87,90E8DC635B5D
0x42de08,90E84B82645D
0x42de40,90E8C9AC645D
0x42e0c3,90E8AC7F645D
0x42e386,90E8E74A5B5D
0x42e666,90E85DE65E5D
0x42e678,90E84BE65E5D
0x42e683,90E840E65E5D
0x42edb9,90E8A86D645D
0x42efb4,90E8FC82635D
0x42f42d,90E896D85E5D
0x42f44a,90E879D85E5D
0x42f457,90E86CD85E5D
0x42f4d9,90E8EAD75E5D
0x42f4e6,90E8DDD75E5D
0x42f56b,90E858D75E5D
0x42f578,90E84BD75E5D
0x4309e2,90E881295B5D
0x43133c,90E827205B5D
0x4313fa,90E8C9B85E5D
0x4315f1,90E8721D5B5D
0x431a60,90E863B25E5D
0x431a70,90E853B25E5D
0x431a7f,90E844B25E5D
0x431b20,90E8A3B15E5D
0x431b30,90E893B15E5D
0x431b3f,90E884B15E5D
0x431d62,90E861AF5E5D
0x431df1,90E8D2AE5E5D
0x431ebb,90E808AE5E5D
0x431fc7,90E8FCAC5E5D
0x432621,90E8A2A65E5D
0x432639,90E88AA65E5D
0x432646,90E87DA65E5D
0x432b46,90E87DA15E5D
0x432b53,90E870A15E5D
0x432eb9,90E80A9E5E5D
0x432ee0,90E8E39D5E5D
0x432ef4,90E8CF9D5E5D
0x432f77,90E84C9D5E5D
0x432f84,90E83F9D5E5D
0x43300e,90E8B59C5E5D
0x43301b,90E8A89C5E5D
0x433180,90E8439B5E5D
0x43318d,90E8369B5E5D
0x4331f1,90E8D29A5E5D
0x43320d,90E83858645D
0x433257,90E8182E645D
0x433290,90E9DF2D645D
0x43330f,90E8B4995E5D
0x433335,90E88E995E5D
0x4333cd,90E8F6985E5D
0x4333ed,90E85856645D
0x433439,90E8362C645D
0x433447,90E87C985E5D
0x433454,90E86F985E5D
0x4334c2,90E801985E5D
0x433638,90E82BFD5A5D
0x434385,90E82B2F635D
0x434841,90E83A16635D
0x43485b,90E8552A635D
0x43486d,90E86B2A635D
0x434a13,90E8A214635D
0x435e6f,90E8546E5E5D
0x435e81,90E8426E5E5D
0x435e8c,90E8376E5E5D
0x436151,90E85F11635D
0x4374c8,90E8FB575E5D
0x437560,90E863575E5D
0x43758b,90E838575E5D
0x43759b,90E828575E5D
0x4375c6,90E8FD565E5D
0x4375d6,90E8ED565E5D
0x43827f,90E8444A5E5D
0x43837e,90E845495E5D
0x438417,90E8AC485E5D
0x4384a6,90E81D485E5D
0x438676,90E84D465E5D
0x43870e,90E8B5455E5D
0x43879d,90E826455E5D
0x4387c0,90E803455E5D
0x438876,90E84D445E5D
0x438d1c,90E8A73F5E5D
0x438d3a,90E8893F5E5D
0x438daf,90E8143F5E5D
0x438dc3,90E8003F5E5D
0x438e13,90E8B03E5E5D
0x438e40,90E8833E5E5D
0x439960,90E850D9625D
0x43c660,90E863065E5D
0x440908,90E81C695A5D
0x440da6,90E8C7205A5D
0x440e7c,90E8F11F5A5D
0x441afd,90E8C6B15D5D
0x441b1f,90E8A4B15D5D
0x441b81,90E842B15D5D
0x441ba4,90E81FB15D5D
0x441bb1,90E812B15D5D
0x441de0,90E8E3AE5D5D
0x441ded,90E8D6AE5D5D
0x441eca,90E8F9AD5D5D
0x441eea,90E8D9AD5D5D
0x441f2d,90E896AD5D5D
0x441f46,90E87DAD5D5D
0x441f53,90E870AD5D5D
0x441f8c,90E837AD5D5D
0x441f99,90E82AAD5D5D
0x4423e3,90E8E0A85D5D
0x442401,90E8C2A85D5D
0x442468,90E85BA85D5D
0x442475,90E84EA85D5D
0x442496,90E82DA85D5D
0x4424ac,90E817A85D5D
0x4424bc,90E807A85D5D
0x442806,90E85D0B5A5D
0x442a00,90E863095A5D
0x442a28,90E83B095A5D
0x442a48,90E81B095A5D
0x443ec6,90E8FD8D5D5D
0x443ed8,90E8EB8D5D5D
0x443ee3,90E8E08D5D5D
0x44432d,90E896895D5D
0x44433b,90E888895D5D
0x444348,90E87B895D5D
0x444372,90E851895D5D
0x44437d,90E846895D5D
0x44452b,90E898875D5D
0x444681,90E82F2C625D
0x44976c,90E8D9F2625D
0x4497cd,90E83CF3625D
0x449b58,90E817C5625D
0x44abb6,90E80D215D5D
0x44abd4,90E8EF205D5D
0x44acd1,90E8F21F5D5D
0x44e246,90E87DEA5C5D
0x44e80e,90E8B5E45C5D
0x44ed01,90E86246595D
0x44ed76,90E8445C5D5D
0x44edad,90E8B645595D
0x44ee81,90E842DE5C5D
0x44eed2,90E8F1DD5C5D
0x44ef43,90E880DD5C5D
0x44ef91,90E832DD5C5D
0x44efd4,90E8EFDC5C5D
0x44efe8,90E8DBDC5C5D
0x44f019,90E8AADC5C5D
0x44f031,90E892DC5C5D
0x44f17b,90E848DB5C5D
0x44f1bc,90E807DB5C5D
0x44f20c,90E85741595D
0x44f55d,90E866D75C5D
0x44f5a5,90E81ED75C5D
0x44f696,90E82DD65C5D
0x44f6a8,90E81BD65C5D
0x44f6b3,90E810D65C5D
0x44fd2f,90E88175615D
0x45201a,90E8A9AC5C5D
0x452032,90E891AC5C5D
0x45203d,90E886AC5C5D
0x452bde,90E8E5A05C5D
0x452bf9,90E8CAA05C5D
0x452c06,90E8BDA05C5D
0x452c9e,90E825A05C5D
0x452cab,90E818A05C5D
0x4531f1,90E87201595D
0x453263,90E80001595D
0x454680,90E843865C5D
0x454694,90E82F865C5D
0x45550a,90E8B9775C5D
0x45551e,90E8A5775C5D
0x45552b,90E898775C5D
0x4556e9,90E8DA755C5D
0x4556fa,90E8C9755C5D
0x4577f7,90E839265B5D
0x457ab0,90E800F8605D
0x4582fa,90E869B0585D
0x4584c4,90E89FAE585D
0x4585e8,90E87BAD585D
0x458606,90E85DAD585D
0x458b0d,90E8B6415C5D
0x458d4d,90E8763F5C5D
0x458d65,90E85E3F5C5D
0x458d72,90E8513F5C5D
0x458de1,90E8E23E5C5D
0x458dee,90E8D53E5C5D
0x459294,90E82F3A5C5D
0x459a3f,90E82CB0615D
0x459a4c,90E877B0615D
0x459b6f,90E8FCAE615D
0x459b7c,90E847AF615D
0x459c4e,90E81DAE615D
0x459c5b,90E868AE615D
0x459db7,90E88EEC615D
0x459ddf,90E890C2615D
0x459e21,90E824EC615D
0x459e43,90E802EC615D
0x459f3f,90E871D3605D
0x45aab6,90E80D225C5D
0x45aac8,90E8FB215C5D
0x45aad3,90E8F0215C5D
0x45abeb,90E8D8205C5D
0x45ac32,90E891205C5D
0x45acd2,90E8DEC5605D
0x45b912,90E8A8905C5D
0x45c096,90E8CD72585D
0x45cf40,90E883FD5B5D
0x45cf55,90E86EFD5B5D
0x45cf60,90E863FD5B5D
0x45d3a8,90E8BB5F585D
0x45d92d,90E896F35B5D
0x45d940,90E883F35B5D
0x45d952,90E871F35B5D
0x45da15,90E8AEF25B5D
0x45da2a,90E899F25B5D
0x45da35,90E88EF25B5D
0x45f60e,90E8B5D65B5D
0x45f623,90E8A0D65B5D
0x45f62e,90E895D65B5D
0x4606dc,90E8E7C55B5D
0x461810,90E8C485585D
0x46188c,90E8D71A585D
0x461ee3,90E8CD53605D
0x464fec,90E8BA54585D
0x466847,90E87C645B5D
0x46685b,90E868645B5D
0x4684cf,90E8F4475B5D
0x468aa4,90E81F425B5D
0x46966d,90E856365B5D
0x469f20,90E8A32D5B5D
0x46aa1a,90E8A9225B5D
0x46aa34,90E88F225B5D
0x46aaaa,90E819225B5D
0x46aac4,90E8FF215B5D
0x46ab38,90E88B215B5D
0x46ab52,90E871215B5D
0x46abd3,90E8F0205B5D
0x46ac71,90E852205B5D
0x46ae6d,90E8561E5B5D
0x46ae9c,90E8271E5B5D
0x46afaf,90E8141D5B5D
0x46b4d1,90E8F2175B5D
0x46b51e,90E8A5175B5D
0x46b52e,90E895175B5D
0x46b55f,90E864175B5D
0x46b5b4,90E80F175B5D
0x46dabf,90E804F25A5D
0x46dad1,90E8F2F15A5D
0x46dadc,90E8E7F15A5D
0x46dbd6,90E8EDF05A5D
0x46dbe8,90E8DBF05A5D
0x46dbf3,90E8D0F05A5D
0x46dcff,90E8C4EF5A5D
0x46dd11,90E8B2EF5A5D
0x46dd1c,90E8A7EF5A5D
0x46de1f,90E8A4EE5A5D
0x46de31,90E892EE5A5D
0x46de3c,90E887EE5A5D
0x46e020,90E823915F5D
0x46e1b4,90E8017D5F5D
0x472982,90E8C1475F5D
0x47298c,90E829355F5D
0x4729b4,90E88F475F5D
0x4729d3,90E870475F5D
0x472a16,90E82D475F5D
0x472a20,90E895345F5D
0x472a45,90E8FE465F5D
0x472a64,90E8DF465F5D
0x472a84,90E8BF465F5D
0x472a8e,90E827345F5D
0x472aac,90E897465F5D
0x472acb,90E878465F5D
0x472ae6,90E85D465F5D
0x472af0,90E8C5335F5D
0x472b0d,90E836465F5D
0x472b2c,90E817465F5D
0x473de1,90E862335F5D
0x473deb,90E8CA205F5D
0x473e21,90E822335F5D
0x473e2b,90E88A205F5D
0x473e46,90E8FD325F5D
0x473e65,90E8DE325F5D
0x473ecc,90E877325F5D
0x473eeb,90E858325F5D
0x474712,90E86E2B5F5D
0x474754,90E82C2B5F5D
0x4774a7,90E81C585A5D
0x4774b4,90E80F585A5D
0x4774d6,90E8ED575A5D
0x4774e3,90E8E0575A5D
0x477752,90E871555A5D
0x4777c5,90E8FE545A5D
0x4777d5,90E8EE545A5D
0x4777fc,90E8C7545A5D
0x477830,90E893545A5D
0x478a8a,90E8B9E65E5D
0x478a97,90E81ED45E5D
0x478abe,90E885E65E5D
0x478ad9,90E86AE65E5D
0x478afa,90E849E65E5D
0x478b07,90E8AED35E5D
0x478b22,90E821E65E5D
0x478b41,90E802E65E5D
0x478b5f,90E8E4E55E5D
0x478b6c,90E849D35E5D
0x478fef,90E854E15E5D
0x47900e,90E835E15E5D
0x479250,90E8F3DE5E5D
0x479aee,90E855D65E5D
0x479bbc,90E887D55E5D
0x479c54,90E8EFD45E5D
0x479d21,90E822D45E5D
0x479d65,90E8DED35E5D
0x479dba,90E889D35E5D
0x47bb68,90E8DBB55E5D
0x47bb72,90E843A35E5D
0x47bebd,90E886B25E5D
0x47bedc,90E867B25E5D
0x47c421,90E84C6A565D
0x47c439,90E80AAD5E5D
0x47c446,90E86F9A5E5D
0x47c54d,90E8F6AB5E5D
0x47c56f,90E8D4AB5E5D
0x47f3b8,90E8B76C5F5D
0x47f3d2,90E89D6C5F5D
0x47f4ef,90E8C17D5E5D
0x47f5c7,90E87C7B5E5D
0x47f5dd,90E8D8685E5D
0x47fcbf,90E8F1755E5D
0x480117,90E899715E5D
0x480881,90E88F26565D
0x48088c,90E82F18565D
0x480d3d,90E82A425A5D
0x4816b9,90E88A5A5E5D
0x4816c3,90E8F2475E5D
0x481724,90E81F5A5E5D
0x481740,90E8035A5E5D
0x481820,90E823595E5D
0x48182a,90E88B465E5D
0x481854,90E8EF585E5D
0x481870,90E8D3585E5D
0x481acc,90E8E4575E5D
0x481c05,90E8AB565E5D
0x481d7c,90E834555E5D
0x481eb2,90E8FE535E5D
0x4822bc,90E8F44F5E5D
0x48237d,90E8334F5E5D
0x4825db,90E8D54C5E5D
0x4826bb,90E8F54B5E5D
0x48276a,90E8D9495E5D
0x482774,90E841375E5D
0x48278f,90E8B4495E5D
0x4827ab,90E898495E5D
0x48285d,90E8534A5E5D
0x482bf4,90E8BC465E5D
0x482cec,90E8C4455E5D
0x486b65,90E8FEC7555D
0x4886e2,90E861EA5D5D
0x4886ec,90E8C9D75D5D
0x488707,90E83CEA5D5D
0x488726,90E81DEA5D5D
0x488c82,90E82EE65D5D
0x489c1e,90E84FD9555D
0x48a47f,90E831CE5D5D
0x48b7ad,90E81615595D
0x48bca7,90E81C10595D
0x48bcdd,90E8E60F595D
0x48c1f7,90E8CC0A595D
0x48c262,90E8610A595D
0x48c2cc,90E8F709595D
0x48c337,90E88C09595D
0x48c625,90E89E06595D
0x48c69e,90E8C988595D
0x48cf11,90E89FA35D5D
0x48dd86,90E82A955D5D
0x48df45,90E8FE915D5D
0x48df4f,90E8667F5D5D
0x48dfe2,90E861915D5D
0x48dffe,90E845915D5D
0x48e1f4,90E8C17C5D5D
0x48e204,90E8B17C5D5D
0x48e27f,90E8C48E5D5D
0x48e289,90E82C7C5D5D
0x48e2b4,90E88F8E5D5D
0x48e2be,90E8F77B5D5D
0x48e302,90E8418E5D5D
0x48e30c,90E8A97B5D5D
0x48e337,90E80C8E5D5D
0x48e341,90E8747B5D5D
0x48e36e,90E8D58D5D5D
0x48e378,90E83D7B5D5D
0x48e94d,90E876E3585D
0x48ecc5,90E8FEDF585D
0x48ed71,90E852DF585D
0x48ed8e,90E835DF585D
0x48eda2,90E821DF585D
0x48eea6,90E89F9B5E5D
0x48f3da,90E8E9D8585D
0x48f3ea,90E8D9D8585D
0x48f3fa,90E8C9D8585D
0x48f551,90E85F7D5D5D
0x48f697,90E8AC7A5D5D
0x48f6a1,90E814685D5D
0x48f701,90E8427A5D5D
0x48f70b,90E8AA675D5D
0x48f725,90E81E7A5D5D
0x48f744,90E8FF795D5D
0x48f7c9,90E87A795D5D
0x48f7e8,90E85B795D5D
0x490339,90E8776F5D5D
0x4908aa,90E819C4585D
0x4908c2,90E801C4585D
0x4908f4,90E8CFC3585D
0x49090c,90E8B7C3585D
0x49093d,90E886C3585D
0x490951,90E872C3585D
0x490f44,90E87FBD585D
0x490f72,90E851BD585D
0x490ff4,90E8CFBC585D
0x49101b,90E8A8BC585D
0x49102b,90E898BC585D
0x491050,90E873BC585D
0x491070,90E8AF59555D
0x491092,90E831BC585D
0x49117f,90E844BB585D
0x49118d,90E836BB585D
0x4911bc,90E807BB585D
0x4911d2,90E8F1BA585D
0x491264,90E85FBA585D
0x49128a,90E839BA585D
0x49129d,90E826BA585D
0x49150a,90E8B9B7585D
0x491518,90E8ABB7585D
0x49153f,90E884B7585D
0x49154f,90E874B7585D
0x4915c3,90E800B7585D
0x4915e5,90E8DEB6585D
0x491602,90E8C1B6585D
0x491619,90E8AAB6585D
0x491626,90E89DB6585D
0x491674,90E84FB6585D
0x491684,90E83FB6585D
0x4916c5,90E8FEB5585D
0x491908,90E83B585D5D
0x4919cb,90E8EA445D5D
0x4919da,90E869575D5D
0x491a8d,90E828445D5D
0x491bb4,90E80FB1585D
0x491bc6,90E8FDB0585D
0x491bd1,90E8F2B0585D
0x491f94,90E82FAD585D
0x491fa2,90E821AD585D
0x491fad,90E816AD585D
0x492034,90E88FAC585D
0x49204a,90E879AC585D
0x492055,90E86EAC585D
0x49228a,90E839AA585D
0x49229e,90E825AA585D
0x4922d8,90E8EBA9585D
0x4922ec,90E8D7A9585D
0x492314,90E8AFA9585D
0x49231f,90E8A4A9585D
0x4923ea,90E8D9A8585D
0x49254b,90E878A7585D
0x492597,90E82CA7585D
0x49281f,90E8A4A4585D
0x492866,90E85DA4585D
0x492923,90E8A0A3585D
0x492c96,90E82DA0585D
0x49327d,90E8469A585D
0x493966,90E8FDF9545D
0x494eed,90E8D67D585D
0x494f27,90E89C7D585D
0x494f4a,90E8797D585D
0x494fc8,90E8FB7C585D
0x494fe0,90E8E37C585D
0x494ff1,90E8D27C585D
0x495015,90E8AE7C585D
0x495026,90E89D7C585D
0x4950e6,90E8DD7B585D
0x4951d0,90E8F37A585D
0x4951fc,90E8C77A585D
0x4953b1,90E81279585D
0x4954d4,90E8DC1D5D5D
0x496560,90E86367585D
0x496592,90E83167585D
0x496629,90E89A66585D
0x49665b,90E86866585D
0x4966f2,90E8D165585D
0x496724,90E89F65585D
0x496fbb,90E8085D585D
0x497433,90E89058585D
0x497881,90E84254585D
0x497930,90E89353585D
0x497944,90E87F53585D
0x497a23,90E88DF85C5D
0x498401,90E8C248585D
0x498587,90E83C47585D
0x498726,90E855D75C5D
0x498739,90E842D75C5D
0x498776,90E83AEB5C5D
0x498799,90E817EB5C5D
0x4988f3,90E8C2D55C5D
0x498904,90E8B1D55C5D
0x498df7,90E8A6E75C5D
0x498e07,90E896E75C5D
0x4990f7,90E8A6E45C5D
0x499948,90E868D95C5D
0x499b3f,90E88431585D
0x499b51,90E87231585D
0x499b5c,90E86731585D
0x499c17,90E869D65C5D
0x499d41,90E86FD55C5D
0x499e5a,90E85BC05C5D
0x49a080,90E8C3D05C5D
0x49a08a,90E82BBE5C5D
0x49a0a4,90E89FD05C5D
0x49a0c0,90E883D05C5D
0x49a425,90E89E28585D
0x49a465,90E85E28585D
0x49a697,90E8ACCA5C5D
0x49a6a1,90E814B85C5D
0x49a7b1,90E892C95C5D
0x49a7d0,90E873C95C5D
0x49a91c,90E827C85C5D
0x49a926,90E88FB55C5D
0x49aa03,90E840C75C5D
0x49aa22,90E821C75C5D
0x49b386,90E8BDBD5C5D
0x49b3d5,90E8EE18585D
0x49b4a8,90E808BE5C5D
0x49b6ad,90E81616585D
0x49b6bd,90E80616585D
0x49b6cc,90E8F715585D
0x49b732,90E89115585D
0x49b746,90E87D15585D
0x49b755,90E86E15585D
0x49b8bf,90E80414585D
0x49b8dc,90E867B85C5D
0x49b965,90E850A55C5D
0x49b973,90E85013585D
0x49b984,90E83F13585D
0x49b9ba,90E80913585D
0x49b9c9,90E8FA12585D
0x49ba6f,90E8D4B65C5D
0x49baa4,90E811A45C5D
0x49babf,90E80412585D
0x49bad8,90E86BB65C5D
0x49baee,90E855B65C5D
0x49bb81,90E834A35C5D
0x49bb96,90E81FA35C5D
0x49bba4,90E81F11585D
0x49bbb5,90E80E11585D
0x49bc10,90E8B310585D
0x49bc1d,90E8A610585D
0x49bcbf,90E8F6A15C5D
0x49bd1e,90E8A50F585D
0x49bd2e,90E8950F585D
0x49bd3f,90E8840F585D
0x49be1c,90E8A70E585D
0x49be6b,90E8580E585D
0x49be7a,90E8490E585D
0x49bef6,90E8CD0D585D
0x49bf0c,90E8B70D585D
0x49bf17,90E8AC0D585D
0x49c0c2,90E8010C585D
0x49c395,90E82E09585D
0x49c3ab,90E81809585D
0x49c3b6,90E80D09585D
0x49cbbf,90E80401585D
0x49cdda,90E8D532555D
0x49d0e1,90E8CFA15C5D
0x49d26b,90E8025C545D
0x49d29b,90E828FA575D
0x49d2b3,90E810FA575D
0x49f589,90E85275545D
0x49f984,90E8E97B545D
0x49f9f7,90E8CCD2575D
0x49fe84,90E8E976545D
0x4a04a5,90E8CF5E535D
0x4a061c,90E8585D535D
0x4a0d41,90E882BF575D
0x4a0ffd,90E87065545D
0x4a1078,90E84BBC575D
0x4a108d,90E82D39585D
0x4a1101,90E8C2BB575D
0x4a1133,90E890BB575D
0x4a11a2,90E821BB575D
0x4a1211,90E8B2BA575D
0x4a1243,90E880BA575D
0x4a1e17,90E899545C5D
0x4a5581,90E84277575D
0x4a9a96,90E82D32575D
0x4a9aa6,90E81D32575D
0x4a9af4,90E86F98535D
0x4a9b9b,90E82831575D
0x4a9c04,90E85F97535D
0x4ac6a7,90E809AC5B5D
0x4ac830,90E813A95B5D
0x4ac83a,90E87B965B5D
0x4ac90f,90E834A85B5D
0x4ac92b,90E818A85B5D
0x4ad120,90E890A15B5D
0x4aeecb,90E8F8DD565D
0x4aef91,90E832DD565D
0x4aefc0,90E803DD565D
0x4aefcb,90E8F8DC565D
0x4af101,90E8C2DB565D
0x4af115,90E8AEDB565D
0x4af122,90E8A1DB565D
0x4af5dd,90E8E6D6565D
0x4af61b,90E8A8D6565D
0x4afc2a,90E899D0565D
0x4afc46,90E87DD0565D
0x4afc57,90E86CD0565D
0x4afed8,90E8D8735B5D
0x4b0308,90E83B6E5B5D
0x4b0377,90E8CC6D5B5D
0x4b0997,90E819695B5D
0x4b10fe,90E8B2615B5D
0x4b134d,90E8F65D5B5D
0x4b1357,90E85E4B5B5D
0x4b1382,90E8C15D5B5D
0x4b139e,90E8A55D5B5D
0x4b149b,90E828B8565D
0x4b14cb,90E8F8B7565D
0x4b161b,90E8A8B6565D
0x4b17de,90E8E5B4565D
0x4b1818,90E8ABB4565D
0x4b1b0e,90E835565B5D
0x4b1b1b,90E89A435B5D
0x4b1be7,90E8DCB0565D
0x4b1c3a,90E809555B5D
0x4b211d,90E826505B5D
0x4b212a,90E88B3D5B5D
0x4b21b1,90E8924F5B5D
0x4b21d3,90E8704F5B5D
0x4b24cb,90E8784C5B5D
0x4b259f,90E8A44B5B5D
0x4b25be,90E8854B5B5D
0x4b2726,90E89DA5565D
0x4b27fb,90E8C8A4565D
0x4b282f,90E894A4565D
0x4b2dd1,90E8F29E565D
0x4b2e16,90E8AD9E565D
0x4b2e4f,90E8749E565D
0x4b2ed1,90E8F29D565D
0x4b2f43,90E8809D565D
0x4b2f6c,90E8579D565D
0x4b2ffb,90E8C89C565D
0x4b3185,90E83E9B565D
0x4b34a1,90E82298565D
0x4b3a9c,90E8A7365B5D
0x4b3aa5,90E810245B5D
0x4b3e9f,90E811345B5D
0x4b40f0,90E8C0315B5D
0x4b44a4,90E81F88565D
0x4b44b6,90E80D88565D
0x4b44c1,90E80288565D
0x4b4726,90E89D85565D
0x4b48ea,90E8D983565D
0x4b499a,90E82983565D
0x4b5335,90E88E79565D
0x4b5429,90E89A78565D
0x4b55b1,90E81277565D
0x4b5869,90E85A74565D
0x4b5894,90E82F74565D
0x4b58f9,90E8CA73565D
0x4b59fd,90E8C672565D
0x4b5b06,90E8BD71565D
0x4b5b1d,90E8A671565D
0x4b5b43,90E88071565D
0x4b5bd1,90E8F270565D
0x4b5c19,90E8AA70565D
0x4b5c50,90E87370565D
0x4b5ce5,90E8DE6F565D
0x4b5da3,90E8206F565D
0x4b5db3,90E8106F565D
0x4b7563,90E8E0FB5A5D
0x4b7a8f,90E83452565D
0x4b7bbc,90E887F55A5D
0x4b7d41,90E8824F565D
0x4b7d59,90E86A4F565D
0x4b7d68,90E85B4F565D
0x4ba16b,90E8B9D0525D
0x4baf17,90E88FF5525D
0x4bb885,90E821EC525D
0x4bb947,90E87C13565D
0x4bbed4,90E8DCB35A5D
0x4bc75a,90E8E9A95A5D
0x4bd0f8,90E84BA05A5D
0x4be65f,90E8518C5A5D
0x4be8c6,90E8FDE3555D
0x4be8d8,90E8EBE3555D
0x4be8e3,90E8E0E3555D
0x4c0fe9,90E8DABC555D
0x4c13d3,90E8DD5E5A5D
0x4c162f,90E8145B5A5D
0x4c1639,90E87C485A5D
0x4c1654,90E8EF5A5A5D
0x4c1670,90E8D35A5A5D
0x4c1d70,90E853AF555D
0x4c1e1a,90E8A9AE555D
0x4c2f77,90E84C9D555D
0x4c31fa,90E8C99A555D
0x4c3212,90E8B19A555D
0x4c321f,90E8A49A555D
0x4c3446,90E87D98555D
0x4c3458,90E86B98555D
0x4c3463,90E86098555D
0x4c34f0,90E8C03D5A5D
0x4c426a,90E8598A555D
0x4c42f7,90E8CC89555D
0x4c43b0,90E81389555D
0x4c4bd8,90E8EB80555D
0x4c4bf9,90E8CA80555D
0x4c4c12,90E8B180555D
0x4c4c26,90E89D80555D
0x4c4c33,90E89080555D
0x4c4c98,90E82B80555D
0x4c4ca5,90E81E80555D
0x4c4cbe,90E80580555D
0x4c4ccb,90E8F87F555D
0x4c4ce3,90E8E07F555D
0x4c4d43,90E8807F555D
0x4c4d50,90E8737F555D
0x4c4d69,90E85A7F555D
0x4c4d76,90E84D7F555D
0x4c4d8e,90E8357F555D
0x4c6d56,90E8ED035A5D
0x4c6f33,90E8905D555D
0x4c7144,90E8FFFF595D
0x4c71a8,90E81B5B555D
0x4c71b6,90E80D5B555D
0x4c71c1,90E8025B555D
0x4c722a,90E8995A555D
0x4c73fd,90E8C658555D
0x4c742f,90E89458555D
0x4c78cf,90E894BA515D
0x4c7ae3,90E880B8515D
0x4c8c51,90E85518525D
0x4c8c83,90E8E0A6515D
0x4c9909,90E89D0B525D
0x4c9b23,90E8A031555D
0x4c9bc3,90E80031555D
0x4c9d05,90E8BE2F555D
0x4cb27d,90E8461A555D
0x4cb2c7,90E8FC19555D
0x4cb2df,90E8E419555D
0x4cb30b,90E8B819555D
0x4cb49c,90E80AF0515D
0x4cb5c3,90E80017555D
0x4cb60b,90E8B816555D
0x4cb643,90E88016555D
0x4cbbe3,90E8E010555D
0x4cbc34,90E88F10555D
0x4cbf47,90E87C0D555D
0x4cbfba,90E8ECE4515D
0x4cc953,90E87003555D
0x4cc9a2,90E82103555D
0x4cc9d3,90E8F002555D
0x4cc9ea,90E8D902555D
0x4cca16,90E8AD02555D
0x4cca64,90E85F02555D
0x4ccab3,90E81002555D
0x4ccbcf,90E8F400555D
0x4cccb1,90E81200555D
0x4ccd61,90E862FF545D
0x4cce0d,90E8B6FE545D
0x4cceb1,90E812FE545D
0x4ccf81,90E842FD545D
0x4ccfb7,90E80CFD545D
0x4cd155,90E86EFB545D
0x4cd468,90E85BF8545D
0x4cd4b3,90E810F8545D
0x4cd4cf,90E8F4F7545D
0x4cd757,90E80C5C515D
0x4cdac5,90E8FEF1545D
0x4cdaff,90E8C4F1545D
0x4cdb13,90E8B0F1545D
0x4cdc6f,90E8F456515D
0x4ce56b,90E8F84D515D
0x4ce765,90E8FE4B515D
0x4cecff,90E8B185595D
0x4cede7,90E85C83595D
0x4cedfd,90E8B870595D
0x4cf342,90E86E7F595D
0x4cfd3b,90E80874595D
0x4cfead,90E80860595D
0x4d1117,90E89961595D
0x4d1c19,90E84E33555D
0x4d1f7f,90E8E82F555D
0x4d22b5,90E8B22C555D
0x4d250d,90E8A34D595D
0x4d363d,90E8063B595D
0x4d3809,90E83A39595D
0x4d3ac9,90E87A36595D
0x4d3c78,90E8CB34595D
0x4d3df4,90E84F33595D
0x4d4027,90E81C31595D
0x4d410e,90E83530595D
0x4d4337,90E80C2E595D
0x4d44a7,90E89C2C595D
0x4d46d1,90E8722A595D
0x4d4844,90E8FF28595D
0x4d4a87,90E8BC26595D
0x4d5646,90E86A1C595D
0x4d7064,90E8DF00595D
0x4d7282,90E833EC585D
0x4d7412,90E831FD585D
0x4d7585,90E8BEFB585D
0x4d7dc2,90E881F3585D
0x4d7f9f,90E8A4F1585D
0x4d82e1,90E862EE585D
0x4d84cd,90E876EC585D
0x4d8f6d,90E843E3585D
0x4d9c6c,90E844D6585D
0x4dabf5,90E84EC5585D
0x4dd62d,90E8169B585D
0x4dd7a0,90E8A399585D
0x4dde2b,90E81893585D
0x4ddfc5,90E87E91585D
0x4de639,90E80A8B585D
0x4de888,90E8BB88585D
0x4df4b2,90E8917C585D
0x4e1724,90E81F5A585D
0x4e1805,90E83E59585D
0x4e18e6,90E85D58585D
0x4e1963,90E8E057585D
0x4e1fcc,90E87751585D
0x4e2079,90E8CA50585D
0x4e2126,90E81D50585D
0x4e21d3,90E8704F585D
0x4e2b82,90E82E47585D
0x4e314b,90E8302D585D
0x4e3166,90E84A41585D
0x4e3193,90E9222D585D
0x4e31ee,90E87E2A585D
0x4e3212,90E8313F585D
0x4e3225,90E84F43585D
0x4e3243,90E83D40585D
0x4e3256,90E85F2C585D
0x4e331f,90E8913F585D
0x4e3a5d,90E86692535D
0x4e3a71,90E85292535D
0x4e3a80,90E84392535D
0x4e3bc0,90E8F522585D
0x4e3c4d,90E87690535D
0x4e3c65,90E85E90535D
0x4e3c74,90E84F90535D
0x4e3cd9,90E8DC21585D
0x4e3dec,90E89434585D
0x4e3e40,90E87520585D
0x4e4b25,90E8984C595D
0x4e4cf1,90E88F25585D
0x4e4d56,90E85F11585D
0x4e4e36,90E88D7E535D
0x4e4e48,90E83824585D
0x4e4f1a,90E89B0F585D
0x4e4fd8,90E8EB7C535D
0x4e4fea,90E89622585D
0x4e50b4,90E8010E585D
0x4e5275,90E84E7A535D
0x4e5287,90E83C7A535D
0x4e5292,90E8317A535D
0x4e5337,90E80C1E585D
0x4e534d,90E88B1F585D
0x4e535f,90E8E41D585D
0x4e5487,90E81621585D
0x4e549c,90E8190A585D
0x4e54b1,90E8040A585D
0x4e54e2,90E8611C585D
0x4e54f8,90E8E01D585D
0x4e550a,90E8CE1D585D
0x4e551c,90E88120585D
0x4e552e,90E8AA1D585D
0x4e5540,90E8031C585D
0x4e5668,90E8351F585D
0x4e567d,90E83808585D
0x4e5692,90E82308585D
0x4e56c3,90E8801A585D
0x4e56d9,90E8FF1B585D
0x4e56eb,90E8581A585D
0x4e5813,90E88A1D585D
0x4e5a3c,90E87904585D
0x4e5a51,90E86404585D
0x4e5a85,90E8BE16585D
0x4e5a9b,90E83D18585D
0x4e5aad,90E89616585D
0x4e5be2,90E8BB19585D
0x4e5bf7,90E8BE02585D
0x4e5c0b,90E8AA02585D
0x4e5ca3,90E8D801585D
0x4e5d53,90E84A18585D
0x4e5dc4,90E8FF6E535D
0x4e5ddc,90E8E76E535D
0x4e5deb,90E8D86E535D
0x4e5e59,90E85C00585D
0x4e5ffe,90E84511585D
0x4e6017,90E82C11585D
0x4e6030,90E81311585D
0x4e6049,90E8FA10585D
0x4e6062,90E8E110585D
0x4e60dd,90E86610585D
0x4e6108,90E8ADFD575D
0x4e6117,90E82C10585D
0x4e6142,90E873FD575D
0x4e6151,90E8F20F585D
0x4e617c,90E839FD575D
0x4e618b,90E8B80F585D
0x4e61b6,90E8FFFC575D
0x4e61c5,90E87E0F585D
0x4e61f0,90E8C5FC575D
0x4e61ff,90E8440F585D
0x4e622a,90E88BFC575D
0x4e6239,90E80A0F585D
0x4e6264,90E851FC575D
0x4e630d,90E8360E585D
0x4e6339,90E87CFB575D
0x4e6348,90E8FB0D585D
0x4e6374,90E841FB575D
0x4e6383,90E8C00D585D
0x4e63af,90E806FB575D
0x4e63be,90E8850D585D
0x4e63ea,90E8CBFA575D
0x4e63f9,90E84A0D585D
0x4e6425,90E890FA575D
0x4e6434,90E80F0D585D
0x4e6460,90E855FA575D
0x4e646f,90E8D40C585D
0x4e649b,90E81AFA575D
0x4e64aa,90E8990C585D
0x4e64d6,90E8DFF9575D
0x4e64e5,90E85E0C585D
0x4e6511,90E8A4F9575D
0x4e6656,90E8ED0A585D
0x4e6682,90E833F8575D
0x4e6691,90E8B20A585D
0x4e66bd,90E8F8F7575D
0x4e66cc,90E8770A585D
0x4e66f8,90E8BDF7575D
0x4e6707,90E83C0A585D
0x4e6733,90E882F7575D
0x4e6742,90E8010A585D
0x4e676e,90E847F7575D
0x4e677d,90E8C609585D
0x4e67a9,90E80CF7575D
0x4e67b8,90E88B09585D
0x4e67e4,90E8D1F6575D
0x4e67f3,90E85009585D
0x4e681f,90E896F6575D
0x4e682e,90E81509585D
0x4e685a,90E85BF6575D
0x4e69bb,90E88807585D
0x4e69e7,90E8CEF4575D
0x4e69f6,90E84D07585D
0x4e6a22,90E893F4575D
0x4e6a31,90E81207585D
0x4e6a5d,90E858F4575D
0x4e6a6c,90E8D706585D
0x4e6a98,90E81DF4575D
0x4e6bef,90E85405585D
0x4e6c1b,90E89AF2575D
0x4e6c2a,90E81905585D
0x4e6c56,90E85FF2575D
0x4e6c65,90E8DE04585D
0x4e6c91,90E824F2575D
0x4e6e09,90E83A03585D
0x4e6e35,90E880F0575D
0x4e6e47,90E8FC02585D
0x4e6e79,90E83CF0575D
0x4e6e8b,90E8B802585D
0x4e6ebd,90E8F8EF575D
0x4e6ecf,90E87402585D
0x4e6f01,90E8B4EF575D
0x4e6f13,90E83002585D
0x4e6f45,90E870EF575D
0x4e6f57,90E8EC01585D
0x4e6f89,90E82CEF575D
0x4e70f7,90E84C00585D
0x4e7129,90E88CED575D
0x4e713b,90E80800585D
0x4e716d,90E848ED575D
0x4e717f,90E8C4FF575D
0x4e71b1,90E804ED575D
0x4e71c3,90E880FF575D
0x4e71f5,90E8C0EC575D
0x4e7207,90E83CFF575D
0x4e7239,90E87CEC575D
0x4e724b,90E8F8FE575D
0x4e727d,90E838EC575D
0x4e728f,90E8B4FE575D
0x4e72c1,90E8F4EB575D
0x4e72d3,90E870FE575D
0x4e7305,90E8B0EB575D
0x4e7317,90E82CFE575D
0x4e7349,90E86CEB575D
0x4e735b,90E8E8FD575D
0x4e738d,90E828EB575D
0x4e739f,90E8A4FD575D
0x4e73d1,90E8E4EA575D
0x4e73e3,90E860FD575D
0x4e7415,90E8A0EA575D
0x4e7427,90E81CFD575D
0x4e7459,90E85CEA575D
0x4e746b,90E8D8FC575D
0x4e749d,90E818EA575D
0x4e74af,90E894FC575D
0x4e74e1,90E8D4E9575D
0x4e74f3,90E850FC575D
0x4e7525,90E890E9575D
0x4e77a9,90E89AF9575D
0x4e77db,90E8DAE6575D
0x4e77ed,90E856F9575D
0x4e781f,90E896E6575D
0x4e7831,90E812F9575D
0x4e7863,90E852E6575D
0x4e7875,90E8CEF8575D
0x4e78a7,90E80EE6575D
0x4e78b9,90E88AF8575D
0x4e78eb,90E8CAE5575D
0x4e78fd,90E846F8575D
0x4e792f,90E886E5575D
0x4e793e,90E805F8575D
0x4e796a,90E84BE5575D
0x4e797c,90E8C7F7575D
0x4e79ae,90E807E5575D
0x4e79bd,90E886F7575D
0x4e79e9,90E8CCE4575D
0x4e79f8,90E84BF7575D
0x4e7a24,90E891E4575D
0x4e7a36,90E80DF7575D
0x4e7a68,90E84DE4575D
0x4e7a7a,90E8C9F6575D
0x4e7aac,90E809E4575D
0x4e7abe,90E885F6575D
0x4e7af0,90E8C5E3575D
0x4e7b02,90E841F6575D
0x4e7b34,90E881E3575D
0x4e7b46,90E8FDF5575D
0x4e7b78,90E83DE3575D
0x4e7b8a,90E8B9F5575D
0x4e7bbc,90E8F9E2575D
0x4e7d08,90E83BF4575D
0x4e7d3a,90E87BE1575D
0x4e7d4c,90E8F7F3575D
0x4e7d7e,90E837E1575D
0x4e7d90,90E8B3F3575D
0x4e7dc2,90E8F3E0575D
0x4e7dd4,90E86FF3575D
0x4e7e06,90E8AFE0575D
0x4e7e18,90E82BF3575D
0x4e7e4a,90E86BE0575D
0x4e7e5c,90E8E7F2575D
0x4e7e8e,90E827E0575D
0x4e7ea0,90E8A3F2575D
0x4e7ed2,90E8E3DF575D
0x4e7ee4,90E85FF2575D
0x4e7f16,90E89FDF575D
0x4e7f28,90E81BF2575D
0x4e7f5a,90E85BDF575D
0x4e7f6c,90E8D7F1575D
0x4e7f9e,90E817DF575D
0x4e7fb0,90E893F1575D
0x4e7fe2,90E8D3DE575D
0x4e7ff4,90E84FF1575D
0x4e8026,90E88FDE575D
0x4e82cb,90E878EE575D
0x4e82fe,90E8B7DB575D
0x4e8311,90E80CD1575D
0x4e8328,90E81BEE575D
0x4e8357,90E85EDB575D
0x4e8370,90E837DD4E5D
0x4e8395,90E888D0575D
0x4e83b0,90E893ED575D
0x4e83e6,90E8CFDA575D
0x4e83ff,90E8A8DC4E5D
0x4e8413,90E830ED575D
0x4e8444,90E859F1575D
0x4e8456,90E85FDA575D
0x4e8468,90E84DDA575D
0x4e847f,90E8C0CE575D
0x4e84be,90E85FCF575D
0x4e84d6,90E86DEC575D
0x4e8506,90E8AFD9575D
0x4e8523,90E81CCE575D
0x4e8563,90E8BACE575D
0x4e857b,90E8C8EB575D
0x4e85ab,90E80AD9575D
0x4e85c8,90E877CD575D
0x4e8608,90E815CE575D
0x4e8620,90E823EB575D
0x4e8650,90E865D8575D
0x4e866d,90E8D2CC575D
0x4e868e,90E8F2EB575D
0x4e86af,90E86ECD575D
0x4e86c7,90E87CEA575D
0x4e86f7,90E8BED7575D
0x4e8710,90E897D94E5D
0x4e8727,90E81CEA575D
0x4e875b,90E842EE575D
0x4e876d,90E848D7575D
0x4e8782,90E833D7575D
0x4e8799,90E8A6CB575D
0x4e87d5,90E848CC575D
0x4e87ed,90E856E9575D
0x4e881d,90E898D6575D
0x4e8836,90E871D84E5D
0x4e88b0,90E86DCB575D
0x4e88c4,90E87FE8575D
0x4e88f4,90E8C1D5575D
0x4e890d,90E89AD74E5D
0x4e8947,90E8D6CA575D
0x4e895b,90E8E8E7575D
0x4e898b,90E82AD5575D
0x4e89a4,90E803D74E5D
0x4e89de,90E83FCA575D
0x4e89f6,90E84DE7575D
0x4e8a26,90E88FD4575D
0x4e8a3d,90E802C9575D
0x4e8a82,90E89BC9575D
0x4e8a9a,90E8A9E6575D
0x4e8aca,90E8EBD3575D
0x4e8ae7,90E858C8575D
0x4e8b2c,90E8F1C8575D
0x4e8b44,90E8FFE5575D
0x4e8b74,90E841D3575D
0x4e8b8d,90E8E447505D
0x4e8bcd,90E850C8575D
0x4e8be5,90E85EE5575D
0x4e8c15,90E8A0D2575D
0x4e8c2e,90E84347505D
0x4e8c6e,90E8AFC7575D
0x4e8c86,90E8BDE4575D
0x4e8cb6,90E8FFD1575D
0x4e8cd3,90E86CC6575D
0x4e8d15,90E808C7575D
0x4e8d2d,90E816E4575D
0x4e8d5d,90E858D1575D
0x4e8d7a,90E8C5C5575D
0x4e8dd0,90E84DC6575D
0x4e8de8,90E85BE3575D
0x4e8e18,90E89DD0575D
0x4e8e35,90E80AC5575D
0x4e8e90,90E88DC5575D
0x4e8ea8,90E89BE2575D
0x4e8ed8,90E8DDCF575D
0x4e8ef5,90E84AC4575D
0x4e8f50,90E8CDC4575D
0x4e8f68,90E8DBE1575D
0x4e8f98,90E81DCF575D
0x4e8fb5,90E88AC3575D
0x4e9010,90E80DC4575D
0x4e9028,90E81BE1575D
0x4e905b,90E85ACE575D
0x4e9077,90E8C8C2575D
0x4e90e7,90E8CECD575D
0x4e90fb,90E8BACD575D
0x4e9113,90E8A2CD575D
0x4e9256,90E8EDDE575D
0x4e9289,90E82CCC575D
0x4e929c,90E881C1575D
0x4e92b2,90E891DE575D
0x4e92db,90E8DACB575D
0x4e92f4,90E87D40505D
0x4e9329,90E8F4C0575D
0x4e933c,90E807DE575D
0x4e936c,90E849CB575D
0x4e9385,90E8EC3F505D
0x4e93a3,90E87AC0575D
0x4e93b6,90E88DDD575D
0x4e93e6,90E8CFCA575D
0x4e93ff,90E8723F505D
0x4e941d,90E800C0575D
0x4e9430,90E813DD575D
0x4e9460,90E855CA575D
0x4e9479,90E8F83E505D
0x4e9497,90E886BF575D
0x4e94aa,90E899DC575D
0x4e94da,90E8DBC9575D
0x4e94f3,90E87E3E505D
0x4e9511,90E80CBF575D
0x4e9528,90E81BDC575D
0x4e955b,90E85AC9575D
0x4e957a,90E8F73D505D
0x4e95ab,90E80AC9575D
0x4e95bf,90E8F6C8575D
0x4e95d3,90E8E2C8575D
0x4ea1f4,90E887BC575D
0x4ea2f7,90E8BEBB575D
0x4eaa67,90E8DCC6575D
0x4eaabd,90E886C6575D
0x4ec887,90E8BEC1585D
0x4ec8a5,90E88CC2585D
0x4ec934,90E8D5C1585D
0x4ec94b,90E8E6C1585D
0x4ec9d4,90E835C1585D
0x4ec9eb,90E846C1585D
0x4eca74,90E895C0585D
0x4eca8b,90E8A6C0585D
0x4ecb2f,90E84095585D
0x4eebe7,90E8DCE0525D
0x4eed2b,90E898DF525D
0x4eed3b,90E888DF525D
0x4eed46,90E87DDF525D
0x4eedf2,90E8D1DE525D
0x4eee55,90E86EDE525D
0x4ef08e,90E835DC525D
0x4ef0a4,90E81FDC525D
0x4ef0af,90E814DC525D
0x4ef1b8,90E80BDB525D
0x4ef1c8,90E8FBDA525D
0x4ef1d3,90E8F0DA525D
0x4ef27c,90E847DA525D
0x4ef292,90E831DA525D
0x4ef29d,90E826DA525D
0x4ef388,90E83BD9525D
0x4ef396,90E82DD9525D
0x4ef3a1,90E822D9525D
0x4ef40b,90E8B8D8525D
0x4ef419,90E8AAD8525D
0x4ef424,90E89FD8525D
0x4ef48a,90E839D8525D
0x4ef633,90E87D7C575D
0x4efe3c,90E80773575D
0x4efe99,90E8AA72575D
0x4f0028,90E81B71575D
0x4f008d,90E8B670575D
0x4f00f2,90E85170575D
0x4f0157,90E8EC6F575D
0x4f01a1,90E8A26F575D
0x4f01f2,90E8C35C575D
0x4f0424,90E81F6D575D
0x4f0483,90E8C06C575D
0x4f0614,90E82F6B575D
0x4f067b,90E8C86A575D
0x4f06e2,90E8616A575D
0x4f0749,90E8FA69575D
0x4f0792,90E8B169575D
0x4f07e3,90E8D256575D
0x4f09c3,90E88067575D
0x4f0a04,90E8B154575D
0x4f2b8e,90E82247575D
0x4f2f14,90E82F42575D
0x4f43ba,90E8892D575D
0x4f4419,90E82A2D575D
0x4f45b9,90E88A2B575D
0x4f4620,90E8232B575D
0x4f4687,90E8BC2A575D
0x4f46ee,90E8552A575D
0x4f473d,90E8062A575D
0x4f478f,90E82617575D
0x4f4849,90E8FA28575D
0x4f489e,90E81716575D
0x4f6192,90E81E11575D
0x4f64f0,90E8530C575D
0x4f6535,90E880F9565D
0x4f6f4b,90E8785D525D
0x4f6f6b,90E8585D525D
0x4f6f7c,90E8475D525D
0x4f7146,90E87D5B525D
0x4f715e,90E8655B525D
0x4f716f,90E8545B525D
0x4f85f8,90E84BEB565D
0x4f863d,90E878D8565D
0x4f86dc,90E8CA1D4F5D
0x4f919f,90E8A4DF565D
0x4f91eb,90E8CACC565D
0x4f9920,90E823D8565D
0x4f997a,90E83BC5565D
0x4fad84,90E83F1F525D
0x4fed91,90E8B283565D
0x4ff35e,90E8E57D565D
0x4ff3a3,90E8126B565D
0x4ff57c,90E847D7515D
0x4ff58c,90E837D7515D
0x4ff59b,90E828D7515D
0x4ff745,90E80E69575D
0x4ff865,90E80A68575D
0x501bd9,90E894594E5D
0x501fcc,90E8F7AC515D
0x501fd9,90E8EAAC515D
0x502dae,90E80245565D
0x502e23,90E88D44565D
0x502e6b,90E83247565D
0x502ec3,90E8825B575D
0x502f2c,90E88443565D
0x502f96,90E8AD41565D
0x502fdb,90E89430575D
0x503058,90E8232E565D
0x503069,90E8122E565D
0x503077,90E8042E565D
0x503085,90E8F62D565D
0x5030d0,90E8E52D565D
0x5030de,90E8D72D565D
0x5030ec,90E8C92D565D
0x5030fd,90E8B82D565D
0x503932,90E831FA4D5D
0x5042ec,90E8D789515D
0x5042f7,90E8CC89515D
0x504345,90E87E89515D
0x50435b,90E86889515D
0x50436b,90E85889515D
0x504396,90E82D89515D
0x5043ac,90E81789515D
0x5043bc,90E80789515D
0x5043f2,90E8D188515D
0x5044c0,90E8EE64505D
0x5044e9,90E8C564505D
0x5044fc,90E8B264505D
0x504507,90E87A334E5D
0x504588,90E83B87515D
0x504640,90E86E63505D
0x504669,90E84563505D
0x50467c,90E83263505D
0x504687,90E8FA314E5D
0x504712,90E8B185515D
0x504726,90E89D85515D
0x504e03,90E8C07E515D
0x5059e0,90E8E372515D
0x5059ed,90E8D672515D
0x506d6c,90E89D1D575D
0x50720e,90E8A200565D
0x507f6f,90E8651E4E5D
0x507fe5,90E87EB34D5D
0x508dae,90E8153F515D
0x508fa6,90E81D3D515D
0x508fb7,90E8EF144E5D
0x509c23,90E840974D5D
0x509f2a,90E8992D515D
0x509f6e,90E8552D515D
0x509f7d,90E8462D515D
0x50a614,90E84F8D4D5D
0x50a6f5,90E86E8C4D5D
0x50c9e2,90E881694D5D
0x50ca2e,90E835694D5D
0x50e192,90E8D1514D5D
0x50e88d,90E836E4505D
0x50e8d7,90E8ECE3505D
0x50ebea,90E8D9E0505D
0x50ebfa,90E8C9E0505D
0x50ecc5,90E8FEDF505D
0x50ece0,90E8E3DF505D
0x50eced,90E8D6DF505D
0x50f1ed,90E887714C5D
0x50f557,90E81D6E4C5D
0x50f58f,90E8D43D4D5D
0x50f622,90E8413D4D5D
0x50f73b,90E888D5505D
0x50f748,90E87BD5505D
0x5100f0,90E8D3CB505D
0x510101,90E8C2CB505D
0x5101ec,90E8D7CA505D
0x5101fa,90E8C9CA505D
0x510207,90E8BCCA505D
0x51021e,90E8A5CA505D
0x51022b,90E898CA505D
0x510488,90E83BC8505D
0x510496,90E82DC8505D
0x5104a3,90E820C8505D
0x5104b4,90E80FC8505D
0x5104c1,90E802C8505D
0x510b05,90E83E66555D
0x510b2b,90E83749555D
0x510b3c,90E8386A555D
0x510b4f,90E84E6A555D
0x510b60,90E85553555D
0x510bd3,90E8E252555D
0x511041,90E851194D5D
0x5111ef,90E8545F555D
0x511207,90E83C5F555D
0x511226,90E84E63555D
0x511236,90E86763555D
0x511245,90E8704C555D
0x511255,90E85F46565D
0x51126a,90E84B4C555D
0x51127c,90E8394C555D
0x5112ac,90E8094C555D
0x5112be,90E8F74B555D
0x51241f,90E8A4A8505D
0x5124df,90E8E4A7505D
0x5124ff,90E8C4A7505D
0x51252d,90E896A7505D
0x512585,90E83EA7505D
0x5125cb,90E854444D5D
0x5125ee,90E8D5A6505D
0x512626,90E89DA6505D
0x51263a,90E889A6505D
0x512731,90E892A5505D
0x5128df,90E8E4A3505D
0x5128ff,90E8C4A3505D
0x51293d,90E886A3505D
0x5129ab,90E818A3505D
0x512a0e,90E8B5A2505D
0x512a46,90E87DA2505D
0x512a5a,90E869A2505D
0x512d9d,90E8269F505D
0x512e0f,90E8B49E505D
0x512f65,90E85E9D505D
0x512fb5,90E80E9D505D
0x512fc0,90E8039D505D
0x51309e,90E8A540555D
0x513389,90E83A99505D
0x513419,90E8AA98505D
0x5136eb,90E8D895505D
0x51377c,90E84795505D
0x5137b1,90E81295505D
0x5137c1,90E80295505D
0x5139a0,90E82393505D
0x5139fc,90E8C792505D
0x513a0b,90E8B892505D
0x513ad1,90E87236555D
0x513dfc,90E8C78E505D
0x513eef,90E8D48D505D
0x513f0f,90E8B48D505D
0x513f3d,90E8868D505D
0x513f95,90E82E8D505D
0x513fd6,90E8ED8C505D
0x513fea,90E8D98C505D
0x51444f,90E87488505D
0x51446f,90E85488505D
0x5144bd,90E80688505D
0x5144e6,90E8DD87505D
0x5144fa,90E8C987505D
0x5147ee,90E8D584505D
0x5147fc,90E8C784505D
0x514a7d,90E84682505D
0x514b22,90E8A181505D
0x514b66,90E85D81505D
0x514b7a,90E84981505D
0x514bf4,90E8CF80505D
0x514c0c,90E8B780505D
0x514c67,90E85C80505D
0x514c72,90E85180505D
0x514e0e,90E83523555D
0x5150fa,90E8C97B505D
0x51511a,90E8A97B505D
0x515271,90E8527A505D
0x515281,90E8427A505D
0x51535f,90E86479505D
0x51537f,90E84479505D
0x5153eb,90E8D878505D
0x51544e,90E87578505D
0x515486,90E83D78505D
0x51549a,90E82978505D
0x51559f,90E82477505D
0x5155bf,90E80477505D
0x5155ed,90E8D676505D
0x515640,90E88376505D
0x515671,90E85276505D
0x515681,90E84276505D
0x515a15,90E85A06565D
0x515a81,90E84272505D
0x515ac1,90E80272505D
0x515acc,90E8F771505D
0x515b9e,90E8A515555D
0x515e89,90E83A6E505D
0x515f6f,90E8546D505D
0x515f8f,90E8346D505D
0x515fdb,90E8E86C505D
0x516069,90E85A6C505D
0x5160a1,90E8226C505D
0x5160b1,90E8126C505D
0x51612c,90E8976B505D
0x5161ea,90E8D96A505D
0x5162d1,90E8F269505D
0x5163b9,90E80A69505D
0x51649f,90E82468505D
0x5164eb,90E8D867505D
0x516579,90E84A67505D
0x5165d3,90E8F066505D
0x516601,90E8C266505D
0x516611,90E8B266505D
0x5166fb,90E8C865505D
0x51678c,90E83765505D
0x5167c1,90E80265505D
0x5167d1,90E8F264505D
0x5168dd,90E8E663505D
0x516982,90E84163505D
0x5169c1,90E80263505D
0x5169d1,90E8F262505D
0x516a25,90E89E62505D
0x516a98,90E82B62505D
0x516aa7,90E81C62505D
0x516b21,90E82206555D
0x516e4c,90E8775E505D
0x516f2c,90E8975D505D
0x516fc9,90E8FA5C505D
0x51711c,90E8A75B505D
0x5171c9,90E8FA5A505D
0x51724a,90E8795A505D
0x51729a,90E8295A505D
0x5176a1,90E82256505D
0x5177bc,90E80755505D
0x51783a,90E88954505D
0x51797f,90E84453505D
0x51799f,90E82453505D
0x5179eb,90E8D852505D
0x517a79,90E84A52505D
0x517b3f,90E88451505D
0x517b5f,90E86451505D
0x517bab,90E81851505D
0x517c3d,90E88650505D
0x517ca1,90E82250505D
0x517cd6,90E8ED4F505D
0x517cea,90E8D94F505D
0x517daf,90E8144F505D
0x517dcf,90E8F44E505D
0x517e1d,90E8A64E505D
0x517ec7,90E8FC4D505D
0x517f31,90E8924D505D
0x517f66,90E85D4D505D
0x517f7a,90E8494D505D
0x518069,90E85A4C505D
0x5181dd,90E8E64A505D
0x518206,90E8BD4A505D
0x51821a,90E8A94A505D
0x518311,90E8B249505D
0x518429,90E89A48505D
0x518541,90E88247505D
0x518659,90E86A46505D
0x51873f,90E88445505D
0x51875f,90E86445505D
0x518810,90E8B344505D
0x518876,90E84D44505D
0x5188a6,90E81D44505D
0x5188ba,90E80944505D
0x518b0f,90E8B441505D
0x518b5b,90E86841505D
0x518be9,90E8DA40505D
0x518c51,90E87240505D
0x518c81,90E84240505D
0x518c91,90E83240505D
0x518df1,90E8D23E505D
0x518ece,90E875E2545D
0x5191b9,90E80A3B505D
0x51929f,90E8243A505D
0x5192cd,90E8F639505D
0x51933f,90E88439505D
0x5193a7,90E81C39505D
0x5193d6,90E8ED38505D
0x5193ea,90E8D938505D
0x5194af,90E81438505D
0x5194fa,90E8C937505D
0x519587,90E83C37505D
0x5195f6,90E8CD36505D
0x519626,90E89D36505D
0x51963a,90E88936505D
0x51969d,90E82636505D
0x51985a,90E86934505D
0x51991a,90E829D8545D
0x519c19,90E8AA30505D
0x519c30,90E89330505D
0x519d4f,90E8742F505D
0x519d9b,90E8282F505D
0x519e2b,90E8982E505D
0x519ebe,90E8052E505D
0x519ef6,90E8CD2D505D
0x519f0a,90E8B92D505D
0x51a0be,90E885D0545D
0x51a3a9,90E81A29505D
0x51a4dd,90E8E627505D
0x51a5bd,90E886CB545D
0x51a93c,90E88723505D
0x51aa2f,90E83FAF555D
0x51aa6f,90E85422505D
0x51aac5,90E8A9AE555D
0x51ab6b,90E85821505D
0x51ab83,90E84021505D
0x51ab93,90E8DBAD555D
0x51acb1,90E81220505D
0x51ad8e,90E8B5C3545D
0x51b079,90E84A1C505D
0x51b15f,90E8641B505D
0x51b1ab,90E8181B505D
0x51b23c,90E8871A505D
0x51b293,90E8301A505D
0x51b2c6,90E8FD19505D
0x51b2da,90E8E919505D
0x51b31d,90E8A619505D
0x51b45b,90E86818505D
0x51b4e9,90E8DA17505D
0x51b551,90E87217505D
0x51b561,90E86217505D
0x51b671,90E85216505D
0x51b74e,90E8F5B9545D
0x51ba39,90E88A12505D
0x51bafa,90E8C911505D
0x51bb1a,90E8A911505D
0x51bbc1,90E80211505D
0x51bc29,90E89A10505D
0x51bc34,90E88F10505D
0x51be09,90E8BA0E505D
0x51befd,90E8C60D505D
0x51bf56,90E86D0D505D
0x51bf91,90E8320D505D
0x51bfa1,90E8220D505D
0x51c05f,90E8640C505D
0x51c0ad,90E8160C505D
0x51c146,90E87D0B505D
0x51c1bd,90E8060B505D
0x51c1f6,90E8CD0A505D
0x51c20a,90E8B90A505D
0x51c2fd,90E8C609505D
0x51c396,90E82D09505D
0x51c45f,90E86408505D
0x51c4ab,90E81808505D
0x51c539,90E88A07505D
0x51c5a1,90E82207505D
0x51c5d6,90E8ED06505D
0x51c5ea,90E8D906505D
0x51c6af,90E81406505D
0x51c6cf,90E8F405505D
0x51c6ef,90E8D405505D
0x51c70f,90E8B405505D
0x51c75d,90E86605505D
0x51c803,90E8C004505D
0x51c871,90E85204505D
0x51c8a6,90E81D04505D
0x51c8ba,90E80904505D
0x51c97f,90E84403505D
0x51c99f,90E82403505D
0x51c9ed,90E8D602505D
0x51ca86,90E83D02505D
0x51cac1,90E80202505D
0x51cad1,90E8F201505D
0x51cb8f,90E83401505D
0x51cbaf,90E81401505D
0x51cbfb,90E8C800505D
0x51cc8d,90E83600505D
0x51ccf1,90E8D2FF4F5D
0x51cd21,90E8A2FF4F5D
0x51cd31,90E892FF4F5D
0x51cdba,90E809FF4F5D
0x51ce4a,90E879FE4F5D
0x51ce96,90E88381545D
0x51cf1a,90E8A9FD4F5D
0x51cf3a,90E889FD4F5D
0x51cfca,90E8F9FC4F5D
0x51cfea,90E8D9FC4F5D
0x51d07a,90E849FC4F5D
0x51d26a,90E859FA4F5D
0x51d32d,90E896F94F5D
0x51d380,90E843F94F5D
0x51d44d,90E876F84F5D
0x51d4a0,90E823F84F5D
0x51d64c,90E877F64F5D
0x51d6ca,90E8F9F54F5D
0x51d72c,90E897F54F5D
0x51d7aa,90E819F54F5D
0x51d81a,90E8A9F44F5D
0x51d8a9,90E81AF44F5D
0x51d92a,90E899F34F5D
0x51d99c,90E827F34F5D
0x51da1a,90E8A9F24F5D
0x51da9c,90E827F24F5D
0x51db1a,90E8A9F14F5D
0x51db4d,90E876F14F5D
0x51dbdc,90E8E7F04F5D
0x51dc9a,90E829F04F5D
0x51dcfc,90E8C7EF4F5D
0x51dd7a,90E849EF4F5D
0x51de0a,90E8B9EE4F5D
0x51deca,90E8F9ED4F5D
0x51deea,90E8D9ED4F5D
0x51df7a,90E849ED4F5D
0x51e00a,90E8B9EC4F5D
0x51e08a,90E839EC4F5D
0x51e0ec,90E8D7EB4F5D
0x51e16a,90E859EB4F5D
0x51e24e,90E8F58E545D
0x51e53a,90E889E74F5D
0x51e5e9,90E8DAE64F5D
0x51e66a,90E859E64F5D
0x51e6ea,90E8D9E54F5D
0x51e70a,90E8B9E54F5D
0x51e77c,90E847E54F5D
0x51e7fa,90E8C9E44F5D
0x51e85c,90E867E44F5D
0x51e8da,90E8E9E34F5D
0x51e93c,90E887E34F5D
0x51e9ba,90E809E34F5D
0x51ea2c,90E897E24F5D
0x51eaba,90E809E24F5D
0x51eba1,90E822E14F5D
0x51ed29,90E89ADF4F5D
0x51ed7a,90E849DF4F5D
0x51ee4a,90E879DE4F5D
0x51ee9d,90E826DE4F5D
0x51eefc,90E8C7DD4F5D
0x51ef7a,90E849DD4F5D
0x51f00c,90E8B7DC4F5D
0x51f08a,90E839DC4F5D
0x51f11c,90E8A7DB4F5D
0x51f19a,90E829DB4F5D
0x51f1fa,90E8C9DA4F5D
0x51f2ca,90E8F9D94F5D
0x51f31a,90E8A9D94F5D
0x51f33a,90E889D94F5D
0x51f40c,90E8B7D84F5D
0x51f48a,90E839D84F5D
0x51f4dc,90E8E7D74F5D
0x51f55a,90E869D74F5D
0x51f5bc,90E807D74F5D
0x51f63a,90E889D64F5D
0x51f68b,90E838D64F5D
0x51f6f5,90E8CED54F5D
0x51f71d,90E8A6D54F5D
0x51f78c,90E837D54F5D
0x51f80a,90E8B9D44F5D
0x51f86c,90E857D44F5D
0x51f8ea,90E8D9D34F5D
0x51f94c,90E877D34F5D
0x51f9ca,90E8F9D24F5D
0x51fa2c,90E897D24F5D
0x51faaa,90E819D24F5D
0x51fb7f,90E844D14F5D
0x51fb9f,90E824D14F5D
0x51fbcd,90E8F6D04F5D
0x51fc20,90E8A3D04F5D
0x51fc56,90E86DD04F5D
0x51fc6a,90E859D04F5D
0x51fd0a,90E8B9CF4F5D
0x51fe0c,90E8B7CE4F5D
0x51fe23,90E8A0CE4F5D
0x51fe32,90E82F5D555D
0x51feaa,90E819CE4F5D
0x51ff1c,90E8A7CD4F5D
0x51ff9a,90E829CD4F5D
0x520091,90E832CC4F5D
0x52016a,90E8D96F545D
0x5204a9,90E81AC84F5D
0x52073a,90E889C54F5D
0x5207ca,90E8F9C44F5D
0x52082a,90E899C44F5D
0x5208aa,90E819C44F5D
0x5208ca,90E8F9C34F5D
0x52093a,90E889C34F5D
0x520995,90E82EC34F5D
0x5209bd,90E806C34F5D
0x5209ea,90E8D9C24F5D
0x520a7a,90E849C24F5D
0x520afa,90E8C9C14F5D
0x520b2a,90E899C14F5D
0x520d0c,90E8B7BF4F5D
0x520d8a,90E839BF4F5D
0x520daa,90E819BF4F5D
0x520e0a,90E8B9BE4F5D
0x520e2a,90E899BE4F5D
0x520eaa,90E819BE4F5D
0x520eca,90E8F9BD4F5D
0x520f0c,90E87463545D
0x520f9a,90E829BD4F5D
0x520fba,90E809BD4F5D
0x52104a,90E879BC4F5D
0x52106a,90E859BC4F5D
0x5210c3,90E800BC4F5D
0x5210e8,90E8DBBB4F5D
0x5211aa,90E819BB4F5D
0x5211fa,90E8C9BA4F5D
0x5212ac,90E817BA4F5D
0x52135a,90E869B94F5D
0x5213ba,90E809B94F5D
0x5213da,90E8E9B84F5D
0x52143c,90E887B84F5D
0x5214ba,90E809B84F5D
0x52157a,90E849B74F5D
0x52161a,90E8A9B64F5D
0x5216ba,90E809B64F5D
0x52171a,90E8A9B54F5D
0x52174d,90E876B54F5D
0x521875,90E84EB44F5D
0x521902,90E8C1B34F5D
0x52190d,90E8B6B34F5D
0x521a0c,90E8B7B24F5D
0x521ac6,90E8FDB14F5D
0x521b41,90E882B14F5D
0x521b4c,90E877B14F5D
0x521c59,90E86AB04F5D
0x521cea,90E8D9AF4F5D
0x521d4a,90E879AF4F5D
0x521dca,90E8F9AE4F5D
0x521e8d,90E836AE4F5D
0x521ee0,90E8E3AD4F5D
0x521f3a,90E889AD4F5D
0x521f7a,90E8CE1B4F5D
0x52203f,90E884AC4F5D
0x52205f,90E864AC4F5D
0x52208d,90E836AC4F5D
0x5220e0,90E8E3AB4F5D
0x52213a,90E889AB4F5D
0x52215a,90E869AB4F5D
0x5221aa,90E819AB4F5D
0x52223a,90E889AA4F5D
0x5222ca,90E8F9A94F5D
0x522aa3,90E8DD47545D
0x5232c0,90E8C03F545D
0x5233cf,90E8F4984F5D
0x523428,90E89B984F5D
0x523467,90E85C984F5D
0x52347b,90E848984F5D
0x5234ac,90E817984F5D
0x523555,90E8CA344C5D
0x52380c,90E8B7944F5D
0x52382d,90E896944F5D
0x52388a,90E839944F5D
0x52391a,90E82938545D
0x523b2d,90E896914F5D
0x523b5a,90E869914F5D
0x523b82,90E8EC1D555D
0x523c80,90E843904F5D
0x523c93,90E830904F5D
0x523d18,90E8AB8F4F5D
0x523d57,90E86C8F4F5D
0x523d6b,90E8588F4F5D
0x523d98,90E82B8F4F5D
0x52408f,90E8348C4F5D
0x5240c4,90E8FF8B4F5D
0x5240d8,90E8EB8B4F5D
0x524104,90E8BF8B4F5D
0x524489,90E83A884F5D
0x524921,90E8A2834F5D
0x524a2f,90E894824F5D
0x524a4f,90E874824F5D
0x524a92,90E831824F5D
0x524aa6,90E81D824F5D
0x524ae0,90E8E3814F5D
0x524d79,90E84A7F4F5D
0x5251f8,90E8CB7A4F5D
0x525247,90E87C7A4F5D
0x52525b,90E8687A4F5D
0x525286,90E83D7A4F5D
0x525335,90E8EA164C5D
0x525422,90E8211D545D
0x5254d1,90E8F2774F5D
0x525718,90E8AB754F5D
0x525741,90E882754F5D
0x525755,90E86E754F5D
0x525acf,90E8F4714F5D
0x525aef,90E8D4714F5D
0x525b0f,90E8B4714F5D
0x525b2f,90E894714F5D
0x525b74,90E84F714F5D
0x525b88,90E83B714F5D
0x525bc4,90E8FF704F5D
0x525c92,90E82302545D
0x525d09,90E8AC01545D
0x525d37,90E87E01545D
0x525eb9,90E80A6E4F5D
0x525f37,90E88C6D4F5D
0x525f8b,90E8386D4F5D
0x526129,90E89A6B4F5D
0x5263dd,90E8E6684F5D
0x52646f,90E854684F5D
0x52648f,90E834684F5D
0x5265cc,90E8770B545D
0x526678,90E84B664F5D
0x5266c7,90E8FC654F5D
0x5266db,90E8E8654F5D
0x526708,90E8BB654F5D
0x5268f7,90E8CC634F5D
0x52690b,90E8B8634F5D
0x526936,90E88D634F5D
0x5269e5,90E83A004C5D
0x526b11,90E8B2614F5D
0x526cf3,90E97CF3545D
0x526de9,90E8DA5E4F5D
0x527252,90E8715A4F5D
0x527266,90E85D5A4F5D
0x5272a0,90E8235A4F5D
0x52750d,90E8B6574F5D
0x52756a,90E859574F5D
0x5276da,90E869FA535D
0x5278ef,90E8D4534F5D
0x527918,90E8AB534F5D
0x527962,90E861534F5D
0x527976,90E84D534F5D
0x5279b0,90E813534F5D
0x527b8f,90E834514F5D
0x527baf,90E814514F5D
0x527bf2,90E8D1504F5D
0x527c06,90E8BD504F5D
0x527c40,90E883504F5D
0x527e2f,90E8944E4F5D
0x527e4f,90E8744E4F5D
0x527e94,90E82F4E4F5D
0x527ea8,90E81B4E4F5D
0x527ee4,90E8DF4D4F5D
0x528119,90E8AA4B4F5D
0x5286cd,90E8F6454F5D
0x52871a,90E8A9454F5D
0x52874d,90E876454F5D
0x528afa,90E849E6535D
0x528dcd,90E8F63E4F5D
0x528e1a,90E8A93E4F5D
0x528f32,90E8913D4F5D
0x528f46,90E87D3D4F5D
0x528f80,90E8433D4F5D
0x5290e8,90E8DB3B4F5D
0x52912f,90E8943B4F5D
0x529143,90E8803B4F5D
0x52917d,90E8463B4F5D
0x529388,90E83B394F5D
0x5293d4,90E8EF384F5D
0x5293e8,90E8DB384F5D
0x529424,90E89F384F5D
0x52972f,90E894354F5D
0x52974f,90E874354F5D
0x5297b8,90E80B354F5D
0x5297f1,90E8D2344F5D
0x529805,90E8BE344F5D
0x529885,90E83E344F5D
0x5298a2,90E821344F5D
0x5298b7,90E80C344F5D
0x529b8c,90E8B7D5535D
0x529f2a,90E819D2535D
0x52a158,90E86B2B4F5D
0x52a19f,90E8242B4F5D
0x52a1b3,90E8102B4F5D
0x52a1ed,90E8D62A4F5D
0x52a52f,90E894274F5D
0x52a558,90E86B274F5D
0x52a5a2,90E821274F5D
0x52a5b6,90E80D274F5D
0x52a5f0,90E8D3264F5D
0x52a989,90E83A234F5D
0x52aa5a,90E8E9C6535D
0x52ad9f,90E8241F4F5D
0x52adc8,90E8FB1E4F5D
0x52ae04,90E8BF1E4F5D
0x52ae18,90E8AB1E4F5D
0x52ae44,90E87F1E4F5D
0x52b03f,90E8841C4F5D
0x52b068,90E85B1C4F5D
0x52b0b1,90E8121C4F5D
0x52b0c5,90E8FE1B4F5D
0x52b0fe,90E8C51B4F5D
0x52b459,90E86A184F5D
0x52b489,90E83A184F5D
0x52b57a,90E8C9BB535D
0x52b8df,90E8E4134F5D
0x52b908,90E8BB134F5D
0x52b952,90E871134F5D
0x52b966,90E85D134F5D
0x52b9a0,90E823134F5D
0x52bca9,90E81A104F5D
0x52c199,90E82A0B4F5D
0x52c27a,90E8C9AE535D
0x52c675,90E84E064F5D
0x52c6f3,90E8C297535D
0x52c76a,90E8D9A9535D
0x52ca79,90E84A024F5D
0x52cb4c,90E8F7A5535D
0x52ce8f,90E834FE4E5D
0x52ceb8,90E80BFE4E5D
0x52cf02,90E8C1FD4E5D
0x52cf16,90E8ADFD4E5D
0x52cf50,90E873FD4E5D
0x52d18f,90E834FB4E5D
0x52d1af,90E814FB4E5D
0x52d212,90E8B1FA4E5D
0x52d226,90E89DFA4E5D
0x52d260,90E863FA4E5D
0x52d519,90E8AAF74E5D
0x52d5ec,90E8579B535D
0x52d90d,90E8B6F34E5D
0x52dfef,90E8D4EC4E5D
0x52e00f,90E8B4EC4E5D
0x52e047,90E87CEC4E5D
0x52e05b,90E868EC4E5D
0x52e086,90E83DEC4E5D
0x52e135,90E8EA884B5D
0x52e26f,90E854EA4E5D
0x52e298,90E82BEA4E5D
0x52e2e4,90E8DFE94E5D
0x52e2f8,90E8CBE94E5D
0x52e334,90E88FE94E5D
0x52e52f,90E894E74E5D
0x52e574,90E84FE74E5D
0x52e588,90E83BE74E5D
0x52e5c4,90E8FFE64E5D
0x52e70f,90E8B4E54E5D
0x52e738,90E88BE54E5D
0x52e782,90E841E54E5D
0x52e796,90E82DE54E5D
0x52e7d0,90E8F3E44E5D
0x52e9e8,90E8DBE24E5D
0x52ea34,90E88FE24E5D
0x52ea48,90E87BE24E5D
0x52ea84,90E83FE24E5D
0x52eca4,90E81FE04E5D
0x52ecb8,90E80BE04E5D
0x52ecf4,90E8CFDF4E5D
0x52eed8,90E8EBDD4E5D
0x52ef1f,90E8A4DD4E5D
0x52ef33,90E890DD4E5D
0x52ef6d,90E856DD4E5D
0x52f149,90E87ADB4E5D
0x52f1ca,90E8F9DA4E5D
0x52f1ed,90E8D6DA4E5D
0x52f27a,90E849DA4E5D
0x52f2d9,90E8EAD94E5D
0x52f35d,90E866D94E5D
0x52f37d,90E846D94E5D
0x52f3ed,90E8D6D84E5D
0x52f4ba,90E809D84E5D
0x52f62d,90E896D64E5D
0x52f69a,90E829D64E5D
0x52f70f,90E8B4D54E5D
0x52f747,90E87CD54E5D
0x52f75b,90E868D54E5D
0x52f786,90E83DD54E5D
0x52f8df,90E8E4D34E5D
0x52f917,90E8ACD34E5D
0x52f92b,90E898D34E5D
0x52f956,90E86DD34E5D
0x52fe6d,90E856CE4E5D
0x52feca,90E8F9CD4E5D
0x52ffad,90E816CD4E5D
0x52fffa,90E8C9CC4E5D
0x53002d,90E896CC4E5D
0x53009a,90E829CC4E5D
0x53017d,90E846CB4E5D
0x5301ca,90E8F9CA4E5D
0x53029d,90E826CA4E5D
0x5302ea,90E8D9C94E5D
0x5303cd,90E8F6C84E5D
0x53042a,90E899C84E5D
0x53051d,90E8A6C74E5D
0x53053d,90E886C74E5D
0x53055a,90E869C74E5D
0x5306bd,90E806C64E5D
0x53070a,90E8B9C54E5D
0x53073d,90E886C54E5D
0x53079a,90E829C54E5D
0x5307cd,90E8F6C44E5D
0x5308ad,90E816C44E5D
0x53090a,90E8B9C34E5D
0x53093d,90E886C34E5D
0x5309ca,90E8F9C24E5D
0x5309ed,90E8D6C24E5D
0x530a49,90E87AC24E5D
0x530a6a,90E859C24E5D
0x530b4d,90E876C14E5D
0x530b9a,90E829C14E5D
0x530ca9,90E81AC04E5D
0x530ef9,90E8CABD4E5D
0x530fcd,90E8F6BC4E5D
0x53101a,90E8A9BC4E5D
0x531059,90E86ABC4E5D
0x5310da,90E8E9BB4E5D
0x531109,90E8BABB4E5D
0x53112a,90E899BB4E5D
0x53120d,90E8B6BA4E5D
0x53126a,90E859BA4E5D
0x53134d,90E876B94E5D
0x53139a,90E829B94E5D
0x53147d,90E846B84E5D
0x5314ca,90E8F9B74E5D
0x53157d,90E846B74E5D
0x5315da,90E8E9B64E5D
0x5316ec,90E8D7B54E5D
0x53170d,90E8B6B54E5D
0x53176a,90E859B54E5D
0x53187a,90E8C958535D
0x531a9d,90E826B24E5D
0x531aca,90E8F9B14E5D
0x531b09,90E8BAB14E5D
0x531b7d,90E846B14E5D
0x531bda,90E8E9B04E5D
0x531cad,90E816B04E5D
0x531cfa,90E8C9AF4E5D
0x531ddd,90E8E6AE4E5D
0x531e2a,90E899AE4E5D
0x531efd,90E8C6AD4E5D
0x531f4a,90E879AD4E5D
0x531f7d,90E846AD4E5D
0x531fea,90E8D9AC4E5D
0x53201d,90E8A6AC4E5D
0x53203a,90E889AC4E5D
0x53207d,90E846AC4E5D
0x5320dd,90E8E6AB4E5D
0x53216d,90E856AB4E5D
0x5321ba,90E809AB4E5D
0x53224d,90E876AA4E5D
0x53231d,90E8A6A94E5D
0x53236a,90E859A94E5D
0x5323a9,90E81AA94E5D
0x5323d9,90E8EAA84E5D
0x532419,90E8AAA84E5D
0x5324fd,90E8C6A74E5D
0x53254a,90E879A74E5D
0x53262d,90E896A64E5D
0x53267a,90E849A64E5D
0x53275d,90E866A54E5D
0x5327aa,90E819A54E5D
0x53288d,90E836A44E5D
0x5328da,90E8E9A34E5D
0x532947,90E87CA34E5D
0x53295b,90E868A34E5D
0x532986,90E83DA34E5D
0x532a35,90E8EA3F4B5D
0x532b3d,90E886A14E5D
0x532bca,90E8F9A04E5D
0x532bf9,90E8CAA04E5D
0x532cd5,90E8EE9F4E5D
0x532d22,90E83F2E545D
0x532d3d,90E8869F4E5D
0x532d9a,90E8299F4E5D
0x532e6d,90E8569E4E5D
0x532eba,90E8099E4E5D
0x532fc9,90E8FA9C4E5D
0x5330ca,90E87940535D
0x5337a9,90E81A954E5D
0x53382a,90E899944E5D
0x53384d,90E876944E5D
0x5338da,90E8E9934E5D
0x533909,90E8BA934E5D
0x533949,90E87A934E5D
0x5339cd,90E8F6924E5D
0x533a3a,90E889924E5D
0x533a79,90E84A924E5D
0x533ae9,90E8DA914E5D
0x533b4d,90E876914E5D
0x533baa,90E819914E5D
0x533bfd,90E8C6904E5D
0x533c2a,90E899904E5D
0x533f4d,90E8768D4E5D
0x533fad,90E8168D4E5D
0x53402d,90E8968C4E5D
0x5340ed,90E8D68B4E5D
0x53419d,90E8268B4E5D
0x534259,90E86A8A4E5D
0x5342d9,90E8EA894E5D
0x53430d,90E8B6894E5D
0x53438a,90E839894E5D
0x5343dd,90E8E6884E5D
0x534489,90E83A884E5D
0x53454d,90E876874E5D
0x5345aa,90E819874E5D
0x5345cd,90E8F6864E5D
0x5346ed,90E8D6854E5D
0x53473a,90E889854E5D
0x534779,90E84A854E5D
0x5347b9,90E80A854E5D
0x53483a,90E889844E5D
0x53485d,90E866844E5D
0x5348da,90E8E9834E5D
0x5349ad,90E816834E5D
0x534a0a,90E8B9824E5D
0x534a5d,90E866824E5D
0x534ab9,90E80A824E5D
0x534b29,90E89A814E5D
0x535241,90E8740C535D
0x53531d,90E8A6794E5D
0x53537a,90E849794E5D
0x5353cd,90E8F6784E5D
0x53542a,90E899784E5D
0x535489,90E83A784E5D
0x53550a,90E8B9774E5D
0x53556f,90E854774E5D
0x5355a7,90E81C774E5D
0x5355bb,90E808774E5D
0x5355e6,90E8DD764E5D
0x53571d,90E8A6754E5D
0x535847,90E87C744E5D
0x53585b,90E868744E5D
0x535886,90E83D744E5D
0x5359c9,90E8FA724E5D
0x5359ed,90E8D6724E5D
0x535a4a,90E879724E5D
0x535a9d,90E826724E5D
0x535aba,90E809724E5D
0x535aed,90E8D6714E5D
0x535b5d,90E866714E5D
0x535b7a,90E849714E5D
0x535b9d,90E826714E5D
0x535bba,90E809714E5D
0x535bdd,90E8E6704E5D
0x535bfd,90E8C6704E5D
0x535d1a,90E8A96F4E5D
0x536097,90E888094B5D
0x5360bd,90E862094B5D
0x5361e2,90E8610F535D
0x5362d9,90E8EA694E5D
0x53635e,90E8E50D535D
0x53689d,90E826644E5D
0x5368ea,90E8D9634E5D
0x53693f,90E884634E5D
0x53695f,90E864634E5D
0x536bd2,90E87105535D
0x536c9f,90E824604E5D
0x536f2c,90E81702535D
0x5370f1,90E8D25B4E5D
0x5371ac,90E8175B4E5D
0x5371cd,90E8F65A4E5D
0x53722a,90E8995A4E5D
0x5372dc,90E867FE525D
0x53756b,90E8D8FB525D
0x537638,90E88B564E5D
0x537972,90E8D1F7525D
0x537aad,90E816524E5D
0x537b6c,90E857514E5D
0x537b8d,90E836514E5D
0x537bea,90E8D9504E5D
0x537c9a,90E8A9F4525D
0x53814b,90E8F8EF525D
0x5382c8,90E8FB494E5D
0x538632,90E811EB525D
0x5387bb,90E888E9525D
0x538888,90E83B444E5D
0x538b0b,90E875E7525D
0x538b9f,90E8E1E6525D
0x538be4,90E8D1D2525D
0x538c42,90E801E5525D
0x538d27,90E89C3F4E5D
0x538dec,90E8D73E4E5D
0x538e0d,90E8B63E4E5D
0x538e6a,90E8593E4E5D
0x538faa,90E899E1525D
0x5391fd,90E8C63A4E5D
0x5392a8,90E81B3A4E5D
0x539312,90E831DE525D
0x539612,90E831DB525D
0x5396c8,90E8FB354E5D
0x5398f2,90E851D8525D
0x539a1b,90E828D7525D
0x539bab,90E898D5525D
0x539ce1,90E8E22F4E5D
0x539d9c,90E8272F4E5D
0x539dbd,90E8062F4E5D
0x539e1a,90E8A92E4E5D
0x539ecc,90E877D2525D
0x53a0d8,90E8EB2B4E5D
0x53a3e2,90E861CD525D
0x53a4dd,90E8E6274E5D
0x53a5cc,90E8F7264E5D
0x53a5ed,90E8D6264E5D
0x53a64a,90E879264E5D
0x53ab4c,90E8F7C5525D
0x53abf8,90E8CB204E5D
0x53af32,90E811C2525D
0x53afe8,90E8DB1C4E5D
0x53b3c2,90E881BD525D
0x53b4fd,90E8C6174E5D
0x53b5da,90E869BB525D
0x53b95d,90E866134E5D
0x53b97d,90E846134E5D
0x53bacb,90E878B6525D
0x53bbdc,90E8E7104E5D
0x53bbfd,90E8C6104E5D
0x53bc5a,90E869104E5D
0x53beed,90E8D60D4E5D
0x53bf52,90E8F1B1525D
0x53c292,90E8B1AE525D
0x53c602,90E841AB525D
0x53c992,90E8B1A7525D
0x53ca8c,90E837024E5D
0x53caad,90E816024E5D
0x53cb0a,90E8B9014E5D
0x53cc28,90E89B004E5D
0x53d002,90E841A1525D
0x53d0fc,90E8C7FB4D5D
0x53d11d,90E8A6FB4D5D
0x53d17a,90E849FB4D5D
0x53d3bc,90E807F94D5D
0x53d3dd,90E8E6F84D5D
0x53d43a,90E889F84D5D
0x53d932,90E81198525D
0x53d9f1,90E8D2F24D5D
0x53da7b,90E8C896525D
0x53ddf2,90E85193525D
0x53defc,90E8C7ED4D5D
0x53df1d,90E8A6ED4D5D
0x53df7a,90E849ED4D5D
0x53e07c,90E847EC4D5D
0x53e09d,90E826EC4D5D
0x53e0fa,90E8C9EB4D5D
0x53e4b2,90E8918C525D
0x53e822,90E82189525D
0x53e95c,90E867E34D5D
0x53e97d,90E846E34D5D
0x53e9da,90E8E9E24D5D
0x53ef82,90E8C181525D
0x53f091,90E832DC4D5D
0x53f14c,90E877DB4D5D
0x53f16d,90E856DB4D5D
0x53f1ca,90E8F9DA4D5D
0x53f27c,90E8C77E525D
0x53f4ac,90E817D84D5D
0x53f4cd,90E8F6D74D5D
0x53f52a,90E899D74D5D
0x53f71c,90E8A7D54D5D
0x53f73d,90E886D54D5D
0x53f79a,90E829D54D5D
0x53fa5c,90E867D24D5D
0x53fa7d,90E846D24D5D
0x53fada,90E8E9D14D5D
0x53feb2,90E89172525D
0x53ff68,90E85BCD4D5D
0x540232,90E8116F525D
0x54030c,90E8B7C94D5D
0x54032d,90E896C94D5D
0x54038a,90E839C94D5D
0x5404bd,90E806C84D5D
0x540631,90E892C64D5D
0x5406ec,90E8D7C54D5D
0x54070d,90E8B6C54D5D
0x54076a,90E859C54D5D
0x54081a,90E82969525D
0x540b01,90E8C2C14D5D
0x540bbc,90E807C14D5D
0x540bdd,90E8E6C04D5D
0x540c3a,90E889C04D5D
0x540cec,90E85764525D
0x540f18,90E8ABBD4D5D
0x541152,90E8F15F525D
0x541532,90E8115C525D
0x5415df,90E8E4B64D5D
0x541922,90E82158525D
0x541c92,90E8B154525D
0x542052,90E8F150525D
0x542108,90E8BBAB4D5D
0x542452,90E8F14C525D
0x5427c2,90E88149525D
0x5428b9,90E80AA44D5D
0x5428dd,90E8E6A34D5D
0x542969,90E85AA34D5D
0x54298a,90E839A34D5D
0x542a3d,90E886A24D5D
0x542b1d,90E8A6A14D5D
0x542bff,90E8C4A04D5D
0x542e1c,90E82743525D
0x542ebf,90E8049E4D5D
0x5430dc,90E86740525D
0x543231,90E8929A4D5D
0x5432ec,90E8D7994D5D
0x54330d,90E8B6994D5D
0x54336a,90E859994D5D
0x54341c,90E8273D525D
0x54368d,90E836964D5D
0x54370d,90E8B6954D5D
0x54372d,90E896954D5D
0x54384d,90E876944D5D
0x5438bd,90E806944D5D
0x54392d,90E896934D5D
0x543a0d,90E8B6924D5D
0x543a5d,90E866924D5D
0x543a8d,90E836924D5D
0x543b2d,90E896914D5D
0x543bba,90E809914D5D
0x543c3d,90E886904D5D
0x543c7c,90E847904D5D
0x543c9d,90E826904D5D
0x543cfa,90E8C98F4D5D
0x543e49,90E87A8E4D5D
0x543e6a,90E8598E4D5D
0x543e8a,90E8398E4D5D
0x543efd,90E8C68D4D5D
0x543f69,90E85A8D4D5D
0x543f8a,90E8398D4D5D
0x544009,90E8BA8C4D5D
0x54402a,90E8998C4D5D
0x54409d,90E8268C4D5D
0x54411d,90E8A68B4D5D
0x54418d,90E8368B4D5D
0x54423d,90E8868A4D5D
0x544309,90E8BA894D5D
0x54436e,90E8D52D525D
0x54484d,90E876844D5D
0x544889,90E83A844D5D
0x5448fa,90E8C9834D5D
0x54492a,90E899834D5D
0x54496d,90E856834D5D
0x5449ed,90E8D6824D5D
0x544a5d,90E866824D5D
0x544acd,90E8F6814D5D
0x544aed,90E8D6814D5D
0x544c2d,90E896804D5D
0x544cdd,90E8E67F4D5D
0x544dbd,90E8067F4D5D
0x544e29,90E89A7E4D5D
0x544e4a,90E8797E4D5D
0x544e7a,90E8497E4D5D
0x544ea9,90E81A7E4D5D
0x544f1a,90E8A97D4D5D
0x544f4a,90E8797D4D5D
0x544fbd,90E8067D4D5D
0x54502d,90E8967C4D5D
0x54509d,90E8267C4D5D
0x54510d,90E8B67B4D5D
0x545138,90E88B7B4D5D
0x545362,90E8E11D525D
0x54540d,90E8B6784D5D
0x545439,90E88A784D5D
0x5454aa,90E819784D5D
0x5454da,90E8E9774D5D
0x54556d,90E856774D5D
0x5455ed,90E8D6764D5D
0x54563c,90E887764D5D
0x54565d,90E866764D5D
0x5456ba,90E809764D5D
0x545911,90E8B2734D5D
0x5459cc,90E8F7724D5D
0x5459ed,90E8D6724D5D
0x545a4a,90E879724D5D
0x545afc,90E84716525D
0x545d25,90E89E6F4D5D
0x545d4d,90E8766F4D5D
0x545d89,90E83A6F4D5D
0x545daa,90E8196F4D5D
0x545ddd,90E8E66E4D5D
0x545e99,90E82A6E4D5D
0x545f0a,90E8B96D4D5D
0x545f2a,90E8996D4D5D
0x545f99,90E82A6D4D5D
0x545fba,90E8096D4D5D
0x545fed,90E8D66C4D5D
0x5460b9,90E80A6C4D5D
0x54612a,90E8996B4D5D
0x54615a,90E8696B4D5D
0x546189,90E83A6B4D5D
0x54620a,90E8B96A4D5D
0x54623a,90E8896A4D5D
0x54625d,90E8666A4D5D
0x54628d,90E8366A4D5D
0x54631c,90E8A7694D5D
0x54633d,90E886694D5D
0x54639a,90E829694D5D
0x54644c,90E8F70C525D
0x54664d,90E876664D5D
0x5466aa,90E819664D5D
0x54673d,90E886654D5D
0x54675d,90E866654D5D
0x54680d,90E8B6644D5D
0x5468bd,90E806644D5D
0x54695d,90E866634D5D
0x546a09,90E8BA624D5D
0x546a7a,90E849624D5D
0x546a9a,90E829624D5D
0x546ac9,90E8FA614D5D
0x546b3a,90E889614D5D
0x546b6a,90E859614D5D
0x546b8d,90E836614D5D
0x546c5d,90E866604D5D
0x546d09,90E8BA5F4D5D
0x546d7a,90E8495F4D5D
0x546daa,90E8195F4D5D
0x546e1d,90E8A65E4D5D
0x546ead,90E8165E4D5D
0x546fbd,90E8065D4D5D
0x546fe9,90E8DA5C4D5D
0x54705a,90E8695C4D5D
0x54708a,90E8395C4D5D
0x5470f9,90E8CA5B4D5D
0x54711a,90E8A95B4D5D
0x54713d,90E8865B4D5D
0x5471ed,90E8D65A4D5D
0x54723a,90E8895A4D5D
0x54726d,90E8565A4D5D
0x547319,90E8AA594D5D
0x54738a,90E839594D5D
0x5473ba,90E809594D5D
0x5473e9,90E8DA584D5D
0x54745a,90E869584D5D
0x54748a,90E839584D5D
0x54756d,90E856574D5D
0x54762c,90E897564D5D
0x54764d,90E876564D5D
0x5476aa,90E819564D5D
0x54775a,90E8E9F9515D
0x547a31,90E892524D5D
0x547aec,90E8D7514D5D
0x547b0d,90E8B6514D5D
0x547b6a,90E859514D5D
0x547c1a,90E829F5515D
0x547e4d,90E8764E4D5D
0x547f2d,90E8964D4D5D
0x548059,90E86A4C4D5D
0x54807a,90E8494C4D5D
0x54809f,90E8244C4D5D
0x5482bc,90E887EE515D
0x54855c,90E8E7EB515D
0x548649,90E87A464D5D
0x54866a,90E859464D5D
0x54869d,90E826464D5D
0x54878d,90E836454D5D
0x548805,90E8B0D6515D
0x548899,90E82A444D5D
0x5488c3,90E800444D5D
0x5488e8,90E8DB434D5D
0x54890a,90E8B9434D5D
0x548939,90E88A434D5D
0x54899a,90E829434D5D
0x5489ca,90E8F9424D5D
0x5489f9,90E8CA424D5D
0x548a1a,90E8A9424D5D
0x548a4a,90E879424D5D
0x548a79,90E84A424D5D
0x548ae9,90E8DA414D5D
0x548b4a,90E879414D5D
0x548b79,90E84A414D5D
0x548bda,90E8E9404D5D
0x548c0a,90E8B9404D5D
0x548c39,90E88A404D5D
0x548c9a,90E829404D5D
0x548cca,90E8F93F4D5D
0x548cf9,90E8CA3F4D5D
0x548d5a,90E8693F4D5D
0x548d89,90E83A3F4D5D
0x548dea,90E8D93E4D5D
0x548e1a,90E8A93E4D5D
0x548e3d,90E8863E4D5D
0x548ec9,90E8FA3D4D5D
0x548f2a,90E8993D4D5D
0x548f4a,90E8793D4D5D
0x548f79,90E84A3D4D5D
0x548fda,90E8E93C4D5D
0x549019,90E8AA3C4D5D
0x54907a,90E8493C4D5D
0x5490a9,90E81A3C4D5D
0x54910a,90E8B93B4D5D
0x549159,90E86A3B4D5D
0x5491ba,90E8093B4D5D
0x54a8c9,90E8FA234D5D
0x54a91e,90E825C8515D
0x54acbd,90E806204D5D
0x54accb,90E8F81F4D5D
0x54ae79,90E84A1E4D5D
0x54aeca,90E879C2515D
0x54b289,90E83A1A4D5D
0x54b2de,90E865BE515D
0x54b699,90E82A164D5D
0x54b6ee,90E855BA515D
0x54b9e9,90E8DA124D5D
0x54ba3e,90E805B7515D
0x54bda9,90E81A0F4D5D
0x54bdfe,90E845B3515D
0x54c3c9,90E8FA084D5D
0x54c41d,90E826AD515D
0x54c9c9,90E8FA024D5D
0x54ca2e,90E815A7515D
0x54ce49,90E87AFE4C5D
0x54ceae,90E895A2515D
0x54d4d9,90E8EAF74C5D
0x54d53e,90E8059C515D
0x54dc6a,90E859F04C5D
0x54de7a,90E849EE4C5D
0x54dfea,90E8D9EC4C5D
0x54e00a,90E8B9EC4C5D
0x54e03a,90E889EC4C5D
0x54e179,90E84AEB4C5D
0x54e1de,90E8658F515D
0x54e789,90E83AE54C5D
0x54e7ee,90E85589515D
0x54ebed,90E8D6E04C5D
0x54ec2a,90E899E04C5D
0x54ef9a,90E829DD4C5D
0x54efba,90E809DD4C5D
0x54f0ba,90E809DC4C5D
0x54f16a,90E859DB4C5D
0x54f1fa,90E8C9DA4C5D
0x54f43a,90E889D84C5D
0x54f45a,90E869D84C5D
0x54f489,90E83AD84C5D
0x54f4ed,90E8567C515D
0x54fa19,90E8AAD24C5D
0x54fa7a,90E8C976515D
0x55019a,90E829CB4C5D
0x5502d3,90E9E25B515D
0x550369,90E85AC94C5D
0x5503a9,90E81AC94C5D
0x5503ca,90E8F9C84C5D
0x5503ea,90E8D9C84C5D
0x550429,90E89AC84C5D
0x55049a,90E829C84C5D
0x5504d9,90E8EAC74C5D
0x5504fa,90E8C9C74C5D
0x550539,90E88AC74C5D
0x55055a,90E869C74C5D
0x550599,90E82AC74C5D
0x5505ba,90E809C74C5D
0x5505f9,90E8CAC64C5D
0x55061a,90E8A9C64C5D
0x55064d,90E876C64C5D
0x55068a,90E839C64C5D
0x5507c9,90E8FAC44C5D
0x5507ea,90E8D9C44C5D
0x550829,90E89AC44C5D
0x550869,90E85AC44C5D
0x5508a9,90E81AC44C5D
0x550909,90E8BAC34C5D
0x550add,90E8E6C14C5D
0x550b1a,90E8A9C14C5D
0x550b3a,90E889C14C5D
0x550f7b,90E80563515D
0x55144f,90E874B84C5D
0x55146f,90E854B84C5D
0x5529ad,90E816A34C5D
0x553c80,90E8C415495D
0x554058,90E8F0FA4B5D
0x5540b3,90E895FA4B5D
0x55432e,90E895894C5D
0x5543ab,90E818894C5D
0x554461,90E862884C5D
0x55446e,90E855884C5D
0x554cf1,90E8D27F4C5D
0x554cfe,90E8C57F4C5D
0x554fe7,90E8DC7C4C5D
0x555087,90E83C7C4C5D
0x5550ed,90E8D67B4C5D
0x5551a1,90E8227B4C5D
0x5551ae,90E8157B4C5D
0x5553d5,90E89A0C525D
0x55557e,90E845774C5D
0x55563f,90E884764C5D
0x555a75,90E84E724C5D
0x555b85,90E83E714C5D
0x555c7d,90E846704C5D
0x555c8a,90E839704C5D
0x556061,90E8626C4C5D
0x5560b1,90E8126C4C5D
0x556101,90E8C26B4C5D
0x5567c0,90E803654C5D
0x5568f0,90E865E2485D
0x55731f,90E8A4594C5D
0x55735c,90E81102495D
0x557528,90E8F7F4485D
0x5575d8,90E847F4485D
0x557a0b,90E83DC14B5D
0x557bae,90E886434B5D
0x557c99,90E81CE2505D
0x557d78,90E8A7EC485D
0x557dc3,90E9ACE2515D
0x558238,90E8E7E7485D
0x558418,90E807E6485D
0x558508,90E894DD4B5D
0x558520,90E828B64B5D
0x558543,90E8F7B64B5D
0x558598,90E887E4485D
0x5585e9,90E836E4485D
0x55862f,90E805394B5D
0x55869f,90E895384B5D
0x5587af,90E885374B5D
0x55889f,90E895364B5D
0x55890f,90E825364B5D
0x558a31,90E803354B5D
0x558a98,90E887DF485D
0x558ae9,90E836DF485D
0x558b3f,90E8F5334B5D
0x558c5f,90E8D5324B5D
0x558cbf,90E875324B5D
0x558d53,90E84AE8505D
0x558e0f,90E825314B5D
0x558f1f,90E815304B5D
0x558f78,90E8A7DA485D
0x558fc9,90E856DA485D
0x55900f,90E8252F4B5D
0x55906f,90E8C52E4B5D
0x5590ef,90E8452E4B5D
0x55920f,90E8252D4B5D
0x55930f,90E8252C4B5D
0x559411,90E8232B4B5D
0x55950f,90E8252A4B5D
0x55957f,90E8B5294B5D
0x55966f,90E8C5284B5D
0x55974f,90E8E5274B5D
0x55983f,90E8F5264B5D
0x55992f,90E805264B5D
0x559a4f,90E8E5244B5D
0x559b81,90E8B3234B5D
0x559bf1,90E843234B5D
0x559d0f,90E825224B5D
0x559e0f,90E825214B5D
0x559eff,90E835204B5D
0x55a001,90E8331F4B5D
0x55a12f,90E8051E4B5D
0x55a21f,90E8151D4B5D
0x55a2a8,90E877C7485D
0x55a2f9,90E826C7485D
0x55a33f,90E8F51B4B5D
0x55a411,90E8231B4B5D
0x55a521,90E8131A4B5D
0x55a61f,90E815194B5D
0x55a71f,90E815184B5D
0x55a831,90E803174B5D
0x55a92f,90E805164B5D
0x55a988,90E897C0485D
0x55a9d9,90E846C0485D
0x55aa1f,90E815154B5D
0x55aa78,90E8A7BF485D
0x55aac9,90E856BF485D
0x55ab0f,90E825144B5D
0x55aba8,90E877BE485D
0x55abf9,90E826BE485D
0x55ac3f,90E8F5124B5D
0x55ad18,90E807BD485D
0x55ad69,90E8B6BC485D
0x55adaf,90E885114B5D
0x55ae08,90E817BC485D
0x55ae59,90E8C6BB485D
0x55ae9f,90E895104B5D
0x55aeff,90E835104B5D
0x55af7f,90E8B50F4B5D
0x55b0df,90E8550E4B5D
0x55b19a,90E81FDC515D
0x55b1ff,90E8350D4B5D
0x55b30f,90E8250C4B5D
0x55b39f,90E8950B4B5D
0x55b40f,90E8250B4B5D
0x55b4af,90E8850A4B5D
0x55b51f,90E8150A4B5D
0x55b5a1,90E893094B5D
0x55b611,90E823094B5D
0x55b67f,90E8B5084B5D
0x55b6ef,90E845084B5D
0x55b79f,90E895074B5D
0x55b7ff,90E835074B5D
0x55b893,90E922A6505D
0x55b8ef,90E845064B5D
0x55b971,90E8C3054B5D
0x55ba1f,90E815054B5D
0x55bac1,90E873044B5D
0x55bb5f,90E8D5034B5D
0x55bc2f,90E805034B5D
0x55bcef,90E845024B5D
0x55bddf,90E855014B5D
0x55be5f,90E8D5004B5D
0x55beef,90E845004B5D
0x55bf7f,90E8B5FF4A5D
0x55c03f,90E8F5FE4A5D
0x55c0af,90E885FE4A5D
0x55c141,90E8F3FD4A5D
0x55c1bf,90E875FD4A5D
0x55c443,90E82C9C515D
0x55c593,90E826C8515D
0x55c5e3,90E8D298505D
0x55c633,90E93C9A515D
0x55c753,90E96297505D
0x55cd8a,90E839FF4B5D
0x55cf8a,90E839FD4B5D
0x55cfda,90E8E9FC4B5D
0x55d26a,90E859FA4B5D
0x55d29a,90E829FA4B5D
0x55d2ca,90E8F9F94B5D
0x55d8fa,90E8C9F34B5D
0x55dc23,90E82095505D
0x55dee3,90E86092505D
0x55e1a3,90E8A08F505D
0x55e463,90E8E08C505D
0x55e531,90E892E74B5D
0x55e59c,90E8D37A515D
0x55e5e1,90E8E2E64B5D
0x56088a,90E839C44B5D
0x5608e8,90E8DBC34B5D
0x560902,90E8C1C34B5D
0x56091a,90E8A9C34B5D
0x560927,90E89CC34B5D
0x560935,90E88EC34B5D
0x560942,90E881C34B5D
0x560967,90E85CC34B5D
0x560974,90E84FC34B5D
0x5609c1,90E802C34B5D
0x5609ce,90E8F5C24B5D
0x5609f0,90E8D3C24B5D
0x560f68,90E85BBD4B5D
0x560f86,90E83DBD4B5D
0x560f9c,90E827BD4B5D
0x560fad,90E816BD4B5D
0x560fc2,90E801BD4B5D
0x560fcf,90E8F4BC4B5D
0x560ff3,90E8D0BC4B5D
0x561000,90E8C3BC4B5D
0x56104f,90E874BC4B5D
0x561060,90E863BC4B5D
0x561083,90E840BC4B5D
0x56112a,90E899BB4B5D
0x5611aa,90E819BB4B5D
0x56121a,90E8A9BA4B5D
0x561278,90E84BBA4B5D
0x561296,90E82DBA4B5D
0x5612ac,90E817BA4B5D
0x5612bd,90E806BA4B5D
0x5612ce,90E8F5B94B5D
0x5612db,90E8E8B94B5D
0x5612fd,90E8C6B94B5D
0x56130a,90E8B9B94B5D
0x561356,90E86DB94B5D
0x561367,90E85CB94B5D
0x561387,90E83CB94B5D
0x56199a,90E829B34B5D
0x561b0a,90E8B9B14B5D
0x561b68,90E85BB14B5D
0x561b86,90E83DB14B5D
0x561b9c,90E827B14B5D
0x561bad,90E816B14B5D
0x561bbe,90E805B14B5D
0x561bcb,90E8F8B04B5D
0x561beb,90E8D8B04B5D
0x561bf8,90E8CBB04B5D
0x561c44,90E87FB04B5D
0x561c55,90E86EB04B5D
0x561c75,90E84EB04B5D
0x562610,90E8B3A64B5D
0x562ebc,90E8633B485D
0x562fbc,90E8633A485D
0x563066,90E83745505D
0x563a79,90E83C24505D
0x563ae0,90E8A037505D
0x563b02,90E8B323505D
0x563c2c,90E8F32D485D
0x5643ae,90E87126485D
0x56468c,90E89323485D
0x564738,90E8E722485D
0x564799,90E88622485D
0x5649d8,90E84720485D
0x564a39,90E8E61F485D
0x564bc3,90E8DA29505D
0x564c2e,90E89E4F515D
0x564d18,90E8071D485D
0x564d79,90E8A61C485D
0x5657b8,90E86712485D
0x565819,90E80612485D
0x565bf8,90E8270E485D
0x565c79,90E8A60D485D
0x565cb8,90E8670D485D
0x565d39,90E8E60C485D
0x565d78,90E8A70C485D
0x565dd9,90E8460C485D
0x565e18,90E8070C485D
0x565e99,90E8860B485D
0x565ed8,90E8470B485D
0x565f59,90E8C60A485D
0x566868,90E8350D505D
0x5668f6,90E8A70C505D
0x566962,90E812C5485D
0x5669a0,90E915F54F5D
0x567118,90E8AB5B4B5D
0x567168,90E85B5B4B5D
0x567198,90E82B5B4B5D
0x5671c8,90E8FB5A4B5D
0x567218,90E8AB5A4B5D
0x567248,90E87B5A4B5D
0x56be62,90E81270485D
0x56da7a,90E8BF624A5D
0x56ddbe,90E87B5F4A5D
0x56f690,90E833D64A5D
0x56fae8,90E8376F475D
0x56fb7e,90E802774F5D
0x56fba2,90E813634F5D
0x56fbf3,90E8AA794F5D
0x56fc5e,90E822764F5D
0x56fc82,90E833624F5D
0x570538,90E8E764475D
0x570558,90E8C764475D
0x5706c8,90E85763475D
0x5708ab,90E8D0554F5D
0x5708d9,90E8A7694F5D
0x5708e5,90E8E792505D
0x570902,90E8B3554F5D
0x570922,90E893554F5D
0x570969,90E86392505D
0x5709f8,90E82760475D
0x570a18,90E80760475D
0x571188,90E89758475D
0x5711aa,90E87558475D
0x5714e8,90E83755475D
0x571518,90E80755475D
0x571548,90E8D754475D
0x571578,90E8A754475D
0x5715a8,90E87754475D
0x5715c8,90E85754475D
0x5715f8,90E82754475D
0x571628,90E8F753475D
0x571658,90E8C753475D
0x571688,90E89753475D
0x571cac,90E8D4554F5D
0x571cd0,90E9E5414F5D
0x57233f,90E8F59B495D
0x57239f,90E8959B495D
0x5723ff,90E8359B495D
0x57245f,90E8D59A495D
0x5724bf,90E8759A495D
0x57251f,90E8159A495D
0x57257f,90E8B599495D
0x5725df,90E85599495D
0x57263f,90E8F598495D
0x57269f,90E89598495D
0x5726ff,90E83598495D
0x57275f,90E8D597495D
0x5727bf,90E87597495D
0x57281f,90E81597495D
0x57287f,90E8B596495D
0x5728df,90E85596495D
0x57293f,90E8F595495D
0x57299f,90E89595495D
0x5729ff,90E83595495D
0x572a5f,90E8D594495D
0x572abf,90E87594495D
0x572b1f,90E81594495D
0x572b7f,90E8B593495D
0x572bdf,90E85593495D
0x572c3f,90E8F592495D
0x572c9f,90E89592495D
0x572cff,90E83592495D
0x572d5f,90E8D591495D
0x572dbf,90E87591495D
0x572e1f,90E81591495D
0x572e7f,90E8B590495D
0x572edf,90E85590495D
0x572f3f,90E8F58F495D
0x572f9f,90E8958F495D
0x572fff,90E8358F495D
0x57305f,90E8D58E495D
0x5730bf,90E8758E495D
0x57311f,90E8158E495D
0x57317f,90E8B58D495D
0x5731df,90E8558D495D
0x57323f,90E8F58C495D
0x57329f,90E8958C495D
0x5732ff,90E8358C495D
0x57335f,90E8D58B495D
0x5733bf,90E8758B495D
0x57341f,90E8158B495D
0x573772,90E843274F5D
0x574a02,90E81D20475D
0x574c02,90E81D1E475D
0x5757e2,90E83D12475D
0x575848,90E8D711475D
0x575a58,90E8C70F475D
0x575ba1,90E82B40505D
0x575c18,90E8070E475D
0x5761d8,90E84708475D
0x5763f8,90E82706475D
0x576428,90E8F705475D
0x576458,90E8C705475D
0x576488,90E89705475D
0x5764b8,90E86705475D
0x576869,90E8B601475D
0x5769c9,90E85600475D
0x5772e9,90E836F7465D
0x57730c,90E813F7465D
0x57745c,90E8C3F5465D
0x577551,90E87B26505D
0x57759c,90E883F4465D
0x5779ce,90E851F0465D
0x577b3c,90E8E3EE465D
0x577b5c,90E8C3EE465D
0x577b7c,90E8A3EE465D
0x577b9c,90E883EE465D
0x577bbc,90E863EE465D
0x57898d,90E8ACB3495D
0x578b1c,90E899D34E5D
0x578b25,90E94B35495D
0x578b5c,90E859D34E5D
0x578b64,90E80C35495D
0x578bf8,90E8A4D6495D
0x578c10,90E838AF495D
0x578c33,90E807B0495D
0x578d40,90E941EB465D
0x578d5b,90E8EDAD495D
0x578d7a,90E8CEAD495D
0x57c3c2,90E8C38D465D
0x57c521,90E885DF465D
0x57c532,90E8A2D8465D
0x57ce3b,90E86380465D
0x57cf7d,90E8617E465D
0x57cfe1,90E8FD7D465D
0x57d637,90E86693465D
0x57d79c,90E88392465D
0x57d7b0,90E9ED91465D
0x57d8ca,90E85591465D
0x57d8d8,90E8C590465D
0x57dca2,90E8D66C465D
0x57e3b0,90E9ED85465D
0x57e3d0,90E8CD85465D
0x57e3ed,90E8B085465D
0x57f754,90E86FD5495D
0x57f768,90E85BD5495D
0x57f778,90E84BD5495D
0x57f78a,90E839D5495D
0x57f797,90E82CD5495D
0x57f7ad,90E816D5495D
0x57f7ba,90E809D5495D
0x57f7e6,90E8DDD4495D
0x57f7f3,90E8D0D4495D
0x57f8d0,90E8F3D3495D
0x57f9a1,90E822D3495D
0x58066a,90E859C6495D
0x5806dc,90E8E7C5495D
0x58075a,90E869C5495D
0x58077f,90E844C5495D
0x58079f,90E824C5495D
0x58081a,90E8A9C4495D
0x58087d,90E846C4495D
0x5808da,90E8E9C3495D
0x58099d,90E826C3495D
0x5809ea,90E8D9C2495D
0x580a29,90E89AC2495D
0x580aaa,90E819C2495D
0x580aed,90E8D6C1495D
0x580b6d,90E856C1495D
0x580b99,90E82AC1495D
0x5810ff,90E835AE485D
0x58249b,90E81A3A4E5D
0x582529,90E89AA7495D
0x582541,90E882A7495D
0x58254c,90E877A7495D
0x5826ef,90E8544A4E5D
0x582721,90E894374E5D
0x582748,90E87BA5495D
0x58279f,90E8A4494E5D
0x5827cc,90E8E9364E5D
0x5827db,90E868494E5D
0x582812,90E8A3364E5D
0x582833,90E890A4495D
0x582859,90E86AA4495D
0x58292a,90E899A3495D
0x58293f,90E841494E5D
0x5829b1,90E804354E5D
0x5829cf,90E874474E5D
0x582a00,90E8B5344E5D
0x582a17,90E8ACA2495D
0x582a75,90E8CE464E5D
0x582aa0,90E815344E5D
0x582ab9,90E88A464E5D
0x582aee,90E8C7334E5D
0x582b06,90E8BDA1495D
0x582b8b,90E82A334E5D
0x582f20,90E8A39D495D
0x582f32,90E8919D495D
0x582f3d,90E8869D495D
0x58300a,90E8B99C495D
0x583021,90E8A29C495D
0x583036,90E838294F5D
0x58308d,90E8369C495D
0x58309a,90E8299C495D
0x58316a,90E8D93F4E5D
0x58344c,90E87798495D
0x583463,90E86098495D
0x583472,90E8FC244F5D
0x5834fa,90E8C997495D
0x58351a,90E8A997495D
0x583608,90E8AD284E5D
0x583759,90E86A95495D
0x5837d0,90E89E214F5D
0x583822,90E84C214F5D
0x58385d,90E811214F5D
0x58388c,90E8E2204F5D
0x5838dc,90E892204F5D
0x583931,90E83D204F5D
0x5839c5,90E8FE92495D
0x583bbd,90E80691495D
0x583cc2,90E8BE354E5D
0x583d4c,90E8221C4F5D
0x583d89,90E83A8F495D
0x583ddf,90E88F1B4F5D
0x583e5c,90E8678E495D
0x583e7d,90E8468E495D
0x583eda,90E8E98D495D
0x583f8a,90E8B9314E5D
0x5841bd,90E8068B495D
0x5845a9,90E8D72C4E5D
0x58469f,90E89578485D
0x586e78,90E84B5E495D
0x586ee3,90E8E05D495D
0x588cd3,90E8F03F495D
0x588d23,90E8A03F495D
0x588d63,90E8603F495D
0x588d77,90E84C3F495D
0x588da5,90E81E3F495D
0x588db9,90E80A3F495D
0x588f16,90E8AD3D495D
0x588f30,90E8933D495D
0x588f44,90E87F3D495D
0x588fc7,90E8FC3C495D
0x588fd9,90E8EA3C495D
0x588fe9,90E8DA3C495D
0x589052,90E8713C495D
0x58906e,90E8553C495D
0x589082,90E8413C495D
0x5890c7,90E858D9455D
0x589136,90E88D3B495D
0x589150,90E8733B495D
0x589164,90E85F3B495D
0x5891ef,90E8D43A495D
0x589208,90E8BB3A495D
0x589218,90E8AB3A495D
0x589299,90E82A3A495D
0x5892c2,90E8013A495D
0x5892d6,90E8ED39495D
0x5892ea,90E8D939495D
0x5892f7,90E8CC39495D
0x58931e,90E801D7455D
0x58934f,90E87439495D
0x58935c,90E86739495D
0x58971f,90E81528485D
0x589ac4,90E8FF31495D
0x589af1,90E8D231495D
0x589afe,90E8C531495D
0x589b24,90E89F31495D
0x589c50,90E87330495D
0x589c86,90E83D30495D
0x589cc8,90E8FB2F495D
0x589d05,90E8BE2F495D
0x58a24c,90E81791455D
0x58a53a,90E88927495D
0x58a741,90E88225495D
0x58a781,90E84225495D
0x58a795,90E82E25495D
0x58a8ad,90E81624495D
0x58a921,90E8A223495D
0x58a9eb,90E858C74D5D
0x58ab1f,90E8A421495D
0x58ab3f,90E88421495D
0x58aef2,90E851C24D5D
0x58af3d,90E8861D495D
0x58b0a8,90E81B1C495D
0x58b139,90E88A1B495D
0x58b19a,90E8291B495D
0x58b1c9,90E8FA1A495D
0x58b22a,90E8991A495D
0x58b29f,90E8950C485D
0x58b2ef,90E8450C485D
0x58c039,90E88A0C495D
0x58c1e8,90E8DB0A495D
0x58c1fe,90E8C50A495D
0x58c20b,90E8B80A495D
0x58c34f,90E87409495D
0x58c35c,90E86709495D
0x58c3c3,90E80009495D
0x58c3d0,90E8F308495D
0x58c711,90E8526C455D
0x58d0c1,90E8A262455D
0x58d65c,90E867F6485D
0x58d671,90E852F6485D
0x58d67c,90E847F6485D
0x58d9db,90E8E8F2485D
0x58d9f0,90E8D3F2485D
0x58d9fb,90E8C8F2485D
0x58dedd,90E8E6ED485D
0x58def4,90E8CFED485D
0x58e9b8,90E80BE3485D
0x58e9ca,90E8F9E2485D
0x58e9d7,90E8ECE2485D
0x58eb04,90E8BFE1485D
0x58eb11,90E8B2E1485D
0x58f202,90E8C1DA485D
0x58f216,90E8ADDA485D
0x58f223,90E8A0DA485D
0x58f455,90E86ED8485D
0x58f462,90E861D8485D
0x58f4a0,90E823D8485D
0x58f4b6,90E80DD8485D
0x58f4c3,90E800D8485D
0x58f678,90E84BD6485D
0x58f689,90E83AD6485D
0x58fac8,90E8FBD1485D
0x58fae0,90E8E3D1485D
0x58faed,90E8D6D1485D
0x5901a3,90E8C031455D
0x59030f,90E8B4C9485D
0x590329,90E89AC9485D
0x590336,90E88DC9485D
0x590462,90E8012F455D
0x5905d7,90E8ECC6485D
0x5905e4,90E8DFC6485D
0x59099c,90E827C3485D
0x5909b2,90E811C3485D
0x5909bf,90E804C3485D
0x590b6e,90E8F527455D
0x590cb0,90E813C0485D
0x590cbd,90E806C0485D
0x590e9d,90E8C624455D
0x5913e9,90E87A1F455D
0x59220d,90E8B6AA485D
0x5923ca,90E8F9A8485D
0x59250a,90E8B9A7485D
0x59256a,90E859A7485D
0x5925fd,90E8C6A6485D
0x59265a,90E869A6485D
0x5926dd,90E8E6A5485D
0x5926fa,90E8C9A5485D
0x59271d,90E8A6A5485D
0x59276a,90E859A5485D
0x5928cd,90E8F6A3485D
0x592e3f,90E8F590475D
0x592ec2,90E8126F455D
0x593634,90E88F96485D
0x5936d4,90E8EF95485D
0x594448,90E87B88485D
0x594464,90E85F88485D
0x594471,90E85288485D
0x5945bf,90E80487485D
0x5945d0,90E8F386485D
0x594f90,90E8337D485D
0x59512e,90E835E2445D
0x59549f,90E8C4DE445D
0x5961fd,90E8C66A485D
0x59626b,90E8586A485D
0x5962a1,90E8226A485D
0x5962b1,90E8126A485D
0x59634a,90E87969485D
0x5963df,90E8E468485D
0x5963ff,90E8C468485D
0x596437,90E88C68485D
0x59644b,90E87868485D
0x596478,90E84B68485D
0x59661d,90E8A666485D
0x59663a,90E88966485D
0x5966c8,90E8FB65485D
0x596952,90E8F1074D5D
0x596a09,90E8BA62485D
0x596a6a,90E85962485D
0x596a8a,90E83962485D
0x596ad9,90E8EA61485D
0x596afa,90E8C961485D
0x596d4f,90E8E551475D
0x59726f,90E8C54C475D
0x597372,90E8622A455D
0x5973bd,90E80659485D
0x5973f1,90E8D258485D
0x59743d,90E88658485D
0x597473,90E85058485D
0x597495,90E82E58485D
0x597a10,90E86BE44C5D
0x597a25,90E88BF84C5D
0x597a41,90E83FF84C5D
0x597ac5,90E8F0E34C5D
0x597b5c,90E8E7F54C5D
0x597b87,90E8F9F64C5D
0x597bcf,90E874F54C5D
0x597bfa,90E886F64C5D
0x597c39,90E87CE24C5D
0x59a26f,90E8FED2445D
0x59af9f,90E8950F475D
0x59b0b2,90E82C9D445D
0x59d5ba,90E809F7475D
0x59d6fa,90E8C9F5475D
0x59d88a,90E839F4475D
0x59e82e,90E815894C5D
0x59e8ad,90E808764C5D
0x59e92e,90E815884C5D
0x59e9ad,90E808754C5D
0x5a09d9,90E86A674C5D
0x5a0a10,90E8A5544C5D
0x5a20c1,90E802AC475D
0x5a21d9,90E8EAAA475D
0x5a228a,90E839AA475D
0x5a246a,90E8D94C4C5D
0x5a26ad,90E816A6475D
0x5a270a,90E8B9A5475D
0x5a278c,90E837A5475D
0x5a27ad,90E816A5475D
0x5a280a,90E8B9A4475D
0x5a29fd,90E8C6A2475D
0x5a2a49,90E87AA2475D
0x5a2a9e,90E8A5464C5D
0x5a31cf,90E8658D465D
0x5a3c4a,90E8F9344C5D
0x5a3cc2,90E8F3214C5D
0x5a5edf,90E85560465D
0x5a7790,90E9D7D7475D
0x5a77a1,90E8C6D7475D
0x5a784b,90E865FA4B5D
0x5a79f3,90E8D052475D
0x5a7a73,90E85052475D
0x5a7bc2,90E80151475D
0x5a7bf3,90E8D050475D
0x5a7c00,90E8C350475D
0x5a7c26,90E89D50475D
0x5a7c67,90E85C50475D
0x5a7c9d,90E82650475D
0x5a7ccd,90E8F64F475D
0x5a7d70,90E8534F475D
0x5a7da6,90E81D4F475D
0x5a7de8,90E8DB4E475D
0x5a7e25,90E89E4E475D
0x5a8035,90E82EB3435D
0x5a82ba,90E8094A475D
0x5a84f1,90E8D247475D
0x5a8531,90E89247475D
0x5a8545,90E87E47475D
0x5a865d,90E86646475D
0x5a86c1,90E80246475D
0x5a874b,90E8F8E94B5D
0x5a885f,90E86444475D
0x5a887f,90E84444475D
0x5a8c32,90E811E54B5D
0x5a8c7d,90E84640475D
0x5a8de8,90E8DB3E475D
0x5a8e79,90E84A3E475D
0x5a8eda,90E8E93D475D
0x5a8f09,90E8BA3D475D
0x5a8f6a,90E8593D475D
0x5a8fef,90E8452F465D
0x5a903f,90E8F52E465D
0x5a9899,90E8CA9A435D
0x5a9913,90E8509A435D
0x5a99ba,90E8F6D84B5D
0x5a9b39,90E88A31475D
0x5a9b5d,90E86631475D
0x5a9c6a,90E85930475D
0x5a9c77,90E84C30475D
0x5a9db0,90E8132F475D
0x5a9ff9,90E8CA2C475D
0x5aa017,90E8AC2C475D
0x5aa0f2,90E8D12B475D
0x5aa0ff,90E8C42B475D
0x5aa22f,90E8942A475D
0x5aa24f,90E8742A475D
0x5aa2ca,90E8F929475D
0x5aa301,90E8C229475D
0x5aa311,90E8B229475D
0x5aa39a,90E82929475D
0x5aa487,90E83C28475D
0x5aa49b,90E82828475D
0x5aa4c7,90E8FC27475D
0x5aa6b9,90E80A26475D
0x5aa73a,90E88925475D
0x5aa7c8,90E8FB24475D
0x5aab02,90E841C64B5D
0x5aabf9,90E8CA20475D
0x5aac1a,90E8A920475D
0x5aae1f,90E81511465D
0x5ab73a,90E876BB4B5D
0x5abaa1,90E82212475D
0x5ac44d,90E87608475D
0x5ac5f3,90E8D006475D
0x5ac658,90E86B06475D
0x5ac6b1,90E81206475D
0x5ac702,90E8C105475D
0x5ac726,90E89D05475D
0x5ac73a,90E88905475D
0x5ac75e,90E86505475D
0x5ac7eb,90E834A2435D
0x5ac80e,90E8B504475D
0x5ac8cf,90E8F403475D
0x5ac8fd,90E8C603475D
0x5ac96f,90E85403475D
0x5ac9be,90E80503475D
0x5ac9f1,90E8D202475D
0x5aca01,90E8C202475D
0x5aca33,90E89002475D
0x5aca58,90E86B02475D
0x5acaaf,90E81402475D
0x5acad8,90E8EB01475D
0x5acb14,90E8AF01475D
0x5acb28,90E89B01475D
0x5acb54,90E86F01475D
0x5acd19,90E8AAFF465D
0x5acff2,90E851A14B5D
0x5ad0a9,90E81AFC465D
0x5ad11a,90E8A9FB465D
0x5ad13a,90E889FB465D
0x5ad18a,90E839FB465D
0x5ad2df,90E855EC455D
0x5ad6b1,90E8FF9B4B5D
0x5adbe3,90E8CD964B5D
0x5ae07a,90E836924B5D
0x5ae37c,90E847E9465D
0x5ae40e,90E8B5E8465D
0x5ae4ad,90E816E8465D
0x5ae4bd,90E806E8465D
0x5ae4cc,90E8F7E7465D
0x5ae6ce,90E8758A4B5D
0x5ae9b9,90E80AE3465D
0x5aea4a,90E879E2465D
0x5aeb89,90E83AE1465D
0x5aef9d,90E826DD465D
0x5aeffa,90E8C9DC465D
0x5af0c1,90E802DC465D
0x5af17c,90E847DB465D
0x5af19d,90E826DB465D
0x5af1fa,90E8C9DA465D
0x5af2ac,90E8977E4B5D
0x5af4bd,90E806D8465D
0x5af84f,90E8E5C6455D
0x5afe99,90E817744B5D
0x5b229c,90E827AA465D
0x5b24cd,90E8F6A7465D
0x5b250a,90E8B9A7465D
0x5b57ab,90E81875465D
0x5b787e,90E8C5F84A5D
0x5b7888,90E82DE64A5D
0x5b7c18,90E82BF54A5D
0x5b7c37,90E80CF54A5D
0x5b8b95,90E8D2C3465D
0x5ba02d,90E8962C465D
0x5ba065,90E85E2C465D
0x5ba08f,90E8342C465D
0x5ba0de,90E8E52B465D
0x5ba0f2,90E8D12B465D
0x5ba116,90E8AD2B465D
0x5ba184,90E83F2B465D
0x5ba227,90E89C2A465D
0x5bad79,90E84A1F465D
0x5bad89,90E83A1F465D
0x5bad98,90E82B1F465D
0x5bb074,90E84F1C465D
0x5bb082,90E8411C465D
0x5bb08d,90E8361C465D
0x5bb1d6,90E8ED1A465D
0x5bb1ea,90E8D91A465D
0x5bb1f5,90E8CE1A465D
0x5bb2bd,90E8061A465D
0x5bb2cb,90E8F819465D
0x5bb2d6,90E8ED19465D
0x5c0211,90E8564D465D
0x5c0505,90E8624A465D
0x5c1b47,90E87CB1455D
0x5c1b59,90E86AB1455D
0x5c1b68,90E85BB1455D
0x5c1e43,90E880AE455D
0x5c1ec4,90E8FFAD455D
0x5c1eda,90E8E9AD455D
0x5c1ee5,90E8DEAD455D
0x5c200e,90E8B5AC455D
0x5c2022,90E8A1AC455D
0x5c202d,90E896AC455D
0x5c232b,90E898A9455D
0x5c23e0,90E8E3A8455D
0x5c23f4,90E8CFA8455D
0x5c23ff,90E8C4A8455D
0x5c266b,90E858A6455D
0x5c271d,90E8A6A5455D
0x5c2731,90E892A5455D
0x5c273c,90E887A5455D
0x5c29b3,90E810A3455D
0x5c3d3d,90E826F6415D
0x5c3d6f,90E8F4F5415D
0x5c5788,90E8DBDB415D
0x5c588e,90E8D5DA415D
0x5c6f0d,90E8B65D455D
0x5c6f3f,90E8845D455D
0x5c6f90,90E8335D455D
0x5c6fa8,90E81B5D455D
0x5c6fcf,90E8F45C455D
0x5c7063,90E8605C455D
0x5c7138,90E88B5B455D
0x5c716f,90E8545B455D
0x5c7238,90E88B5A455D
0x5c72dd,90E8E659455D
0x5c7339,90E88A59455D
0x5c7349,90E87A59455D
0x5c740f,90E8B458455D
0x5c745d,90E86658455D
0x5c74f6,90E8CD57455D
0x5c7566,90E85D57455D
0x5c7596,90E82D57455D
0x5c75aa,90E81957455D
0x5c766f,90E85456455D
0x5c769d,90E82656455D
0x5c770b,90E8B855455D
0x5c776e,90E85555455D
0x5c77a6,90E81D55455D
0x5c77ba,90E80955455D
0x5c7841,90E88254455D
0x5c7913,90E8B053455D
0x5c791e,90E8A553455D
0x5c79fd,90E846F7495D
0x5c7d7c,90E8474F455D
0x5c7e43,90E8804E455D
0x5c7f00,90E8C34D455D
0x5c7f0d,90E8B64D455D
0x5c7fea,90E859F1495D
0x5c82f9,90E8CA49455D
0x5c83c7,90E8FC48455D
0x5c8491,90E83248455D
0x5c849e,90E82548455D
0x5c856a,90E8D9EB495D
0x5c8879,90E84A44455D
0x5c8947,90E87C43455D
0x5c8a05,90E8BE42455D
0x5c8a12,90E8B142455D
0x5c8ada,90E869E6495D
0x5c8de9,90E8DA3E455D
0x5c8eb3,90E8103E455D
0x5c8f6b,90E8583D455D
0x5c8f78,90E84B3D455D
0x5c904a,90E8F9E0495D
0x5c9359,90E86A39455D
0x5c958a,90E83937455D
0x5c95aa,90E81937455D
0x5c966a,90E85936455D
0x5c96ea,90E8D935455D
0x5c973a,90E88935455D
0x5c978a,90E83935455D
0x5c97da,90E8E934455D
0x5c9a1f,90E8A432455D
0x5c9a48,90E87B32455D
0x5c9a94,90E82F32455D
0x5c9aa8,90E81B32455D
0x5c9ae4,90E8DF31455D
0x5c9ccf,90E8F42F455D
0x5c9cf8,90E8CB2F455D
0x5c9d37,90E88C2F455D
0x5c9d4b,90E8782F455D
0x5c9d78,90E84B2F455D
0x5ca009,90E8BA2C455D
0x5ca529,90E89A27455D
0x5caa19,90E8AA22455D
0x5caf09,90E8BA1D455D
0x5cb3f9,90E8CA18455D
0x5cbb99,90E82A11455D
0x5cbbcd,90E8F610455D
0x5cbc59,90E86A10455D
0x5cbc8d,90E83610455D
0x5cbd0a,90E8B90F455D
0x5cbd5d,90E8660F455D
0x5cbdda,90E8E90E455D
0x5cbe1d,90E8A60E455D
0x5cbe7a,90E8490E455D
0x5cbebd,90E8060E455D
0x5cbf1a,90E8A90D455D
0x5cbf5d,90E8660D455D
0x5cbfba,90E8090D455D
0x5cc632,90E811AB495D
0x5cc932,90E811A8495D
0x5cca5d,90E86602455D
0x5ccb1c,90E8A701455D
0x5ccb3d,90E88601455D
0x5ccb9a,90E82901455D
0x5ccc4a,90E8F9A4495D
0x5ccec1,90E802FE445D
0x5ccf7c,90E847FD445D
0x5ccf9d,90E826FD445D
0x5ccffa,90E8C9FC445D
0x5cd0aa,90E899A0495D
0x5cd331,90E892F9445D
0x5cd3ec,90E8D7F8445D
0x5cd40d,90E8B6F8445D
0x5cd46a,90E859F8445D
0x5cd51a,90E8299C495D
0x5cd7a1,90E822F5445D
0x5cd85c,90E867F4445D
0x5cd87d,90E846F4445D
0x5cd8da,90E8E9F3445D
0x5cd98a,90E8B997495D
0x5cdc11,90E8B2F0445D
0x5cdccc,90E8F7EF445D
0x5cdced,90E8D6EF445D
0x5cdd4a,90E879EF445D
0x5cddfa,90E84993495D
0x5ce0b1,90E812EC445D
0x5ce16c,90E857EB445D
0x5ce18d,90E836EB445D
0x5ce1ea,90E8D9EA445D
0x5ce29c,90E8A78E495D
0x5ce4c9,90E8FAE7445D
0x5ce53a,90E889E7445D
0x5ce56a,90E859E7445D
0x5ce59d,90E826E7445D
0x5ce649,90E87AE6445D
0x5ce6ba,90E809E6445D
0x5ce6da,90E8E9E5445D
0x5ce6fd,90E8C6E5445D
0x5ce7ad,90E816E5445D
0x5ce85d,90E866E4445D
0x5ce90d,90E8B6E3445D
0x5ce9bd,90E806E3445D
0x5cf0e9,90E8DADB445D
0x5cf14e,90E8F57F495D
0x5cf52a,90E899D7445D
0x5cf60a,90E8B9D6445D
0x5d01c1,90E873BD435D
0x5d02cf,90E865BC435D
0x5d0401,90E833BB435D
0x5d047f,90E8B5BA435D
0x5d04ff,90E835BA435D
0x5d057f,90E8B5B9435D
0x5d05ff,90E835B9435D
0x5d066f,90E8C5B8435D
0x5d0dc2,90E8C343415D
0x5d0e92,90E84C3F415D
0x5d0f62,90E8163A415D
0x5d0fe9,90E8C762495D
0x5d19a9,90E80759495D
0x5d1f6b,90E8020F415D
0x5d1f7d,90E8C651495D
0x5d1f87,90E82E3F495D
0x5d213f,90E80450495D
0x5d215e,90E8E54F495D
0x5d2ce0,90E8D045495D
0x5d31e9,90E8DA9A445D
0x5d35e2,90E8E196445D
0x5d37af,90E81495445D
0x5d37c1,90E80295445D
0x5d37cc,90E8F794445D
0x5d3a62,90E86192445D
0x5d3a7a,90E84992445D
0x5d3a8b,90E83892445D
0x5d3aab,90E81892445D
0x5d3abc,90E80792445D
0x5d3acf,90E8F491445D
0x5d3ade,90E8E591445D
0x5d3b7d,90E84691445D
0x5d3b8f,90E83491445D
0x5d3b9c,90E82791445D
0x5d3bb8,90E80B91445D
0x5d3bc5,90E8FE90445D
0x5d3bd8,90E8EB90445D
0x5d3be5,90E8DE90445D
0x5d3c5b,90E86890445D
0x5d3ea0,90E8238E445D
0x5d4212,90E8B18A445D
0x5d4224,90E89F8A445D
0x5d4231,90E8928A445D
0x5d424d,90E8768A445D
0x5d425a,90E8698A445D
0x5d426d,90E8568A445D
0x5d4278,90E84B8A445D
0x5d4323,90E8A089445D
0x5d433b,90E88889445D
0x5d434c,90E87789445D
0x5d436c,90E85789445D
0x5d437d,90E84689445D
0x5d4390,90E83389445D
0x5d43a1,90E82289445D
0x5d4420,90E8A388445D
0x5d45b0,90E81387445D
0x5d45cc,90E8A1E8405D
0x5d45d9,90E8EA86445D
0x5d45e4,90E8DF86445D
0x5d483d,90E88684445D
0x5d4869,90E85A84445D
0x5d4923,90E8A083445D
0x5d49f8,90E8CB82445D
0x5d4a2f,90E89482445D
0x5d4b22,90E8A181445D
0x5d4d4f,90E8747F445D
0x5d4da2,90E8217F445D
0x5d4e40,90E8837E445D
0x5d4e50,90E8737E445D
0x5d4ee5,90E8DE7D445D
0x5d4f72,90E8517D445D
0x5d4f7d,90E8467D445D
0x5d505d,90E8E620495D
0x5d53dc,90E8E778445D
0x5d5485,90E83E78445D
0x5d5512,90E8B177445D
0x5d551d,90E8A677445D
0x5d55fd,90E8461B495D
0x5d597c,90E84773445D
0x5d5a0a,90E8B972445D
0x5d5a9a,90E82972445D
0x5d5aba,90E80972445D
0x5d5c59,90E86A70445D
0x5d6179,90E84A6B445D
0x5d65bd,90E80667445D
0x5d661a,90E8A966445D
0x5d666d,90E85666445D
0x5d68ad,90E81664445D
0x5d696c,90E85763445D
0x5d698d,90E83663445D
0x5d69ea,90E8D962445D
0x5d6a9a,90E8A906495D
0x5d6d1d,90E8A65F445D
0x5d6ddc,90E8E75E445D
0x5d6dfd,90E8C65E445D
0x5d6e5a,90E8695E445D
0x5d6f0a,90E83902495D
0x5d711d,90E8A65B445D
0x5d720d,90E8B65A445D
0x5d7961,90E8D345435D
0x5d79e1,90E85345435D
0x5d7b32,90E8ACD2405D
0x5d7c6a,90E846F6485D
0x5d801f,90E8A44C445D
0x5d802f,90E8944C445D
0x5d8040,90E8834C445D
0x5d805b,90E8684C445D
0x5d806c,90E8574C445D
0x5d81a6,90E81D4B445D
0x5d81b7,90E80C4B445D
0x5d8275,90E84E4A445D
0x5d8303,90E8C049445D
0x5d830e,90E8B549445D
0x5d83dd,90E866ED485D
0x5d872c,90E89745445D
0x5d87aa,90E81945445D
0x5d88f9,90E8CA43445D
0x5d8ced,90E8D63F445D
0x5d8d4a,90E8793F445D
0x5d8ead,90E8163E445D
0x5d8f6c,90E8573D445D
0x5d8f8d,90E8363D445D
0x5d8fea,90E8D93C445D
0x5d909a,90E8A9E0485D
0x5d92ad,90E8163A445D
0x5d9771,90E8C327435D
0x5d9ad9,90E8D7D7485D
0x5d9c76,90E84D30445D
0x5d9d12,90E8B12F445D
0x5d9da2,90E8212F445D
0x5d9e23,90E8A02E445D
0x5d9fcd,90E8F62C445D
0x5da073,90E8502C445D
0x5da0ad,90E8162C445D
0x5da0c1,90E8022C445D
0x5da1dd,90E8E62A445D
0x5da323,90E8A029445D
0x5da337,90E88C29445D
0x5da37f,90E84429445D
0x5da39f,90E82429445D
0x5da404,90E8BF28445D
0x5da442,90E88128445D
0x5da452,90E87128445D
0x5da4e7,90E8DC27445D
0x5da504,90E8BF27445D
0x5da519,90E8AA27445D
0x5da678,90E84B26445D
0x5daad2,90E871C6485D
0x5dab89,90E83A21445D
0x5dabfa,90E8C920445D
0x5dacc9,90E8FA1F445D
0x5dacea,90E8D91F445D
0x5dae61,90E8D310435D
0x5db3ba,90E8F6BE485D
0x5db67a,90E8E97C405D
0x5db6a1,90E82216445D
0x5db6d0,90E8937C405D
0x5db726,90E89D15445D
0x5db8c3,90E80014445D
0x5db8fc,90E8C713445D
0x5db96d,90E85613445D
0x5db9a2,90E82113445D
0x5db9ba,90E80913445D
0x5db9e3,90E8E012445D
0x5dbbbf,90E80411445D
0x5dbbed,90E8D610445D
0x5dbc5f,90E86410445D
0x5dbcc7,90E8FC0F445D
0x5dbcf3,90E8D00F445D
0x5dbd18,90E8AB0F445D
0x5dbd6f,90E8540F445D
0x5dbd98,90E82B0F445D
0x5dbdd4,90E8EF0E445D
0x5dbde8,90E8DB0E445D
0x5dbe14,90E8AF0E445D
0x5dbf49,90E87A0D445D
0x5dc242,90E801AF485D
0x5dc2f9,90E8CA09445D
0x5dc36a,90E85909445D
0x5dc4cf,90E865FA425D
0x5dc8cb,90E8E5A9485D
0x5dd712,90E8CC76405D
0x5dd82a,90E8869A485D
0x5ddba8,90E81BF1435D
0x5ddd29,90E89AEF435D
0x5ddd39,90E88AEF435D
0x5ddd4a,90E879EF435D
0x5dddbe,90E805EF435D
0x5dddcc,90E8F7EE435D
0x5dddd7,90E8ECEE435D
0x5dde84,90E83FEE435D
0x5ddf34,90E88FED435D
0x5ddf42,90E881ED435D
0x5ddf4d,90E876ED435D
0x5de016,90E8ADEC435D
0x5de09a,90E829EC435D
0x5de0a5,90E81EEC435D
0x5de17a,90E8C98F485D
0x5de489,90E83AE8435D
0x5de51a,90E8A9E7435D
0x5de53a,90E889E7435D
0x5de689,90E83AE6435D
0x5dea9d,90E826E2435D
0x5dec21,90E8A2E0435D
0x5decdc,90E8E7DF435D
0x5decfd,90E8C6DF435D
0x5ded5a,90E869DF435D
0x5dee0a,90E83983485D
0x5df01d,90E8A6DC435D
0x5df43f,90E8F5CA425D
0x5df522,90E8C365495D
0x5df666,90E85DD6435D
0x5df678,90E84BD6435D
0x5df683,90E840D6435D
0x5df70f,90E84469495D
0x5df720,90E83369495D
0x5df731,90E82269495D
0x5df742,90E81169495D
0x5df753,90E80069495D
0x5df764,90E8EF68495D
0x5df775,90E8DE68495D
0x5df786,90E8CD68495D
0x5df797,90E8BC68495D
0x5df7a8,90E8AB68495D
0x5df864,90E80B68495D
0x5df875,90E8FA67495D
0x5df886,90E8E967495D
0x5df897,90E8D867495D
0x5df8a8,90E8C767495D
0x5df8b9,90E8B667495D
0x5df8ca,90E8A567495D
0x5df8db,90E89467495D
0x5df8ec,90E88367495D
0x5df8fd,90E87267495D
0x5e0ab0,90E8BD6A405D
0x5e17ff,90E8641B405D
0x5e23ee,90E85766495D
0x5e242f,90E894A8435D
0x5e2567,90E87E35495D
0x5e2580,90E8EF3A495D
0x5e25b7,90E8F575495D
0x5e25dd,90E8923A495D
0x5e2720,90E81164495D
0x5e2a18,90E81961495D
0x5e2c8c,90E8C733495D
0x5e2ccc,90E8F79F435D
0x5e2ecf,90E81A5F495D
0x5e2ee6,90E8035F495D
0x5e2efd,90E8EC5E495D
0x5e2f2e,90E8B72B495D
0x5e2f49,90E8636C495D
0x5e305c,90E81330495D
0x5e3171,90E8529B435D
0x5e31ff,90E8A772405D
0x5e337c,90E8D72C495D
0x5e3441,90E8C856495D
0x5e3456,90E8DB56495D
0x5e3534,90E8D555495D
0x5e3549,90E8E855495D
0x5e3627,90E8E254495D
0x5e363c,90E8F554495D
0x5e3720,90E83329495D
0x5e3735,90E81E29495D
0x5e374a,90E80929495D
0x5e375f,90E8F428495D
0x5e3774,90E8DF28495D
0x5e3789,90E8CA28495D
0x5e37e5,90E8DE94435D
0x5e39b6,90E87B51495D
0x5e39c8,90E86951495D
0x5e39e2,90E84F51495D
0x5e3ab1,90E88050495D
0x5e3b0e,90E82350495D
0x5e3b20,90E81150495D
0x5e3b3a,90E8F74F495D
0x5e3c09,90E8284F495D
0x5e3c66,90E8CB4E495D
0x5e3c78,90E8B94E495D
0x5e3c92,90E89F4E495D
0x5e3d59,90E8D84D495D
0x5e4150,90E85C5A495D
0x5e4164,90E8485A495D
0x5e4178,90E8345A495D
0x5e418c,90E8205A495D
0x5e41a0,90E80C5A495D
0x5e41b4,90E8F859495D
0x5e41dd,90E8921E495D
0x5e41f2,90E87D1E495D
0x5e4207,90E8681E495D
0x5e421c,90E8531E495D
0x5e4231,90E83E1E495D
0x5e4246,90E8291E495D
0x5e425b,90E8141E495D
0x5e4613,90E8B086435D
0x5e4705,90E8BE85435D
0x5e4712,90E8B185435D
0x5e4921,90E8A283435D
0x5e4aaf,90E8A415495D
0x5e4c1f,90E844E73F5D
0x5e4cec,90E8FD40495D
0x5e4daf,90E8360D495D
0x5e4dcb,90E8A412495D
0x5e4e05,90E8A74D495D
0x5e4e2e,90E84112495D
0x5e5f21,90E8A26D435D
0x5e6021,90E8A26C435D
0x5e6121,90E8A26B435D
0x5e6221,90E8A26A435D
0x5e6305,90E8BE69435D
0x5e63bd,90E80669435D
0x5e647d,90E84668435D
0x5e653d,90E88667435D
0x5e6609,90E8BA66435D
0x5e68b9,90E80A64435D
0x5e841f,90E82606495D
0x5e8435,90E8FC06495D
0x5e84c8,90E84106495D
0x5e84d9,90E85806495D
0x5e8567,90E8A205495D
0x5e8578,90E8B905495D
0x5e8606,90E80305495D
0x5e8617,90E81A05495D
0x5e8695,90E8DAD9485D
0x5e90b0,90E8133C435D
0x5e90bd,90E8063C435D
0x5e950f,90E8B437435D
0x5e952f,90E89437435D
0x5e9556,90E86D37435D
0x5e956a,90E85937435D
0x5e95dc,90E8E736435D
0x5e965a,90E86936435D
0x5e978a,90E83935435D
0x5e97ef,90E8D434435D
0x5e980f,90E8B434435D
0x5e98d2,90E89DC7485D
0x5e9949,90E826C7485D
0x5e9977,90E8F8C6485D
0x5e9abd,90E80632435D
0x5e9b0a,90E8B931435D
0x5e9be9,90E8DA30435D
0x5e9c0a,90E8B930435D
0x5e9c58,90E86B30435D
0x5e9cb2,90E891D4475D
0x5e9d9d,90E8262F435D
0x5e9e29,90E89A2E435D
0x5e9f38,90E88B2D435D
0x5e9f50,90E8732D435D
0x5e9f5e,90E8652D435D
0x5ea019,90E856C0485D
0x5ea05f,90E8D51E425D
0x5ea1b6,90E8F6F9485D
0x5ea209,90E866BE485D
0x5ea220,90E94FBE485D
0x5ea493,90E819F7485D
0x5ea4fe,90E8BBE8485D
0x5ea522,90E84DBB485D
0x5ea550,90E91FBB485D
0x5ea58f,90E8A519425D
0x5ea5d3,90E8D9F5485D
0x5ea5e2,90E88DBA485D
0x5ea5f0,90E97FBA485D
0x5ea76c,90E84DE6485D
0x5ea793,90E826E6485D
0x5ea7c1,90E8E5FC3F5D
0x5ea8a6,90E81D24435D
0x5ea8b8,90E80B24435D
0x5ea8c3,90E80024435D
0x5ead62,90E8611F435D
0x5ead78,90E84B1F435D
0x5ead89,90E83A1F435D
0x5eadd8,90E8EB1E435D
0x5eae92,90E8311E435D
0x5eaeff,90E8C41D435D
0x5eb058,90E86B1C435D
0x5eb074,90E84F1C435D
0x5eb085,90E83E1C435D
0x5eb4df,90E8E417435D
0x5eb563,90E86017435D
0x5eb5ed,90E8D616435D
0x5eb5fb,90E8C816435D
0x5eb606,90E8BD16435D
0x5eb69d,90E82616435D
0x5eb6ab,90E81816435D
0x5eb6b6,90E80D16435D
0x5eba33,90E8ECAF3F5D
0x5ebc1e,90E8A510435D
0x5ebc35,90E88E10435D
0x5ebc84,90E83F10435D
0x5ebc8f,90E83410435D
0x5ebd3d,90E8860F435D
0x5ebd54,90E86F0F435D
0x5ebe3f,90E8840E435D
0x5ebe6d,90E8560E435D
0x5ebec0,90E8030E435D
0x5ebefb,90E824AB3F5D
0x5ebf1e,90E8A50D435D
0x5ebf51,90E8720D435D
0x5ebf61,90E8620D435D
0x5ebfd1,90E8F20C435D
0x5ec038,90E88B0C435D
0x5ec043,90E8800C435D
0x5ec119,90E8AA0B435D
0x5ec1ac,90E8170B435D
0x5ec22a,90E8990A435D
0x5ec29a,90E8290A435D
0x5ec2fa,90E8C909435D
0x5ec4bb,90E80808435D
0x5ec515,90E8AE07435D
0x5ec6c4,90E8FF05435D
0x5ec79f,90E82405435D
0x5ec7c8,90E8FB04435D
0x5ec807,90E8BC04435D
0x5ec81b,90E8A804435D
0x5ec848,90E87B04435D
0x5ec8f5,90E82AA13F5D
0x5ecdcd,90E8F6FE425D
0x5ece1a,90E8A9FE425D
0x5ece4d,90E876FE425D
0x5eceba,90E809FE425D
0x5ecf0d,90E8B6FD425D
0x5ecf6a,90E859FD425D
0x5ecfc9,90E8FAFC425D
0x5ed0e6,90E8DDFB425D
0x5ed18c,90E837FB425D
0x5ed1ad,90E816FB425D
0x5ed20a,90E8B9FA425D
0x5ed2bc,90E8879E475D
0x5ed58e,90E891943F5D
0x5ed5b3,90E86C943F5D
0x5ed6c2,90E8819A475D
0x5ed821,90E8A2F4425D
0x5ed8dc,90E8E7F3425D
0x5ed8fd,90E8C6F3425D
0x5ed95a,90E869F3425D
0x5eda0a,90E83997475D
0x5edc7d,90E846F0425D
0x5edc9d,90E826F0425D
0x5edd7d,90E846EF425D
0x5ede59,90E86AEE425D
0x5edeca,90E8F9ED425D
0x5edeea,90E8D9ED425D
0x5edf79,90E84AED425D
0x5edfde,90E86591475D
0x5ee429,90E89AE8425D
0x5ee48e,90E8B58C475D
0x5eea2a,90E899E2425D
0x5eed08,90E8177D3F5D
0x5eed68,90E8B77C3F5D
0x5eedb9,90E8667C3F5D
0x5eedff,90E835D1415D
0x5eee8f,90E8A5D0415D
0x5eef1f,90E815D0415D
0x5eefcc,90E8537A3F5D
0x5ef018,90E8077A3F5D
0x5ef079,90E8A6793F5D
0x5ef0c8,90E857793F5D
0x5ef0e8,90E837793F5D
0x5ef138,90E8E7783F5D
0x5ef16c,90E8B3783F5D
0x5ef241,90E882DA425D
0x5ef264,90E85FDA425D
0x5ef271,90E852DA425D
0x5ef281,90E842DA425D
0x5ef28e,90E835DA425D
0x5ef3bf,90E804D9425D
0x5ef401,90E8C2D8425D
0x5ef746,90E87DD5425D
0x5ef758,90E86BD5425D
0x5ef763,90E860D5425D
0x5ef7ee,90E8C27A475D
0x5effde,90E86571475D
0x5f000f,90E87172475D
0x5f0099,90E81C5E475D
0x5f29d9,90E87A36485D
0x5f29f5,90E81461485D
0x5f2a09,90E82861485D
0x5f2a5b,90E8D660485D
0x5f2a6f,90E8C260485D
0x5f2a7d,90E8B460485D
0x5f2acb,90E86660485D
0x5f2adf,90E85260485D
0x5f2aed,90E84460485D
0x5f2b3b,90E8F65F485D
0x5f2b4f,90E8E25F485D
0x5f2b5d,90E8D45F485D
0x5f2d0d,90E86233485D
0x5f39b8,90E80B93425D
0x5f39cc,90E8F792425D
0x5f39d7,90E8EC92425D
0x5f5125,90E82039485D
0x5f5141,90E8F039485D
0x5f51d1,90E83839485D
0x5f51e5,90E84C39485D
0x5f5272,90E89738485D
0x5f5286,90E8AB38485D
0x5f5316,90E8F337485D
0x5f532a,90E80738485D
0x5f54cb,90E8A40B485D
0x5f6e41,90E8825E425D
0x5f6f69,90E85A5D425D
0x5f9979,90E84A33425D
0x5f99fa,90E8C932425D
0x5f9a79,90E84A32425D
0x5f9afa,90E8C931425D
0x5f9b5c,90E86731425D
0x5f9bda,90E8E930425D
0x5f9c5a,90E86930425D
0x5fa0ed,90E8D62B425D
0x5fa13a,90E8892B425D
0x5fa21d,90E8A62A425D
0x5fa26a,90E8592A425D
0x5fa29d,90E8262A425D
0x5fa31a,90E8A929425D
0x5fa431,90E89228425D
0x5fa4ec,90E8D727425D
0x5fa50d,90E8B627425D
0x5fa56a,90E85927425D
0x5fa61c,90E827CB465D
0x5fa88d,90E83624425D
0x5fa8fd,90E8C623425D
0x5fa91d,90E8A623425D
0x5faab9,90E80A22425D
0x5fab1e,90E825C6465D
0x5fb0ef,90E8450E415D
0x5fb3af,90E8850B415D
0x5fd22c,90E897FA415D
0x5fda6d,90E856F2415D
0x5fdac7,90E8FCF1415D
0x5fdb37,90E88CF1415D
0x5fdb78,90E84BF1415D
0x5fdb8b,90E838F1415D
0x5fdbb6,90E80DF1415D
0x5fdd07,90E8BCEF415D
0x5fdf22,90E82192465D
0x5fdff1,90E8D2EC415D
0x5fe062,90E861EC415D
0x5fe0d1,90E8F2EB415D
0x5fe1d5,90E84A883E5D
0x5fe233,90E8EC873E5D
0x5fe28e,90E8A6DC405D
0x5fe315,90E80A873E5D
0x5fe3a3,90E87C863E5D
0x5fe3f5,90E82A863E5D
0x5fe443,90E8DC853E5D
0x5fe4a5,90E87A853E5D
0x5fe505,90E81A853E5D
0x5fe5e2,90E8CE8C465D
0x60054f,90E8F46B465D
0x60059a,90E81B59465D
0x6005ac,90E8976B465D
0x6005f7,90E8BE58465D
0x600b2e,90E81566465D
0x600b61,90E85453465D
0x606f74,90E8EFC33D5D
0x60730d,90E856C03D5D
0x607430,90E833BF3D5D
0x60759f,90E8C4BD3D5D
0x607b50,90E87351415D
0x607b7c,90E84751415D
0x607b8d,90E83651415D
0x607c1c,90E8A750415D
0x607c2b,90E89850415D
0x607f5a,90E809B43D5D
0x607ff4,90E86FB33D5D
0x608147,90E81CB23D5D
0x608164,90E8FFB13D5D
0x608181,90E8E2B13D5D
0x608bfa,90E8C940415D
0x608c12,90E8B140415D
0x608c1f,90E8A440415D
0x608d5c,90E8673F415D
0x608d74,90E84F3F415D
0x608d81,90E8423F415D
0x609493,90E8D09E3D5D
0x60951e,90E8459E3D5D
0x609a35,90E82E993D5D
0x60a219,90E8AA2A415D
0x60a47a,90E84928415D
0x60a49a,90E82928415D
0x60a4fa,90E8C927415D
0x60a8bc,90E80724415D
0x60a8dd,90E8E623415D
0x60a93a,90E88923415D
0x60ad9d,90E8261F415D
0x60ae0d,90E8B61E415D
0x60ae6a,90E8591E415D
0x60afbc,90E8071D415D
0x60afdd,90E8E61C415D
0x60b03a,90E8891C415D
0x60b189,90E83A1B415D
0x60b1ea,90E859BF455D
0x60b731,90E89215415D
0x60b7ec,90E8D714415D
0x60b80d,90E8B614415D
0x60b86a,90E85914415D
0x60b91c,90E827B8455D
0x60bb3d,90E88611415D
0x60bbdd,90E8E610415D
0x60bc7d,90E84610415D
0x60bcba,90E80910415D
0x60bcda,90E8E90F415D
0x60bd49,90E87A0F415D
0x60bd9e,90E8A5B3455D
0x60c359,90E86A09415D
0x60c3be,90E885AD455D
0x60c8cd,90E8F603415D
0x60cdd6,90E8EDFE405D
0x60cde4,90E8DFFE405D
0x60ce04,90E81B9C3D5D
0x60cedf,90E8E4FD405D
0x60ceff,90E8C4FD405D
0x60d02c,90E817A1455D
0x60d0c9,90E8FAFB405D
0x60d27f,90E8B5EC3F5D
0x60d2ff,90E835EC3F5D
0x60d36f,90E8C5EB3F5D
0x60d3e1,90E83E963D5D
0x60d46f,90E8C5EA3F5D
0x60d52b,90E8FE793D5D
0x60d55d,90E8E77C3D5D
0x60d631,90E8EE933D5D
0x60d84c,90E8D3913D5D
0x60d88f,90E8A5E63F5D
0x60d99c,90E8A8783D5D
0x60d9c6,90E9D78F3D5D
0x60da18,90E8858F3D5D
0x60db52,90E8D7733D5D
0x60dbbd,90E806F1405D
0x60dbf0,90E8D3F0405D
0x60eced,90E8C385455D
0x60f278,90E8CB7E455D
0x60f29f,90E8E17F455D
0x60f2bc,90E8F96B455D
0x610760,90E8C46A3D5D
0x6144af,90E8857A3F5D
0x614754,90E86F85405D
0x614766,90E85D85405D
0x614771,90E85285405D
0x614d70,90E8E312465D
0x614d89,90E82725455D
0x614e6c,90E80312465D
0x615045,90E8FE20455D
0x61506e,90E81222455D
0x615150,90E8B939465D
0x615212,90E8A30C455D
0x6162e6,90E85D0E455D
0x616e59,90E86A5E405D
0x616e69,90E85A5E405D
0x616fe7,90E8DC5C405D
0x616ff4,90E8CF5C405D
0x617011,90E8B25C405D
0x617025,90E89E5C405D
0x617039,90E88A5C405D
0x6170d3,90E8F05B405D
0x617382,90E84159405D
0x617a7d,90E8C6F6445D
0x617aac,90E809E4445D
0x617acc,90E877F6445D
0x617b01,90E8B4E3445D
0x617b10,90E833F6445D
0x617b45,90E870E3445D
0x617b54,90E8EFF5445D
0x617b89,90E82CE3445D
0x617e8a,90E8394E405D
0x617ea2,90E8214E405D
0x617eaf,90E8144E405D
0x6181cb,90E8F84A405D
0x6181dc,90E8E74A405D
0x6182fd,90E8C649405D
0x618315,90E8AE49405D
0x618322,90E8A149405D
0x6186e2,90E8E145405D
0x6186ef,90E8D445405D
0x618946,90E8C301465D
0x618d3a,90E809E4445D
0x619225,90E81EDF445D
0x6193cd,90E8D0D53C5D
0x619436,90E80DDD445D
0x6194a2,90E8A1DC445D
0x619682,90E8D1C9455D
0x6196ad,90E85CF4455D
0x6196bc,90E875F4455D
0x6196cb,90E866F4455D
0x61973b,90E834C9455D
0x61a354,90E880FA3C5D
0x61a410,90E8538F3C5D
0x61a469,90E8A0E6455D
0x61a7df,90E8E424405D
0x61a7ff,90E8C424405D
0x61a82d,90E89624405D
0x61a880,90E84324405D
0x61a8b1,90E81224405D
0x61a8c1,90E80224405D
0x61a959,90E86A23405D
0x61a9da,90E8E922405D
0x61aa69,90E85A22405D
0x61aaea,90E8D921405D
0x61ab57,90E86C21405D
0x61ab6b,90E85821405D
0x61ab96,90E82D21405D
0x61ac45,90E8DABD3C5D
0x61aded,90E8D61E405D
0x61ae3a,90E8891E405D
0x61af3d,90E8861D405D
0x61af8a,90E8391D405D
0x61afc9,90E8FA1C405D
0x61aff8,90E8CB1C405D
0x61b222,90E821BF445D
0x61b31d,90E8A619405D
0x61b39d,90E82619405D
0x61b409,90E8BA18405D
0x61b42a,90E89918405D
0x61b44a,90E87918405D
0x61b57a,90E84917405D
0x61b76f,90E85415405D
0x61b8a8,90E877B13C5D
0x61b908,90E817B13C5D
0x61b959,90E8C6B03C5D
0x61b99f,90E895053F5D
0x61ba0a,90E8B912405D
0x61bdfc,90E823AC3C5D
0x61be58,90E8C7AB3C5D
0x61beb9,90E866AB3C5D
0x61c498,90E887A53C5D
0x61c4b8,90E867A53C5D
0x61c4ff,90E835FA3E5D
0x61c742,90E8DDA23C5D
0x61c7d8,90E847A23C5D
0x61c929,90E8F6A03C5D
0x61c96c,90E8B3A03C5D
0x61ca62,90E872D33C5D
0x61cb92,90E8E67D3C5D
0x61d3c2,90E8B6753C5D
0x61d6aa,90E8D187445D
0x61d6bd,90E8BE87445D
0x61d6cd,90E8AE87445D
0x61d6dd,90E89E87445D
0x61d6eb,90E86889455D
0x61d6fc,90E87F87445D
0x61d70d,90E86E87445D
0x61d71a,90E87088445D
0x61d722,90E86888445D
0x61d72a,90E86088445D
0x61d732,90E85888445D
0x61d73b,90E8688A455D
0x61d747,90E84388445D
0x61d7c2,90E886633F5D
0x61d801,90E847633F5D
0x61d8a5,90E8B5F33F5D
0x61d9d7,90E86D9D3C5D
0x61d9ee,90E8CF973C5D
0x61da1b,90E8299D3C5D
0x61eb10,90E8A087445D
0x61eb20,90E89087445D
0x61eb4f,90E86187445D
0x61eb66,90E84A87445D
0x61eba6,90E80A87445D
0x61ebc9,90E8409F455D
0x61ec14,90E89C86445D
0x61ee83,90E83270445D
0x61ee94,90E82170445D
0x61eea2,90E8CD71455D
0x61eeb0,90E80570445D
0x61eebe,90E8F76F445D
0x61eecc,90E8E96F445D
0x61eedc,90E8D96F445D
0x61efba,90E88E4B3F5D
0x61f02f,90E88EA7455D
0x61f3b3,90E851793C5D
0x61f3d6,90E8DF6A445D
0x61f4f1,90E813783C5D
0x61f6dc,90E8E1A0455D
0x61f81d,90E89866445D
0x61f938,90E8CC733C5D
0x61fae2,90E8CFE13C5D
0x61fffa,90E820634D5D
0x62001b,90E8522E3C5D
0x62023c,90E87470445D
0x620266,90E84A70445D
0x62073d,90E8066A445D
0x620747,90E86E57445D
0x620795,90E8AE69445D
0x6207b4,90E88F69445D
0x6208ab,90E89868445D
0x6208b5,90E80056445D
0x6208d3,90E87068445D
0x6208f2,90E85168445D
0x62091c,90E82768445D
0x620926,90E88F55445D
0x620944,90E8FF67445D
0x620963,90E8E067445D
0x620995,90E8AE67445D
0x62099f,90E81655445D
0x6209bd,90E88667445D
0x6209dc,90E86767445D
0x620a03,90E84067445D
0x620a0d,90E8A854445D
0x620a47,90E8FC66445D
0x620a66,90E8DD66445D
0x620aa3,90E8A066445D
0x620ac2,90E88166445D
0x620b51,90E8F265445D
0x620b5b,90E85A53445D
0x620bb5,90E88E65445D
0x620bbf,90E8F652445D
0x620bdd,90E86665445D
0x620bfc,90E84765445D
0x62133b,90E87F4F4D5D
0x6213f5,90E84E5D445D
0x621401,90E89C61445D
0x62140b,90E8AA4A445D
0x621421,90E8DF05405D
0x62142f,90E82BB83F5D
0x6217f2,90E893393C5D
0x6218e3,90E8615E3C5D
0x621992,90E8E62F3C5D
0x621a5e,90E8FB253F5D
0x621a79,90E8C1253F5D
0x621aa3,90E8DF273F5D
0x6220e9,90E8B4483C5D
0x62511a,90E8A97B3F5D
0x62512a,90E8997B3F5D
0x625135,90E88E7B3F5D
0x62574c,90E877753F5D
0x62576d,90E856753F5D
0x6257ca,90E8F9743F5D
0x625eb2,90E8C6EA3B5D
0x626593,90E8DE6D3C5D
0x627741,90E87C7A3B5D
0x62774b,90E8C58A3B5D
0x627ef6,90E84DF2435D
0x627f1a,90E8ABDB435D
0x627f2e,90E845DB435D
0x627fbf,90E8F6DE435D
0x628050,90E8F3F0435D
0x628074,90E851DA435D
0x628088,90E8EBD9435D
0x628121,90E894DD435D
0x628166,90E857703B5D
0x628170,90E8A0803B5D
0x628191,90E82C703B5D
0x62819b,90E875803B5D
0x62857f,90E8F5DD3A5D
0x6285fe,90E8BF6B3B5D
0x628608,90E8087C3B5D
0x62a3cf,90E8EE4D3B5D
0x62a3d9,90E8375E3B5D
0x62a3f5,90E8C84D3B5D
0x62a3ff,90E8115E3B5D
0x62a6c4,90E8F94A3B5D
0x62a6ce,90E8425B3B5D
0x62c6fd,90E846AA435D
0x62c707,90E8AE97435D
0x62c783,90E8C0A9435D
0x62c7a2,90E8A1A9435D
0x62c7bd,90E886A9435D
0x62c7c7,90E8EE96435D
0x62c840,90E803A9435D
0x62c85f,90E8E4A8435D
0x62c87a,90E8C9A8435D
0x62c884,90E83196435D
0x62c8a2,90E8A1A8435D
0x62c8c1,90E882A8435D
0x62ca20,90E823A7435D
0x62ca2a,90E88B94435D
0x62cb66,90E8DDA5435D
0x62cb85,90E8BEA5435D
0x62cba4,90E89FA5435D
0x62cbae,90E80793435D
0x62cc22,90E821A5435D
0x62cc41,90E802A5435D
0x62cc60,90E8E3A4435D
0x62cc6a,90E84B92435D
0x62cca8,90E89BA4435D
0x62ccc7,90E87CA4435D
0x62d36a,90E8035B3B5D
0x62db23,90E85883435D
0x62db59,90E864BC445D
0x62db72,90E82B9A435D
0x62db96,90E827BC445D
0x62dbaf,90E8EE99435D
0x62dbd3,90E8EABB445D
0x62dbec,90E8B199435D
0x62dc0d,90E8B0BB445D
0x62dc26,90E87799435D
0x62dc44,90E879BB445D
0x62dc5d,90E84099435D
0x62dc7b,90E842BB445D
0x62dc94,90E80999435D
0x62dcb5,90E808BB445D
0x62dcce,90E8CF98435D
0x62dcf2,90E8CBBA445D
0x62dd0b,90E89298435D
0x62dd2c,90E891BA445D
0x62dd45,90E85898435D
0x62dd66,90E857BA445D
0x62dd7f,90E81E98435D
0x62dd93,90E82281435D
0x62de40,90E87580435D
0x62e21e,90E8258F435D
0x62e294,90E8217C435D
0x62e334,90E889B4445D
0x62e3e9,90E8CC7A435D
0x62e583,90E83279435D
0x62e628,90E895B1445D
0x62e6da,90E8DB77435D
0x62e84b,90E86A76435D
0x62ebbf,90E8FE053B5D
0x62ebc9,90E847163B5D
0x62fe92,90E8E64A3B5D
0x630569,90E8DC84445D
0x630595,90E8DA5A445D
0x630895,90E82EC43E5D
0x6308a3,90E820C43E5D
0x6308ae,90E815C43E5D
0x63094d,90E876C33E5D
0x63095b,90E868C33E5D
0x630966,90E85DC33E5D
0x630a5e,90E865C23E5D
0x630a6c,90E857C23E5D
0x630a77,90E84CC23E5D
0x630bfd,90E8C6C03E5D
0x630c0b,90E8B8C03E5D
0x630c16,90E8ADC03E5D
0x6315c1,90E802B73E5D
0x631951,90E872B33E5D
0x631995,90E82EB33E5D
0x631a97,90E82CB23E5D
0x631c08,90E8BBB03E5D
0x631c5b,90E868B03E5D
0x631d0d,90E8B6AF3E5D
0x631d42,90E881AF3E5D
0x631da8,90E81BAF3E5D
0x631f41,90E882AD3E5D
0x63380d,90E8B6943E5D
0x63391f,90E8A4933E5D
0x63392f,90E894933E5D
0x63393e,90E885933E5D
0x63396d,90E856933E5D
0x63397c,90E847933E5D
0x633b6c,90E857913E5D
0x633b83,90E840913E5D
0x633b92,90E8CF1F445D
0x633c0a,90E8B9903E5D
0x633dc9,90E8FA8E3E5D
0x633e5a,90E8698E3E5D
0x633ebe,90E8058E3E5D
0x633ed5,90E8EE8D3E5D
0x633f50,90E8738D3E5D
0x633f5b,90E8688D3E5D
0x63403d,90E8868C3E5D
0x634054,90E86F8C3E5D
0x6340ea,90E8D98B3E5D
0x6341ad,90E8168B3E5D
0x634200,90E8C38A3E5D
0x6343c9,90E8FA883E5D
0x63445a,90E869883E5D
0x63447a,90E849883E5D
0x63455f,90E864873E5D
0x63457f,90E844873E5D
0x634607,90E8BC863E5D
0x634676,90E84D863E5D
0x6346a1,90E822863E5D
0x6346b1,90E812863E5D
0x634719,90E8AA853E5D
0x634730,90E893853E5D
0x6347ab,90E818853E5D
0x6347b6,90E80D853E5D
0x63488c,90E837843E5D
0x6348a4,90E81F843E5D
0x63495a,90E869833E5D
0x6349aa,90E819833E5D
0x634c35,90E88E803E5D
0x634c8d,90E836803E5D
0x634cea,90E8D97F3E5D
0x63509d,90E8267C3E5D
0x6350fa,90E8C97B3E5D
0x635404,90E8BF783E5D
0x63552d,90E896773E5D
0x63558a,90E839773E5D
0x63560f,90E8B4763E5D
0x635647,90E87C763E5D
0x63565b,90E868763E5D
0x635686,90E83D763E5D
0x635b3d,90E886713E5D
0x635c78,90E84B703E5D
0x635ce1,90E8E26F3E5D
0x635cf5,90E8CE6F3E5D
0x635d2e,90E8956F3E5D
0x6361c4,90E8FF6A3E5D
0x6362d9,90E8EA693E5D
0x63635a,90E869693E5D
0x63637d,90E846693E5D
0x63657d,90E846673E5D
0x636661,90E862663E5D
0x63671c,90E8A7653E5D
0x63673d,90E886653E5D
0x63679a,90E829653E5D
0x63684c,90E8F708435D
0x636a7d,90E846623E5D
0x636c3c,90E887603E5D
0x636cfc,90E8C75F3E5D
0x636d1d,90E8A65F3E5D
0x636d7a,90E8495F3E5D
0x636e2a,90E81903435D
0x6370ad,90E8165C3E5D
0x63717f,90E8445B3E5D
0x63739c,90E8A7FD425D
0x6374f1,90E8D2573E5D
0x6375ac,90E817573E5D
0x6375cd,90E8F6563E5D
0x63762a,90E899563E5D
0x6376dc,90E867FA425D
0x63790d,90E8B6533E5D
0x637e02,90E841F3425D
0x637fac,90E8174D3E5D
0x63806c,90E8574C3E5D
0x63808d,90E8364C3E5D
0x6380ea,90E8D94B3E5D
0x63819a,90E8A9EF425D
0x638449,90E87A483E5D
0x63849a,90E829483E5D
0x6384dd,90E8E6473E5D
0x638559,90E86A473E5D
0x6385ba,90E809473E5D
0x638849,90E87A443E5D
0x6388ae,90E895E8425D
0x638d59,90E86A3F3E5D
0x638dba,90E889E3425D
0x639329,90E89A393E5D
0x63938e,90E8B5DD425D
0x639869,90E85A343E5D
0x6398ca,90E879D8425D
0x639d4a,90E8792F3E5D
0x639e99,90E82A2E3E5D
0x639fac,90E8F1C93A5D
0x63a673,90E8D5943D5D
0x63a6d3,90E875943D5D
0x63a993,90E8B5913D5D
0x63a9f3,90E855913D5D
0x63ac53,90E8F58E3D5D
0x63acb3,90E8958E3D5D
0x63af23,90E8258C3D5D
0x63af83,90E8C58B3D5D
0x63b138,90E8E7B83A5D
0x63b189,90E896B83A5D
0x63b1cf,90E8650D3D5D
0x63b2df,90E8550C3D5D
0x63b39f,90E8950B3D5D
0x63b41f,90E8150B3D5D
0x63b49f,90E8950A3D5D
0x63b51f,90E8150A3D5D
0x63b77a,90E8A5B23A5D
0x63b8f1,90E8D2133E5D
0x63b901,90E8C2133E5D
0x63bad5,90E84AAF3A5D
0x63bbb8,90E80B113E5D
0x63bbda,90E8E9103E5D
0x63bbfa,90E8C9103E5D
0x63cca8,90E8779D3A5D
0x63cd29,90E8F69C3A5D
0x63cde8,90E8379C3A5D
0x63ce18,90E8079C3A5D
0x63d38a,90E8AF693D5D
0x63d6ea,90E84F663D5D
0x63da4a,90E8EF623D5D
0x63ddaa,90E88F5F3D5D
0x63dfd8,90E8478A3A5D
0x63e008,90E8178A3A5D
0x63e09c,90E883893A5D
0x63e0c8,90E857893A5D
0x63e2fc,90E823873A5D
0x63e44a,90E853853A5D
0x63e494,90E809853A5D
0x63e5a6,90E979843A5D
0x63e623,90E8FC833A5D
0x63e632,90E86B833A5D
0x63e7e2,90E896613A5D
0x63e836,90E967813A5D
0x63edc6,90E891413A5D
0x63edde,90E832413A5D
0x640780,90E8FB56425D
0x640b08,90E865233A5D
0x640b28,90E845233A5D
0x640b48,90E825233A5D
0x640bd7,90E8D966425D
0x640ec3,90E88062425D
0x640efe,90E8B74F425D
0x640f64,90E85FBD3D5D
0x641f93,90E8E83E425D
0x64206c,90E8493E425D
0x643ff2,90E8BE32425D
0x644049,90E86732425D
0x644137,90E87931425D
0x644195,90E81B31425D
0x644378,90E8382F425D
0x6443d2,90E8DE2E425D
0x6453c2,90E8811D425D
0x6453fa,90E8BB0A425D
0x64542d,90E8161D425D
0x645465,90E8500A425D
0x645498,90E8AB1C425D
0x6454d0,90E8E509425D
0x645503,90E8401C425D
0x64553b,90E87A09425D
0x64556e,90E8D51B425D
0x6455a6,90E80F09425D
0x6455d9,90E86A1B425D
0x645611,90E8A408425D
0x645644,90E8FF1A425D
0x64567c,90E83908425D
0x6456af,90E8941A425D
0x6456e7,90E8CE07425D
0x64571a,90E8291A425D
0x645752,90E86307425D
0x645785,90E8BE19425D
0x6457bd,90E8F806425D
0x6457f0,90E85319425D
0x645828,90E88D06425D
0x64585b,90E8E818425D
0x645893,90E82206425D
0x6458c6,90E87D18425D
0x6458fe,90E8B705425D
0x645931,90E81218425D
0x645969,90E84C05425D
0x64599c,90E8A717425D
0x6459d4,90E8E104425D
0x645a07,90E83C17425D
0x645a3f,90E87604425D
0x645a72,90E8D116425D
0x645aaa,90E80B04425D
0x645add,90E86616425D
0x645b15,90E8A003425D
0x645b48,90E8FB15425D
0x645b80,90E83503425D
0x645bb3,90E89015425D
0x645beb,90E8CA02425D
0x645c1e,90E82515425D
0x645c56,90E85F02425D
0x645c89,90E8BA14425D
0x645cc1,90E8F401425D
0x645cf4,90E84F14425D
0x645d2c,90E88901425D
0x645d5f,90E8E413425D
0x645d97,90E81E01425D
0x645dca,90E87913425D
0x645e02,90E8B300425D
0x645e35,90E80E13425D
0x645e6d,90E84800425D
0x645ea0,90E8A312425D
0x645ed8,90E8DDFF415D
0x645f0b,90E83812425D
0x645f43,90E872FF415D
0x645f76,90E8CD11425D
0x645fae,90E807FF415D
0x645fdb,90E86811425D
0x646013,90E8A2FE415D
0x646040,90E80311425D
0x646078,90E83DFE415D
0x6460a5,90E89E10425D
0x6460dd,90E8D8FD415D
0x64610a,90E83910425D
0x646142,90E873FD415D
0x64616f,90E8D40F425D
0x6461a7,90E80EFD415D
0x6461d4,90E86F0F425D
0x64620c,90E8A9FC415D
0x646239,90E80A0F425D
0x646271,90E844FC415D
0x6462b2,90E8910E425D
0x6462ea,90E8CBFB415D
0x64631b,90E8280E425D
0x646353,90E862FB415D
0x646384,90E8BF0D425D
0x6463bc,90E8F9FA415D
0x6463ed,90E8560D425D
0x646425,90E890FA415D
0x646456,90E8ED0C425D
0x64648e,90E827FA415D
0x6465e4,90E8DF663D5D
0x6467fa,90E84909425D
0x64682f,90E886F6415D
0x646846,90E87D643D5D
0x6468ce,90E8E209425D
0x6468e3,90E86008425D
0x64690f,90E8A6F5415D
0x646928,90E81B08425D
0x646961,90E854F5415D
0x64697c,90E847633D5D
0x646998,90E8AB07425D
0x6469b5,90E80E633D5D
0x6469c2,90E801633D5D
0x646a17,90E89EF4415D
0x646a25,90E81E07425D
0x646a5c,90E859F4415D
0x646a6a,90E8D906425D
0x646ac8,90E8EDF3415D
0x646ae6,90E85D06425D
0x646b4f,90E866F3415D
0x646bc3,90E800613D5D
0x646be5,90E8DE603D5D
0x646bf7,90E8CC603D5D
0x646c04,90E8BF603D5D
0x646c32,90E878523A5D
0x646dc6,90E8FD5E3D5D
0x646dd6,90E8ED5E3D5D
0x646de5,90E8DE5E3D5D
0x6472b4,90E80F5A3D5D
0x6472f8,90E8CB593D5D
0x6473d5,90E8EE583D5D
0x6473fd,90E8C6583D5D
0x64740c,90E8B7583D5D
0x6477e4,90E8DF543D5D
0x648395,90E82E493D5D
0x648603,90E8C0463D5D
0x648a53,90E81AEB395D
0x648b3f,90E884413D5D
0x648b61,90E862413D5D
0x648c3d,90E886403D5D
0x648c70,90E853403D5D
0x648c80,90E843403D5D
0x648e12,90E8B13E3D5D
0x648e52,90E8713E3D5D
0x648e9b,90E8283E3D5D
0x648eea,90E8D93D3D5D
0x6490a6,90E80AE2415D
0x6490fe,90E87DCD415D
0x6491cc,90E8449D395D
0x649230,90E880E0415D
0x6492b0,90E8133A3D5D
0x6492c2,90E8013A3D5D
0x6492cd,90E8F6393D5D
0x64931f,90E8A4393D5D
0x6493bf,90E8F6CA415D
0x6493d2,90E8F1383D5D
0x6493dd,90E8E6383D5D
0x649433,90E882CA415D
0x649453,90E962CA415D
0x649767,90E814C7415D
0x6497c3,90E8EDDA415D
0x649918,90E89DC5415D
0x649b4a,90E879313D5D
0x649b6e,90E855313D5D
0x649b82,90E841313D5D
0x649cc2,90E801303D5D
0x649ce2,90E8E12F3D5D
0x649cfa,90E8C92F3D5D
0x649fee,90E8D52C3D5D
0x64a002,90E8C12C3D5D
0x64a0f5,90E8CE2B3D5D
0x64a105,90E8BE2B3D5D
0x64a6de,90E8E5253D5D
0x64a6fe,90E8C5253D5D
0x64a712,90E8B1253D5D
0x64a720,90E8A3253D5D
0x64a72d,90E896253D5D
0x64a772,90E851253D5D
0x64a77f,90E844253D5D
0x64a7ee,90E8D5243D5D
0x64a80e,90E8B5243D5D
0x64a822,90E8A1243D5D
0x64ac57,90E859C6415D
0x64ad7a,90E836C5415D
0x64ae27,90E889C4415D
0x64aed4,90E8DCC3415D
0x64af81,90E82FC3415D
0x64b0a7,90E81C1C3D5D
0x64b109,90E8A7C1415D
0x64b1b3,90E8101B3D5D
0x64b1c8,90E8FB1A3D5D
0x64b1d9,90E8EA1A3D5D
0x64b1eb,90E8D81A3D5D
0x64b1f8,90E8CB1A3D5D
0x64b210,90E89A0C3A5D
0x64b24f,90E8741A3D5D
0x64b25c,90E8671A3D5D
0x64b29c,90E8271A3D5D
0x64b2ad,90E8161A3D5D
0x64b2be,90E8051A3D5D
0x64b363,90E860193D5D
0x64b374,90E84F193D5D
0x64b3c9,90E8FA183D5D
0x64b504,90E8A2EF395D
0x64b50f,90E882EB395D
0x64b54b,90E82279395D
0x64b5c9,90E8FA163D5D
0x64b5e9,90E8DA163D5D
0x64b5fd,90E8C6163D5D
0x64b613,90E8B0163D5D
0x64b620,90E8A3163D5D
0x64b6c9,90E8FA153D5D
0x64b6d6,90E8ED153D5D
0x64b74e,90E875153D5D
0x64b762,90E861153D5D
0x64b791,90E8B4D2425D
0x64b7b2,90E8BDA8425D
0x64b801,90E8C2143D5D
0x64b81e,90E8A5143D5D
0x64b832,90E891143D5D
0x64b9cf,90E8F4123D5D
0x64ba15,90E8AE123D5D
0x64ba20,90E8A3123D5D
0x64bb29,90E89A113D5D
0x64bc6a,90E859103D5D
0x64bd4f,90E8740F3D5D
0x64bd7d,90E8460F3D5D
0x64bdd0,90E8F30E3D5D
0x64be0b,90E814AC395D
0x64be2e,90E8950E3D5D
0x64be66,90E85D0E3D5D
0x64be7a,90E8490E3D5D
0x64bee8,90E8DB0D3D5D
0x64befb,90E8C80D3D5D
0x64bf0e,90E8609A425D
0x64bf26,90E85AB3415D
0x64bf5b,90E85A9F415D
0x64bf65,90E85E0D3D5D
0x64bf70,90E8530D3D5D
0x64c08a,90E8390C3D5D
0x64c0e8,90E8DB0B3D5D
0x64c0ff,90E8C40B3D5D
0x64c110,90E85E98425D
0x64c122,90E85EB1415D
0x64c155,90E8609D415D
0x64c15f,90E8640B3D5D
0x64c16a,90E8590B3D5D
0x64c24a,90E8F9AE415D
0x64c49a,90E81B9A415D
0x64c4fc,90E8C7073D5D
0x64c513,90E8B0073D5D
0x64c522,90E84C94425D
0x64c5a8,90E81B073D5D
0x64c5bf,90E804073D5D
0x64c5d0,90E89E93425D
0x64c5e2,90E89EAC415D
0x64c633,90E88298415D
0x64c63d,90E886063D5D
0x64c648,90E87B063D5D
0x64c6ec,90E8D7053D5D
0x64c703,90E8C0053D5D
0x64c712,90E85C92425D
0x64c7ef,90E8D4043D5D
0x64c80f,90E8B4043D5D
0x64c865,90E85E043D5D
0x64c8ab,90E874A1395D
0x64c8ce,90E8F5033D5D
0x64c901,90E8C2033D5D
0x64c911,90E8B2033D5D
0x64ca2d,90E896023D5D
0x64cad2,90E8F1013D5D
0x64cb11,90E8B2013D5D
0x64cb21,90E8A2013D5D
0x64cbfa,90E8C9003D5D
0x64cc1a,90E8A9003D5D
0x64cc6a,90E859003D5D
0x64cd1a,90E8A9FF3C5D
0x64cd7a,90E849FF3C5D
0x64ce0a,90E8B9FE3C5D
0x64ce50,90E96590415D
0x64ce70,90E94590415D
0x64ce90,90E92590415D
0x64d46f,90E854F83C5D
0x64d498,90E82BF83C5D
0x64d4d7,90E8ECF73C5D
0x64d4eb,90E8D8F73C5D
0x64d518,90E8ABF73C5D
0x64d5c5,90E85A94395D
0x64d7b0,90E8BE81425D
0x64d802,90E86C81425D
0x64d83d,90E83181425D
0x64d86c,90E80281425D
0x64d8bc,90E8B280425D
0x64d911,90E85D80425D
0x64d9a5,90E81EF33C5D
0x64da3d,90E886F23C5D
0x64daaa,90E819F23C5D
0x64dad3,90E8AD97415D
0x64dbd9,90E8EAF03C5D
0x64dc50,90E81E7D425D
0x64dca2,90E8CC7C425D
0x64dcdd,90E8917C425D
0x64dd0c,90E8627C425D
0x64dd5c,90E8127C425D
0x64ddb1,90E8BD7B425D
0x64de45,90E87EEE3C5D
0x64dfe3,90E9D27E415D
0x64e0e0,90E88E78425D
0x64e132,90E83C78425D
0x64e16d,90E80178425D
0x64e19c,90E8D277425D
0x64e1ec,90E88277425D
0x64e241,90E82D77425D
0x64e2d5,90E8EEE93C5D
0x64e388,90E83BE93C5D
0x64e3d7,90E8ECE83C5D
0x64e3eb,90E8D8E83C5D
0x64e416,90E8ADE83C5D
0x64e4c5,90E85A85395D
0x64e60f,90E8B4E63C5D
0x64e62f,90E894E63C5D
0x64e674,90E84FE63C5D
0x64e688,90E83BE63C5D
0x64e6c4,90E8FFE53C5D
0x64e792,90E8DD78425D
0x64e817,90E85878425D
0x64e9ad,90E816E33C5D
0x64ea23,90E85D88415D
0x64ea4d,90E876E23C5D
0x64ea9a,90E829E23C5D
0x64eac3,90E8BD87415D
0x64eb09,90E8BAE13C5D
0x64eb3d,90E886E13C5D
0x64ebaa,90E819E13C5D
0x64ebed,90E8D6E03C5D
0x64ec4a,90E879E03C5D
0x64ec89,90E83AE03C5D
0x64ed1a,90E8A9DF3C5D
0x64ee71,90E852DE3C5D
0x64ef2b,90E898DD3C5D
0x64ef4c,90E877DD3C5D
0x64efaa,90E819DD3C5D
0x64f05c,90E8E780415D
0x64f2cb,90E8F8D93C5D
0x64f2ec,90E8D7D93C5D
0x64f34a,90E879D93C5D
0x64f4fe,90E82175395D
0x64f523,90E8FC74395D
0x64f62c,90E8177B415D
0x64f73c,90E83262425D
0x64f779,90E84AD53C5D
0x64f7cf,90E89F61425D
0x64f84c,90E877D43C5D
0x64f86d,90E856D43C5D
0x64f8ca,90E8F9D33C5D
0x64f97a,90E8C977415D
0x64fbbd,90E806D13C5D
0x64fcbc,90E8B25C425D
0x64fcf9,90E8CACF3C5D
0x64fd4f,90E81F5C425D
0x64fdcc,90E8F7CE3C5D
0x64fded,90E8D6CE3C5D
0x64fe4a,90E879CE3C5D
0x64fefa,90E84972415D
0x6501ac,90E8C257425D
0x6501e9,90E8DACA3C5D
0x65023f,90E82F57425D
0x6502bc,90E807CA3C5D
0x6502dd,90E8E6C93C5D
0x65033a,90E889C93C5D
0x6503ea,90E8596D415D
0x65081c,90E82769415D
0x6508c8,90E8FBC33C5D
0x6508f9,90E87657425D
0x650b6b,90E84E82425D
0x650bff,90E8BA81425D
0x650c44,90E82B54425D
0x650c9c,90E8A764415D
0x650d9c,90E827BF3C5D
0x650dbd,90E806BF3C5D
0x650e1a,90E8A9BE3C5D
0x650eed,90E8D6BD3C5D
0x650fcd,90E8F6BC3C5D
0x651049,90E87ABC3C5D
0x6510ba,90E809BC3C5D
0x6510da,90E8E9BB3C5D
0x6510fd,90E8C6BB3C5D
0x6511cd,90E8F6BA3C5D
0x6512d9,90E8EAB93C5D
0x6512fa,90E8C9B93C5D
0x651329,90E89AB93C5D
0x65138a,90E839B93C5D
0x6513ba,90E809B93C5D
0x651449,90E87AB83C5D
0x6514ae,90E8955C415D
0x6518d9,90E8EAB33C5D
0x65192e,90E81558415D
0x651c99,90E82AB03C5D
0x651cfa,90E84954415D
0x651f4a,90E86B3F415D
0x652139,90E84751415D
0x652349,90E8374F415D
0x6523c9,90E8FAA83C5D
0x65242a,90E8194D415D
0x65267a,90E83B38415D
0x6528d9,90E8EAA33C5D
0x65292a,90E81948415D
0x652b7a,90E83B33415D
0x652e7a,90E8499E3C5D
0x652fa9,90E81A9D3C5D
0x652fca,90E8F99C3C5D
0x65306d,90E8569C3C5D
0x6530aa,90E8199C3C5D
0x6530ca,90E8F99B3C5D
0x653341,90E8742B415D
0x6533c3,90E9F22A415D
0x653401,90E8B42A415D
0x653491,90E8242A415D
0x653533,90E98229415D
0x653581,90E83429415D
0x6536b3,90E90228415D
0x653798,90E8E83A415D
0x6537cd,90E8F6943C5D
0x653848,90E8383A415D
0x653888,90E8F839415D
0x6538c3,90E8BD39415D
0x6538f3,90E88D39415D
0x653913,90E86D39415D
0x653b88,90E8972E395D
0x653bb8,90E8672E395D
0x653bf3,90E9C222415D
0x653cb8,90E8672D395D
0x653d09,90E8162D395D
0x653d4f,90E8E5813B5D
0x653dc8,90E8572C395D
0x653e19,90E8062C395D
0x653e5f,90E8D5803B5D
0x653e99,90E8D621425D
0x653ef3,90E8B95C425D
0x653f6f,90E8C57F3B5D
0x65404f,90E8E57E3B5D
0x6540df,90E8557E3B5D
0x65416f,90E8C57D3B5D
0x6541a3,90E9121D415D
0x6541ef,90E8457D3B5D
0x65425f,90E8D57C3B5D
0x6542a3,90E9121C415D
0x6542ef,90E8457C3B5D
0x654323,90E9921B415D
0x6543a3,90E8121B415D
0x6543b3,90E8021B415D
0x6543c3,90E8F21A415D
0x6543d3,90E8E21A415D
0x6543e3,90E9D21A415D
0x6543f3,90E9C21A415D
0x654403,90E9B21A415D
0x654413,90E9A21A415D
0x654420,90E9951A415D
0x6544ac,90E87325395D
0x6544fc,90E82325395D
0x6545c6,90E8E655425D
0x654630,90E88947425D
0x654652,90E81D1A425D
0x654698,90E88723395D
0x6546f9,90E82623395D
0x654728,90E8F722395D
0x654789,90E89622395D
0x6547a9,90E8C618425D
0x6547f3,90E8B953425D
0x65485e,90E86E53425D
0x654880,90E9EF17425D
0x654903,90E8A952425D
0x654938,90E8E720395D
0x654958,90E8C720395D
0x654988,90E89720395D
0x6549a8,90E87720395D
0x6549fb,90E85816425D
0x654a29,90E89043425D
0x654a35,90E89751425D
0x654a52,90E81D16425D
0x654a72,90E8FD15425D
0x654ab9,90E81351425D
0x654b0c,90E8AD42425D
0x654b30,90E93F15425D
0x654b42,90E82D15425D
0x654bb8,90E8671E395D
0x654be8,90E8371E395D
0x654c01,90E8CB4F425D
0x654c4c,90E8D31D395D
0x654c6c,90E8B31D395D
0x654c81,90E84B4F425D
0x654c91,90E80054395D
0x654ca1,90E80558395D
0x654cb0,90E9FA71395D
0x654e32,90E846FB385D
0x654ecf,90E87422415D
0x654ed9,90E8DC0F415D
0x654f14,90E82F22415D
0x654f1e,90E8970F415D
0x654f37,90E80C22415D
0x654f53,90E8F021415D
0x654f6e,90E8D521415D
0x654f78,90E83D0F415D
0x654f91,90E8B221415D
0x654fad,90E89621415D
0x655022,90E82121415D
0x65503e,90E80521415D
0x65509e,90E8A520415D
0x6550ba,90E88920415D
0x655d8f,90E81B61395D
0x657cf2,90E85DA7375D
0x65824f,90E8E53C3B5D
0x658768,90E8E79C375D
0x658a50,90E873423C5D
0x658a9f,90E824423C5D
0x658ae7,90E8DC413C5D
0x658afb,90E8C8413C5D
0x658b28,90E89B413C5D
0x658b8f,90E834413C5D
0x658df9,90E8CA3E3C5D
0x658e5a,90E8693E3C5D
0x658ec2,90E881E2405D
0x658f59,90E86A3D3C5D
0x6590bf,90E8752E3B5D
0x65a5f1,90E87CCF385D
0x65a7bd,90E8B4C5385D
0x65a850,90E81DCD385D
0x65aef6,90E8CD1D3C5D
0x65af78,90E84B1D3C5D
0x65b364,90E85F193C5D
0x65b47d,90E846183C5D
0x65b4a6,90E81D183C5D
0x65b4b6,90E80D183C5D
0x65b67e,90E8EFBE385D
0x65bdbe,90E8050F3C5D
0x65bdde,90E8E50E3C5D
0x65bdf2,90E8D10E3C5D
0x65c34c,90E877093C5D
0x65c390,90E833093C5D
0x65c39b,90E828093C5D
0x65c47e,90E8C5AC405D
0x65c74c,90E877053C5D
0x65c84d,90E876043C5D
0x65c876,90E84D043C5D
0x65c88a,90E839043C5D
0x65c8fa,90E8C9033C5D
0x65c97a,90E849033C5D
0x65cb89,90E83A013C5D
0x65cfaf,90E814FD3B5D
0x65cfcf,90E8F4FC3B5D
0x65d055,90E8CA99385D
0x65d10d,90E8B6FB3B5D
0x65d16a,90E859FB3B5D
0x65d21a,90E8A9FA3B5D
0x65d2db,90E8E8F93B5D
0x65d39c,90E827F93B5D
0x65d3bd,90E806F93B5D
0x65d41a,90E8A9F83B5D
0x65d4cc,90E8779C405D
0x65d6d8,90E8EBF53B5D
0x65d742,90E8019A405D
0x65d7cd,90E8F6F43B5D
0x65d8a9,90E81AF43B5D
0x65d8ca,90E8F9F33B5D
0x65da89,90E83AF23B5D
0x65daaa,90E819F23B5D
0x65dbc6,90E8AB91385D
0x65dbf8,90E8278E385D
0x65dc5f,90E8D5E23A5D
0x65dccf,90E865E23A5D
0x65dd6c,90E8B38C385D
0x65e0ac,90E8A77F415D
0x65e139,90E8367F415D
0x65e196,90E80680385D
0x65e1f9,90E810A9415D
0x65e279,90E8EA50385D
0x65e289,90E880A8415D
0x65eb0f,90E81587385D
0x65f332,90E8117E405D
0x660a9e,90E8A566405D
0x6611b2,90E8C637385D
0x663597,90E82C973B5D
0x66554b,90E82220385D
0x666bfd,90E87009385D
0x6675d4,90E8C8EB375D
0x6676da,90E8C2EA375D
0x6677fa,90E8A2E9375D
0x66791c,90E880E8375D
0x66794c,90E821FC375D
0x667a3c,90E860E7375D
0x667a6c,90E801FB375D
0x667c46,90E87D503B5D
0x667d1f,90E8A44F3B5D
0x6689c9,90E8A4EB375D
0x668a44,90E829EB375D
0x668ad4,90E899EA375D
0x668c72,90E8FBE8375D
0x668ef6,90E877E6375D
0x668f5e,90E80FE6375D
0x66950b,90E862E0375D
0x669a0a,90E85999375D
0x66b2b9,90E8B4C2375D
0x66b5eb,90E8D8163B5D
0x66b645,90E87E163B5D
0x66b6b7,90E80C163B5D
0x66b6cb,90E8F8153B5D
0x66b6f6,90E8CD153B5D
0x66b96a,90E859133B5D
0x66ba58,90E8C7AF375D
0x66baa9,90E876AF375D
0x66baf8,90E827AF375D
0x66bb59,90E8C6AE375D
0x66bba8,90E877AE375D
0x66bbc8,90E857AE375D
0x66bc28,90E8F7AD375D
0x66bc6c,90E8B3AD375D
0x66bd42,90E8368C375D
0x66c373,90E8FA6A375D
0x6709d6,90E8D09A375D
0x6709e1,90E8B096375D
0x6709f7,90E8F9B1395D
0x670a07,90E895F7365D
0x670a40,90E8D0F7365D
0x670a47,90E814F2365D
0x670aa6,90E8009A375D
0x670ab1,90E8E095375D
0x670ac7,90E829B1395D
0x670ad7,90E8C5F6365D
0x670b10,90E800F7365D
0x670b17,90E844F1365D
0x670b76,90E83099375D
0x670b81,90E81095375D
0x670b97,90E859B0395D
0x670ba7,90E8F5F5365D
0x670be0,90E830F6365D
0x670be7,90E874F0365D
0x670c5a,90E84C98375D
0x670c65,90E82C94375D
0x670c78,90E878AF395D
0x670c8d,90E88E3B375D
0x670ca4,90E8F8F4365D
0x670cb8,90E86CFD365D
0x670cd3,90E83DF5365D
0x670cda,90E881EF365D
0x670d4d,90E85997375D
0x670d58,90E83993375D
0x670d6b,90E885AE395D
0x670d80,90E89B3A375D
0x670d94,90E808F4365D
0x670da8,90E87CFC365D
0x670dda,90E836F4365D
0x670de1,90E87AEE365D
0x671136,90E80D603F5D
0x671164,90E8514D3F5D
0x671180,90E843BB3A5D
0x671191,90E8B25F3F5D
0x6711bd,90E8F84C3F5D
0x671660,90E81B483F5D
0x671671,90E80A483F5D
0x671681,90E8FA473F5D
0x671691,90E8EA473F5D
0x6716a1,90E8DA473F5D
0x6716b1,90E8CA473F5D
0x6716c1,90E8BA473F5D
0x6716d1,90E8AA473F5D
0x6716e1,90E89A473F5D
0x6717ff,90E87C463F5D
0x671893,90E81D5A3F5D
0x671946,90E86F453F5D
0x671956,90E85F453F5D
0x671966,90E84F453F5D
0x671976,90E83F453F5D
0x671986,90E82F453F5D
0x671996,90E81F453F5D
0x6719a6,90E80F453F5D
0x6719b6,90E8FF443F5D
0x6719c6,90E8EF443F5D
0x6719d9,90E8DC443F5D
0x671c7f,90E831563F5D
0x671d35,90E87B553F5D
0x671d86,90E82A553F5D
0x671e13,90E89D543F5D
0x671e5b,90E855543F5D
0x671e6f,90E841543F5D
0x671e80,90E830543F5D
0x675245,90E81EE1365D
0x6752ef,90E874E0365D
0x675964,90E851053F5D
0x675974,90E841053F5D
0x6759ac,90E809053F5D
0x6759be,90E8F7043F5D
0x6772d5,90E86EFE3E5D
0x6772df,90E8D6EB3E5D
0x677353,90E8F0FD3E5D
0x677372,90E8D1FD3E5D
0x677390,90E8B3FD3E5D
0x67739a,90E81BEB3E5D
0x6773c4,90E87FFD3E5D
0x6773e3,90E860FD3E5D
0x6773fe,90E845FD3E5D
0x677408,90E8ADEA3E5D
0x677427,90E81CFD3E5D
0x677446,90E8FDFC3E5D
0x677466,90E8DDFC3E5D
0x677485,90E8BEFC3E5D
0x6774a5,90E89EFC3E5D
0x6774c1,90E882FC3E5D
0x6774dc,90E867FC3E5D
0x6774e6,90E8CFE93E5D
0x6774f5,90E84EFC3E5D
0x6774ff,90E8B6E93E5D
0x677513,90E830FC3E5D
0x677532,90E811FC3E5D
0x67754d,90E8F6FB3E5D
0x677557,90E85EE93E5D
0x677576,90E8CDFB3E5D
0x677595,90E8AEFB3E5D
0x6794a3,90E8D8C93E5D
0x6794bf,90E8FE02405D
0x6794d5,90E8C8E03E5D
0x6794e6,90E8CFC93E5D
0x679539,90E87CC93E5D
0x6795af,90E806C93E5D
0x679fc3,90E8DAC9365D
0x67a75f,90E8E4C93E5D
0x67a769,90E84CB73E5D
0x67a7e1,90E862C93E5D
0x67a7fd,90E846C93E5D
0x67c28b,90E8E26B365D
0x67c2d4,90E8996B365D
0x67c322,90E84F10375D
0x67c374,90E8566D365D
0x67cb85,90E8BEA53E5D
0x67cbae,90E8B35D3A5D
0x67cbf6,90E8BF923E5D
0x67cc47,90E8FCA43E5D
0x67cc71,90E8F05C3A5D
0x67ccb8,90E8FD913E5D
0x6807db,90E86069365D
0x6808f7,90E81926365D
0x68091f,90E892D3365D
0x681116,90E8571D365D
0x681547,90E863A9365D
0x681579,90E8CA5B3E5D
0x6815bd,90E8F8483E5D
0x681d98,90E8257A3F5D
0x681dcd,90E8E8403E5D
0x681e22,90E888A0365D
0x681e35,90E875A0365D
0x682280,90E8BF303E5D
0x6822ab,90E894303E5D
0x6822d6,90E869303E5D
0x682301,90E83E303E5D
0x682332,90E80D303E5D
0x6823ad,90E8083B3E5D
0x6823bf,90E8F63A3E5D
0x6823d1,90E8E43A3E5D
0x6823e2,90E8D33A3E5D
0x6823fa,90E8BB3A3E5D
0x682410,90E8A53A3E5D
0x682422,90E8933A3E5D
0x682434,90E8813A3E5D
0x682445,90E8703A3E5D
0x68245d,90E8583A3E5D
0x68275a,90E8A563355D
0x682fdf,90E8253D365D
0x6831f9,90E8DF403E5D
0x683209,90E8CF403E5D
0x68396b,90E85893395D
0x6839b2,90E81193395D
0x683d6c,90E8578F395D
0x683db6,90E80D8F395D
0x683dcd,90E8F68E395D
0x683df5,90E8CE8E395D
0x6852bb,90E8087A395D
0x6852ce,90E8F579395D
0x685524,90E89F77395D
0x68553c,90E88777395D
0x68554d,90E87677395D
0x685561,90E86277395D
0x68556e,90E85577395D
0x6855c5,90E8FE76395D
0x6855dc,90E8E776395D
0x6855e9,90E8DA76395D
0x68579e,90E82575395D
0x6857af,90E81475395D
0x6857c1,90E80275395D
0x6857cc,90E8F774395D
0x685aa0,90E82372395D
0x685ad2,90E8F171395D
0x685ae2,90E8E171395D
0x6867d0,90E8ABF63D5D
0x6867e1,90E89AF63D5D
0x6867ef,90E88CF63D5D
0x6867fd,90E87EF63D5D
0x68680b,90E870F63D5D
0x68681c,90E85FF63D5D
0x68683a,90E8760A3E5D
0x6868f0,90E8FAB6905B
0x686903,90E8B2F53D5D
0x686911,90E8A4F53D5D
0x68691f,90E896F53D5D
0x68692d,90E888F53D5D
0x68693b,90E87AF53D5D
0x68694c,90E869F53D5D
0x6869df,90E864073E5D
0x686a0e,90E8F0E8365D
0x686a36,90E80D073E5D
0x686a5e,90E857F43D5D
0x686a70,90E845F43D5D
0x686a7f,90E8C4063E5D
0x686aa8,90E80DF43D5D
0x686b46,90E8FD053E5D
0x686b78,90E8250A3E5D
0x686b8a,90E82BF33D5D
0x686b9c,90E819F33D5D
0x686bb4,90E869E83D5D
0x686bc5,90E8AF093E5D
0x686bd6,90E8C7093E5D
0x686be8,90E8CDF23D5D
0x686c01,90E8B4F23D5D
0x686c16,90E89FF23D5D
0x686c2e,90E887F23D5D
0x686c74,90E841F23D5D
0x686c89,90E82CF23D5D
0x686ca1,90E814F23D5D
0x686d47,90E8D3B1905B
0x686dc0,90E82AB2905B
0x686f46,90E8B8E3365D
0x686f6d,90E8B2FA355D
0x686f81,90E81CFA355D
0x686fa3,90E85BE3365D
0x687268,90E85B5A395D
0x68727f,90E8445A395D
0x687290,90E8DEE63E5D
0x6872a2,90E8DEFF3D5D
0x6872d8,90E8DDEB3D5D
0x6872e2,90E8E159395D
0x6872ed,90E8D659395D
0x6873bc,90E80759395D
0x6873d3,90E8F058395D
0x6873e2,90E88CE53E5D
0x68742a,90E89958395D
0x6874ef,90E8D457395D
0x68750f,90E8B457395D
0x6875bf,90E80457395D
0x687636,90E88D56395D
0x687666,90E85D56395D
0x68767a,90E84956395D
0x68774d,90E87655395D
0x6877bb,90E80855395D
0x6877f6,90E8CD54395D
0x68780a,90E8B954395D
0x687950,90E87353395D
0x687a0f,90E8B452395D
0x687a5b,90E86852395D
0x687aec,90E8D751395D
0x687b56,90E86D51395D
0x687b86,90E83D51395D
0x687b9a,90E82951395D
0x687bfb,90E8C850395D
0x687cba,90E80950395D
0x687cf0,90E9C5E13D5D
0x687e98,90E805EB355D
0x687eac,90E8F1EA355D
0x687ee2,90E81CD4365D
0x687ef2,90E80CD4365D
0x687fc1,90E8F4DE3D5D
0x688200,90E86ED73E5D
0x688252,90E81CD73E5D
0x68828d,90E8E1D63E5D
0x6882bc,90E8B2D63E5D
0x68830c,90E862D63E5D
0x688361,90E80DD63E5D
0x6883f5,90E8CE48395D
0x688431,90E884DA3D5D
0x6884ed,90E8D647395D
0x68853a,90E88947395D
0x688598,90E82B47395D
0x6885e2,90E8E146395D
0x6885f6,90E8CD46395D
0x688630,90E89346395D
0x68881f,90E8A444395D
0x68883f,90E88444395D
0x688877,90E84C44395D
0x68888b,90E83844395D
0x6888b8,90E80B44395D
0x688b2f,90E89441395D
0x688b77,90E84C41395D
0x688b8b,90E83841395D
0x688bb8,90E80B41395D
0x688c3f,90E88440395D
0x688c68,90E85B40395D
0x688cb2,90E81140395D
0x688cc6,90E8FD3F395D
0x688d00,90E8C33F395D
0x688ed9,90E8EA3D395D
0x688f19,90E8AA3D395D
0x688f9a,90E8293D395D
0x688fb3,90E8CDE23D5D
0x6890ac,90E8173C395D
0x6890cd,90E8F63B395D
0x68912a,90E8993B395D
0x6891e3,90E9D2CC3D5D
0x689252,90E8F1DE3D5D
0x68937c,90E8F2C53E5D
0x6893b9,90E80A39395D
0x68940f,90E85FC53E5D
0x68948c,90E83738395D
0x6894ad,90E81638395D
0x68950a,90E8B937395D
0x6895ba,90E889DB3D5D
0x6897d3,90E9E2C63D5D
0x68980d,90E8B634395D
0x689b82,90E8C1D53D5D
0x689c38,90E88B30395D
0x689ebc,90E887D23D5D
0x689fa2,90E8A1D13D5D
0x68a03f,90E8842C395D
0x68a0ee,90E831C9355D
0x68a113,90E80CC9355D
0x68a502,90E841CC3D5D
0x68a5b9,90E80A27395D
0x68a62a,90E89926395D
0x68a65a,90E86926395D
0x68a6c9,90E8FA25395D
0x68a6ea,90E8D925395D
0x68a729,90E89A25395D
0x68a78a,90E83925395D
0x68a7aa,90E81925395D
0x68a7d9,90E8EA24395D
0x68a83a,90E88924395D
0x68a8dc,90E8C4C2355D
0x68a938,90E865C0355D
0x68a979,90E84A23395D
0x68a9ca,90E879C73D5D
0x68ac1a,90E89BB23D5D
0x68ace9,90E8DA1F395D
0x68ad4a,90E8F9C33D5D
0x68af9a,90E81BAF3D5D
0x68b129,90E857C13D5D
0x68b33c,90E807BE3D5D
0x68b3ba,90E80919395D
0x68b409,90E8BA18395D
0x68b42a,90E89918395D
0x68b469,90E85A18395D
0x68b48d,90E83618395D
0x68b4ca,90E8F917395D
0x68b4ea,90E8D917395D
0x68b82d,90E89614395D
0x68b878,90E808BA3D5D
0x68b8b3,90E8CDB93D5D
0x68c8c3,90E9F2953D5D
0x68c921,90E813F6375D
0x68c963,90E952953D5D
0x68ca41,90E8F3F4375D
0x68cb5f,90E8D5F3375D
0x68cbcf,90E865F3375D
0x68cc18,90E8079E355D
0x68cc69,90E8B69D355D
0x68cd41,90E8F3F1375D
0x68cdcf,90E865F1375D
0x68ce2f,90E805F1375D
0x68ce9f,90E895F0375D
0x68cf43,90E8728F3D5D
0x68cf53,90E8628F3D5D
0x68cf63,90E9528F3D5D
0x68cf73,90E9428F3D5D
0x68cf80,90E9358F3D5D
0x68cfae,90E88C78355D
0x68cfe0,90E8757B355D
0x68d4d8,90E84795355D
0x68d559,90E8C694355D
0x68d8e8,90E83791355D
0x68d918,90E80791355D
0x68db18,90E8078F355D
0x68dc0c,90E8138E355D
0x68dda0,90E9B56D355D
0x68ddb0,90E98A6A355D
0x68ddf7,90E8A98D355D
0x68de67,90E8368B355D
0x68ded4,90E8C98A355D
0x68df04,90E81B8B355D
0x68df26,90E8D873365D
0x68e561,90E8A387355D
0x68e581,90E88387355D
0x690d42,90E84344355D
0x690de2,90E8FC3F355D
0x690fc1,90E8D090355D
0x690fd1,90E8D594355D
0x691062,90E8121E365D
0x691372,90E80636355D
0x6913d0,90E83459355D
0x6916cc,90E8775A3D5D
0x6916d5,90E8E0473D5D
0x69172c,90E8175A3D5D
0x691748,90E8FB593D5D
0x691f27,90E88E3F3D5D
0x691f66,90E84F3F3D5D
0x6946ec,90E8572A3D5D
0x6946f6,90E8BF173D5D
0x69472c,90E8172A3D5D
0x694748,90E8FB293D5D
0x69479f,90E8A4293D5D
0x6947a9,90E80C173D5D
0x6947d8,90E86B293D5D
0x6947f4,90E84F293D5D
0x694890,90E825163D5D
0x694dfa,90E83FEF375D
0x695158,90E8E2EA375D
0x695191,90E8B7E9375D
0x6951aa,90E89EE9375D
0x69521a,90E82EE9375D
0x6958f7,90E835D4355D
0x696038,90E82387355D
0x6961a3,90E827CF345D
0x69625f,90E81271355D
0x6963ce,90E88D83355D
0x696614,90E825D7375D
0x69663e,90E80AD5375D
0x696680,90E8B9D6375D
0x6966a6,90E8A2D4375D
0x6966cc,90E8EC9A345D
0x696753,90E80895345D
0x696976,90E8D1C9355D
0x69699b,90E891C3355D
0x6969ca,90E82CA3355D
0x696a7e,90E8A1FF345D
0x696c36,90E83EC2355D
0x696c96,90E8DEC1355D
0x696d61,90E81375345D
0x696d74,90E8829F355D
0x696d82,90E8C5C5355D
0x696d93,90E899BF355D
0x696df4,90E8A9FB345D
0x697359,90E8E0C9375D
0x6973c9,90E870C9375D
0x6975a2,90E8D6D3345D
0x6983e9,90E85AED3C5D
0x69841a,90E89BDA3C5D
0x698512,90E831EC3C5D
0x698541,90E874D93C5D
0x698550,90E8F3EB3C5D
0x69857c,90E839D93C5D
0x69858b,90E8B8EB3C5D
0x6985b7,90E8FED83C5D
0x6985c6,90E87DEB3C5D
0x6985f2,90E8C3D83C5D
0x69860d,90E836EB3C5D
0x698646,90E8FDEA3C5D
0x698673,90E842D83C5D
0x6991c0,90E883DF3C5D
0x6991f1,90E8C4CC3C5D
0x699e09,90E83AD33C5D
0x699e3a,90E87BC03C5D
0x69a100,90E843D03C5D
0x69a130,90E885BD3C5D
0x69a158,90E8EBCF3C5D
0x69a188,90E82DBD3C5D
0x69a1b1,90E892CF3C5D
0x69a1e1,90E8D4BC3C5D
0x69a209,90E83ACF3C5D
0x69a239,90E87CBC3C5D
0x69a25b,90E8E8CE3C5D
0x69a288,90E82DBC3C5D
0x69a2aa,90E899CE3C5D
0x69a2d7,90E8DEBB3C5D
0x69a2fd,90E846CE3C5D
0x69a32a,90E88BBB3C5D
0x69a353,90E8F0CD3C5D
0x69a383,90E832BB3C5D
0x69ac5b,90E8E8C43C5D
0x69ac85,90E830B23C5D
0x69b6e9,90E85ABA3C5D
0x69b716,90E89FA73C5D
0x69ba4a,90E8F9B63C5D
0x69ba77,90E83EA43C5D
0x69ba99,90E8AAB63C5D
0x69bac6,90E8EFA33C5D
0x69bae9,90E85AB63C5D
0x69bb16,90E89FA33C5D
0x69c560,90E8E3AB3C5D
0x69c591,90E824993C5D
0x69d109,90E83AA03C5D
0x69d13a,90E87B8D3C5D
0x69d4ed,90E8569C3C5D
0x69d51e,90E897893C5D
0x69d547,90E8FC9B3C5D
0x69d578,90E83D893C5D
0x69d5a3,90E8A09B3C5D
0x69d5d4,90E8E1883C5D
0x69d5fd,90E8469B3C5D
0x69d62e,90E887883C5D
0x69e084,90E83FEC375D
0x69e15f,90E864EB375D
0x69e3be,90E805E9375D
0x69e750,90E8F3893C5D
0x69e781,90E834773C5D
0x69f8d6,90E86D783C5D
0x69f907,90E8AE653C5D
0x69feba,90E889723C5D
0x69fee7,90E8CE5F3C5D
0x69ff09,90E83A723C5D
0x69ff36,90E87F5F3C5D
0x69ff58,90E8EB713C5D
0x69ff85,90E8305F3C5D
0x69ffa7,90E89C713C5D
0x69ffd4,90E8E15E3C5D
0x69fff6,90E84D713C5D
0x6a0023,90E8925E3C5D
0x6a004b,90E8F8703C5D
0x6a007b,90E83A5E3C5D
0x6a00a3,90E8A0703C5D
0x6a00d3,90E8E25D3C5D
0x6a00fb,90E848703C5D
0x6a012b,90E88A5D3C5D
0x6a0153,90E8F06F3C5D
0x6a0183,90E8325D3C5D
0x6a01a4,90E89F6F3C5D
0x6a01d4,90E8E15C3C5D
0x6a0bac,90E817C1375D
0x6a0c7a,90E8C9643C5D
0x6a0f29,90E89ABD375D
0x6a0fca,90E8F9BC375D
0x6a0fea,90E8D9BC375D
0x6a1212,90E8315F3C5D
0x6a1b9f,90E895A3365D
0x6a23c1,90E802A9375D
0x6a2523,90E8A0A7375D
0x6a26e3,90E8E0A5375D
0x6a30cd,90E876403C5D
0x6a30fd,90E8B82D3C5D
0x6a3300,90E8433E3C5D
0x6a332f,90E8862B3C5D
0x6a333e,90E8053E3C5D
0x6a336d,90E8482B3C5D
0x6a337c,90E8C73D3C5D
0x6a33ab,90E80A2B3C5D
0x6a33ba,90E8893D3C5D
0x6a33e9,90E8CC2A3C5D
0x6a33f8,90E84B3D3C5D
0x6a3424,90E8912A3C5D
0x6a3433,90E8103D3C5D
0x6a345f,90E8562A3C5D
0x6a346e,90E8D53C3C5D
0x6a349a,90E81B2A3C5D
0x6a34a9,90E89A3C3C5D
0x6a34d8,90E8DD293C5D
0x6a34e7,90E85C3C3C5D
0x6a3516,90E89F293C5D
0x6a3525,90E81E3C3C5D
0x6a3554,90E861293C5D
0x6a3781,90E84295375D
0x6a3899,90E82A94375D
0x6a394a,90E87993375D
0x6a3b2a,90E819363C5D
0x6a3d6d,90E8568F375D
0x6a3dca,90E8F98E375D
0x6a3e4c,90E8778E375D
0x6a3e6d,90E8568E375D
0x6a3eca,90E8F98D375D
0x6a40bd,90E8068C375D
0x6a4109,90E8BA8B375D
0x6a415e,90E8E52F3C5D
0x6a479f,90E89577365D
0x6a5039,90E80A213C5D
0x6a5066,90E84F0E3C5D
0x6a521a,90E8291F3C5D
0x6a5248,90E86D0C3C5D
0x6a5257,90E8EC1E3C5D
0x6a5282,90E8330C3C5D
0x6a5291,90E8B21E3C5D
0x6a52d4,90E8E10B3C5D
0x6a5e52,90E8F1123C5D
0x6a5e5b,90E85A003C5D
0x6a5f0c,90E837123C5D
0x6a5f15,90E8A0FF3B5D
0x6a5f61,90E8E2113C5D
0x6a5f7d,90E8C6113C5D
0x6a6230,90E850103C5D
0x6a630f,90E8A6FB3B5D
0x6a6357,90E824FB3B5D
0x6a6368,90E813FB3B5D
0x6a63d0,90E8E5FA3B5D
0x6a63e0,90E8D5FA3B5D
0x6a6750,90E84D02345D
0x6a6a9b,90E8A8063C5D
0x6a6ab1,90E892063C5D
0x6a6ac8,90E87B063C5D
0x6a6b75,90E840F33B5D
0x6a6b86,90E82FF33B5D
0x6a6b9a,90E81BF33B5D
0x6a6baf,90E894053C5D
0x6a6bc9,90E87A053C5D
0x6a6be0,90E863053C5D
0x6a6c8b,90E82AF23B5D
0x6a6c9d,90E818F23B5D
0x6a6cae,90E807F23B5D
0x6a6cc1,90E882043C5D
0x6a6cdb,90E868043C5D
0x6a6cf2,90E851043C5D
0x6a6d9f,90E816F13B5D
0x6a6db1,90E804F13B5D
0x6a6dc2,90E8F3F03B5D
0x6a6ddb,90E868033C5D
0x6a6df5,90E84E033C5D
0x6a6e0c,90E837033C5D
0x6a6eb9,90E8FCEF3B5D
0x6a6ecb,90E8EAEF3B5D
0x6a6edc,90E8D9EF3B5D
0x6a6ef3,90E850023C5D
0x6a6f10,90E833023C5D
0x6a6f2a,90E819023C5D
0x6a6fe3,90E8D2EE3B5D
0x6a6ff8,90E8BDEE3B5D
0x6a700c,90E8A9EE3B5D
0x6a7070,90E845EE3B5D
0x6a72fd,90E846FE3B5D
0x6a732f,90E886EB3B5D
0x6a73e1,90E8E258375D
0x6a73ec,90E8D758375D
0x6a74fd,90E846FC3B5D
0x6a752c,90E889E93B5D
0x6a7548,90E87B57375D
0x6a7592,90E83157375D
0x6a75a3,90E82057375D
0x6a7648,90E87B56375D
0x6a7665,90E84BFC3B5D
0x6a7673,90E85056375D
0x6a7684,90E83F56375D
0x6a7695,90E808FF3B5D
0x6a76d9,90E8EA55375D
0x6a76ea,90E8D955375D
0x6a78bc,90E80754375D
0x6a78d2,90E8F153375D
0x6a78df,90E8E453375D
0x6a78f2,90E8D153375D
0x6a78fd,90E8C653375D
0x6a7aeb,90E883DE3C5D
0x6a7b2d,90E89651375D
0x6a7b7d,90E8F1DD3C5D
0x6a7c42,90E88150375D
0x6a7c51,90E81DDD3C5D
0x6a7d42,90E83EF53B5D
0x6a7d56,90E82AF53B5D
0x6a7dda,90E8E94E375D
0x6a7dfa,90E8C94E375D
0x6a7e1f,90E8A44E375D
0x6a7e3f,90E8844E375D
0x6a7e8d,90E8364E375D
0x6a7f22,90E8A14D375D
0x6a7f61,90E8624D375D
0x6a7f71,90E8524D375D
0x6a7ffa,90E8C94C375D
0x6a8023,90E85DF23B5D
0x6a81c1,90E8F4DC3B5D
0x6a8232,90E811EF3B5D
0x6a855f,90E86447375D
0x6a857f,90E84447375D
0x6a85c4,90E8FF46375D
0x6a85d8,90E8EB46375D
0x6a8614,90E8AF46375D
0x6a8739,90E88A45375D
0x6a875a,90E86945375D
0x6a8b88,90E83B41375D
0x6a8f8a,90E8393D375D
0x6a8fc9,90E8FA3C375D
0x6a905c,90E824E23B5D
0x6a9071,90E80FE23B5D
0x6a911a,90E829E03B5D
0x6a953c,90E807DC3B5D
0x6a960c,90E874DC3B5D
0x6a9623,90E85DDC3B5D
0x6a9f47,90E856CA335D
0x6a9fab,90E8F2C9335D
0x6aa16f,90E8C51D365D
0x6aa1bf,90E8751D365D
0x6aa4bb,90E8FAB93B5D
0x6aa4cb,90E8EAB93B5D
0x6aa53a,90E863D03B5D
0x6aa544,90E859D03B5D
0x6aa5c6,90E8D7CF3B5D
0x6aa5d3,90E8CACF3B5D
0x6aa643,90E85ACF3B5D
0x6aa650,90E84DCF3B5D
0x6aa7d9,90E8C4CD3B5D
0x6aa7e6,90E8B7CD3B5D
0x6ab4b7,90E88CBC3B5D
0x6ab4e3,90E8D2A93B5D
0x6ab503,90E840BC3B5D
0x6ab531,90E884A93B5D
0x6ab540,90E803BC3B5D
0x6ab569,90E8DABB3B5D
0x6ab593,90E822A93B5D
0x6ab5a2,90E8A1BB3B5D
0x6ab5cc,90E8E9A83B5D
0x6ab701,90E842BA3B5D
0x6ab745,90E870A73B5D
0x6ab754,90E8EFB93B5D
0x6ab79b,90E81AA73B5D
0x6ac499,90E8E2993B5D
0x6ac4ed,90E8C8993B5D
0x6ac567,90E85C07375D
0x6ac637,90E879AC3B5D
0x6ac650,90E8C068335D
0x6ac773,90E8A669335D
0x6ac98b,90E83803375D
0x6acc12,90E8B100375D
0x6acc2c,90E89700375D
0x6acd13,90E8B0FF365D
0x6acd24,90E89FFF365D
0x6acda0,90E87061335D
0x6acdbb,90E8FD33335D
0x6ace3d,90E886FE365D
0x6aceb0,90E8C334335D
0x6acef0,90E86B2D335D
0x6ad1ac,90E8979F3B5D
0x6ad1f3,90E8C28C3B5D
0x6ad241,90E8029F3B5D
0x6ad274,90E8418C3B5D
0x6ad303,90E8409E3B5D
0x6ad34f,90E8668B3B5D
0x6ad3c0,90E8839D3B5D
0x6ad404,90E8B18A3B5D
0x6ad421,90E8229D3B5D
0x6ad462,90E8538A3B5D
0x6ad47e,90E8C59C3B5D
0x6ad4eb,90E8589C3B5D
0x6ad533,90E882893B5D
0x6ad818,90E82B993B5D
0x6ad849,90E86C863B5D
0x6ad876,90E8CD983B5D
0x6ad8a7,90E80E863B5D
0x6ad8cc,90E877983B5D
0x6ad8fc,90E8B9853B5D
0x6add91,90E8B2933B5D
0x6addc2,90E8F3803B5D
0x6adde5,90E85E933B5D
0x6ade16,90E89F803B5D
0x6adfd1,90E872913B5D
0x6ae002,90E8B37E3B5D
0x6ae3f8,90E84B8D3B5D
0x6ae429,90E88C7A3B5D
0x6ae442,90E8018D3B5D
0x6ae473,90E8427A3B5D
0x6ae494,90E8AF8C3B5D
0x6ae4c4,90E8F1793B5D
0x6aeadf,90E8E4E1365D
0x6aeaff,90E8C4E1365D
0x6aeb54,90E86FE1365D
0x6aebd4,90E8EFE0365D
0x6aecca,90E8F9DF365D
0x6aef99,90E82ADD365D
0x6af01a,90E8A9DC365D
0x6af04a,90E879DC365D
0x6af422,90E8217D3B5D
0x6af529,90E89AD7365D
0x6af54a,90E879D7365D
0x6af8ff,90E835C6355D
0x6b0605,90E89863335D
0x6b21ac,90E8974F3B5D
0x6b21b5,90E8003D3B5D
0x6b2201,90E8424F3B5D
0x6b221d,90E8264F3B5D
0x6b2562,90E8E14B3B5D
0x6b256b,90E84A393B5D
0x6b261c,90E8274B3B5D
0x6b2625,90E890383B5D
0x6b2671,90E8D24A3B5D
0x6b268d,90E8B64A3B5D
0x6b2c80,90E89002335D
0x6b5766,90E85D75365D
0x6b5778,90E84B75365D
0x6b5785,90E83E75365D
0x6b5d57,90E824013B5D
0x6b5d7e,90E832153B5D
0x6b5d8d,90E84B153B5D
0x6b5d9c,90E83C153B5D
0x6b5dfd,90E8B8003B5D
0x6b5f52,90E8716D365D
0x6b5f68,90E85B6D365D
0x6b5f73,90E8506D365D
0x6b686e,90E8D5083B5D
0x6b6b29,90E89A61365D
0x6b6bba,90E80961365D
0x6b6bda,90E8E960365D
0x6b6d19,90E8AA5F365D
0x6b70ed,90E8D65B365D
0x6b71e1,90E8E25A365D
0x6b729c,90E8275A365D
0x6b72bd,90E8065A365D
0x6b731a,90E8A959365D
0x6b73cc,90E877FD3A5D
0x6b75dd,90E8E656365D
0x6b7a8f,90E8A544355D
0x6b80a4,90E811DE3A5D
0x6b80b4,90E801DE3A5D
0x6b80c4,90E8F1DD3A5D
0x6b80d4,90E8E1DD3A5D
0x6b80f4,90E8C1DD3A5D
0x6b8114,90E8A1DD3A5D
0x6b8194,90E821DD3A5D
0x6b88da,90E8E943365D
0x6b88ee,90E8D543365D
0x6b88fe,90E8C543365D
0x6b890e,90E8B543365D
0x6b891b,90E8A843365D
0x6b8936,90E88D43365D
0x6b8943,90E88043365D
0x6b8962,90E86143365D
0x6b8972,90E85143365D
0x6b89f7,90E8CC42365D
0x6b8a07,90E8BC42365D
0x6b8a41,90E88242365D
0x6b8a51,90E87242365D
0x6b8ae0,90E8E341365D
0x6b8aee,90E8D541365D
0x6b8af9,90E8CA41365D
0x6b8b0a,90E8B941365D
0x6b8b1e,90E8A541365D
0x6b8d10,90E88DDC325D
0x6b9934,90E881C53A5D
0x6b9a24,90E891C43A5D
0x6bb018,90E863AE3A5D
0x6bb03b,90E875C23A5D
0x6bc132,90E8499D3A5D
0x6bc219,90E8AA0A365D
0x6bc231,90E8920A365D
0x6bc263,90E8600A365D
0x6bc27b,90E8480A365D
0x6bc2ac,90E8170A365D
0x6bc2c4,90E8FF09365D
0x6bc2f5,90E8CE09365D
0x6bc30d,90E8B609365D
0x6bc33e,90E88509365D
0x6bc356,90E86D09365D
0x6bc37b,90E835AF3A5D
0x6bc4b7,90E8E6A4325D
0x6bc8d1,90E8AFA93A5D
0x6bd29d,90E826FA355D
0x6bd2b1,90E812FA355D
0x6bd2c0,90E803FA355D
0x6bd474,90E84FF8355D
0x6bd7c2,90E801F5355D
0x6bd7d8,90E8EBF4355D
0x6bd7e3,90E8E0F4355D
0x6be528,90E89BE7355D
0x6be53c,90E887E7355D
0x6be54c,90E877E7355D
0x6be9e4,90E8DFE2355D
0x6bea01,90E8C2E2355D
0x6bea42,90E881E2355D
0x6bea58,90E86BE2355D
0x6beaf4,90E8CFE1355D
0x6beb11,90E8B2E1355D
0x6beb52,90E871E1355D
0x6beb68,90E85BE1355D
0x6bed5c,90E867DF355D
0x6bf41b,90E8A8D8355D
0x6bf428,90E89BD8355D
0x6bfa57,90E86CD2355D
0x6bfa6a,90E859D2355D
0x6bfa7b,90E848D2355D
0x6bfa8d,90E836D2355D
0x6bfa9a,90E829D2355D
0x6bfaf3,90E8D0D1355D
0x6bfb00,90E8C3D1355D
0x6bfbc9,90E8FAD0355D
0x6bfbd7,90E8ECD0355D
0x6bfc06,90E8BDD0355D
0x6bfc17,90E8ACD0355D
0x6bfc39,90E88AD0355D
0x6bfc4a,90E879D0355D
0x6c025e,90E8E56E3A5D
0x6c05de,90E8E5C6355D
0x6c0685,90E83EC6355D
0x6c0692,90E831C6355D
0x6c156f,90E854B7355D
0x6c1583,90E840B7355D
0x6c15b5,90E80EB7355D
0x6c15cd,90E8F6B6355D
0x6c160d,90E8B6B6355D
0x6c161d,90E8A6B6355D
0x6c162c,90E897B6355D
0x6c16e1,90E8E2B5355D
0x6c16f5,90E8CEB5355D
0x6c1704,90E8BFB5355D
0x6c176c,90E857B5355D
0x6c1784,90E83FB5355D
0x6c17ee,90E8D5B4355D
0x6c1802,90E8C1B4355D
0x6c1c3c,90E887B0355D
0x6c1c52,90E871B0355D
0x6c1c5d,90E866B0355D
0x6c1dff,90E8B6403A5D
0x6c1e47,90E86E403A5D
0x6c21df,90E8E4AA355D
0x6c229e,90E825AA355D
0x6c22ac,90E817AA355D
0x6c22b7,90E80CAA355D
0x6c243d,90E886A8355D
0x6c244d,90E876A8355D
0x6c248b,90E838A8355D
0x6c24a3,90E820A8355D
0x6c24b5,90E80EA8355D
0x6c24f3,90E8D0A7355D
0x6c2507,90E8BCA7355D
0x6c251b,90E8A8A7355D
0x6c2540,90E883A7355D
0x6c2554,90E86FA7355D
0x6c25a5,90E81EA7355D
0x6c25d2,90E8F1A6355D
0x6c25ea,90E8D9A6355D
0x6c2631,90E892A6355D
0x6c2752,90E871A5355D
0x6c2772,90E851A5355D
0x6c2d4b,90E8789F355D
0x6c2d65,90E85E9F355D
0x6c2d70,90E8539F355D
0x6c2db1,90E8129F355D
0x6c2fd1,90E8F29C355D
0x6c2fee,90E8D59C355D
0x6c2ff9,90E8CA9C355D
0x6c303a,90E8899C355D
0x6c390c,90E8B793355D
0x6c3929,90E89A93355D
0x6c3934,90E88F93355D
0x6c397d,90E84693355D
0x6c3d6f,90E8548F355D
0x6c3d8c,90E8378F355D
0x6c3d97,90E82C8F355D
0x6c3de2,90E8E18E355D
0x6c4142,90E8250E365D
0x6c4160,90E8638B355D
0x6c42d1,90E8960C365D
0x6c42ef,90E8D489355D
0x6c436f,90E85489355D
0x6c45e1,90E8E286355D
0x6c4611,90E8B286355D
0x6c4c13,90E8B080355D
0x6c4c40,90E88380355D
0x6c4c8c,90E83780355D
0x6c4d16,90E8AD7F355D
0x6c4d40,90E8837F355D
0x6c4dc3,90E8007F355D
0x6c4de4,90E8DF7E355D
0x6c4e4f,90E8747E355D
0x6c4ed1,90E8F27D355D
0x6c4eef,90E8D47D355D
0x6c4f2d,90E8967D355D
0x6c4f49,90E87A7D355D
0x6c535d,90E86679355D
0x6c537a,90E84979355D
0x6c5516,90E8AD77355D
0x6c5532,90E89177355D
0x6c56bf,90E80476355D
0x6c56dc,90E8E775355D
0x6c5945,90E87E73355D
0x6c5955,90E86E73355D
0x6c5967,90E85C73355D
0x6c5a4f,90E87472355D
0x6c5a6c,90E85772355D
0x6c5c9e,90E82570355D
0x6c5cae,90E81570355D
0x6c5cc0,90E80370355D
0x6c60d3,90E8F06B355D
0x6c60ef,90E8D46B355D
0x6c632d,90E89669355D
0x6c633e,90E88569355D
0x6c73b7,90E80C59355D
0x6c73cf,90E8F458355D
0x6c79ff,90E8C452355D
0x6c7a1b,90E8A852355D
0x6c7d32,90E8914F355D
0x6c7d4e,90E8754F355D
0x6c88c7,90E8FC43355D
0x6c88dd,90E8E643355D
0x6c8dd0,90E8F33E355D
0x6c8dec,90E8D73E355D
0x6c8e77,90E84C3E355D
0x6c8e94,90E82F3E355D
0x6c8f14,90E867CF395D
0x6c921c,90E899CC395D
0x6c9f51,90E82ABF395D
0x6c9f63,90E818BF395D
0x6c9f72,90E809BF395D
0x6c9f82,90E82ED3395D
0x6c9f8d,90E823D3395D
0x6c9f9c,90E83CD3395D
0x6c9fab,90E82DD3395D
0x6c9fb6,90E8FAD2395D
0x6c9fee,90E8AFD5395D
0x6ca006,90E897D5395D
0x6ca0b8,90E8FDBD395D
0x6ca0c7,90E8EEBD395D
0x6ca0d9,90E8DCBD395D
0x6ca96a,90E8D9C7395D
0x6ca981,90E857C9395D
0x6ca9ba,90E8F6C8395D
0x6ca9c9,90E80FC9395D
0x6ca9fd,90E8B3C8395D
0x6caa0c,90E8CCC8395D
0x6caa7e,90E832C8395D
0x6caa8d,90E84BC8395D
0x6caad6,90E8DFB3395D
0x6caaf6,90E8BFB3395D
0x6cab12,90E8A3B3395D
0x6cbda0,90E8DBA0395D
0x6cbdb2,90E8C9A0395D
0x6cbdc6,90E8EAB4395D
0x6cbdd5,90E803B5395D
0x6cbde4,90E8CCB4395D
0x6cbe78,90E83DA0395D
0x6cbe8a,90E82BA0395D
0x6cca6e,90E86AA8395D
0x6ccc2c,90E88992395D
0x6ccc6d,90E84892395D
0x6ce12d,90E896EB345D
0x6ce5fb,90E8C8E6345D
0x6ce6a3,90E820E6345D
0x6ce86d,90E856E4345D
0x6ce94d,90E876E3345D
0x6ce95f,90E864E3345D
0x6ce96a,90E859E3345D
0x6cf222,90E8B680395D
0x6cf4ad,90E8086A395D
0x6cf4c3,90E8F269395D
0x6cf57b,90E82274315D
0x6cf593,90E80A74315D
0x6cf937,90E86670315D
0x6cf990,90E80D70315D
0x6cffb9,90E80ACD345D
0x6d00a3,90E820CC345D
0x6d00b7,90E80CCC345D
0x6d07bf,90E8B265315D
0x6d2afc,90E84746395D
0x6d2b05,90E8B033395D
0x6d2b51,90E8F245395D
0x6d2b6d,90E8D645395D
0x6d2b89,90E8BA45395D
0x6d2b93,90E82233395D
0x6d2beb,90E85845395D
0x6d2c07,90E83C45395D
0x6d2c3c,90E80745395D
0x6d2c45,90E87032395D
0x6d2c91,90E8B244395D
0x6d2cad,90E89644395D
0x6d2cec,90E85744395D
0x6d2cf5,90E8C031395D
0x6d2d41,90E80244395D
0x6d2d5d,90E8E643395D
0x6d2d9c,90E8A743395D
0x6d2da5,90E81031395D
0x6d2e0c,90E83743395D
0x6d2e28,90E81B43395D
0x6d2e8e,90E8B542395D
0x6d2e98,90E81D30395D
0x6d2fa5,90E89E41395D
0x6d2fc1,90E88241395D
0x6d2ffc,90E84741395D
0x6d3005,90E8B02E395D
0x6d3051,90E8F240395D
0x6d306d,90E8D640395D
0x6d30b5,90E88E40395D
0x6d30be,90E8F72D395D
0x6d3182,90E8C13F395D
0x6d319e,90E8A53F395D
0x6d31e5,90E85E3F395D
0x6d31ee,90E8C72C395D
0x6d323a,90E8093F395D
0x6d3256,90E8ED3E395D
0x6d3295,90E8AE3E395D
0x6d329e,90E8172C395D
0x6d32ef,90E8543E395D
0x6d330b,90E8383E395D
0x6d33c9,90E87A3D395D
0x6d33d2,90E8E32A395D
0x6d35aa,90E8993B395D
0x6d35c6,90E87D3B395D
0x6d3784,90E8F726395D
0x6d3794,90E8E726395D
0x6d37a4,90E8D726395D
0x6d37e4,90E89726395D
0x6d3b86,90E82A37395D
0x6d3d7a,90E83B21395D
0x6d3ea1,90E81420395D
0x6d3eb2,90E80320395D
0x6d3ec3,90E8F21F395D
0x6d7fa8,90E89BF1385D
0x6d7fb2,90E803DF385D
0x6d7ff2,90E851F1385D
0x6d7ffc,90E8B9DE385D
0x6d801e,90E825F1385D
0x6d803d,90E806F1385D
0x6d805b,90E8E8F0385D
0x6d8065,90E850DE385D
0x6d8089,90E8BAF0385D
0x6d80a8,90E89BF0385D
0x6d80c3,90E880F0385D
0x6d80cd,90E8E8DD385D
0x6d80f6,90E84DF0385D
0x6d8115,90E82EF0385D
0x6d8130,90E813F0385D
0x6d813a,90E87BDD385D
0x6d816d,90E8D6EF385D
0x6d818c,90E8B7EF385D
0x6d8230,90E813EF385D
0x6d823a,90E87BDC385D
0x6d8259,90E8EAEE385D
0x6d8278,90E8CBEE385D
0x6d837d,90E8C6ED385D
0x6d8387,90E82EDB385D
0x6d83bc,90E887ED385D
0x6d83db,90E868ED385D
0x6d83f6,90E84DED385D
0x6d8400,90E8B5DA385D
0x6d841e,90E825ED385D
0x6d843d,90E806ED385D
0x6d8458,90E8EBEC385D
0x6d8462,90E853DA385D
0x6d849c,90E8A7EC385D
0x6d84bb,90E888EC385D
0x6d84d6,90E86DEC385D
0x6d84e0,90E8D5D9385D
0x6d8517,90E82CEC385D
0x6d8536,90E80DEC385D
0x6d8551,90E8F2EB385D
0x6d855b,90E85AD9385D
0x6d869c,90E8A7EA385D
0x6d86b6,90E88DEA385D
0x6d86cb,90E8EAD7385D
0x6d86dc,90E8D9D7385D
0x6d86eb,90E858EA385D
0x6d86f5,90E8C0D7385D
0x6d8714,90E82FEA385D
0x6d872e,90E815EA385D
0x6d8743,90E872D7385D
0x6d8754,90E861D7385D
0x6d8784,90E8BFE9385D
0x6d878e,90E827D7385D
0x6d87bd,90E886E9385D
0x6d87d7,90E86CE9385D
0x6d87ec,90E8C9D6385D
0x6d87fd,90E8B8D6385D
0x6d886c,90E8D7E8385D
0x6d8886,90E8BDE8385D
0x6d889b,90E81AD6385D
0x6d88ac,90E809D6385D
0x6d8a41,90E88242345D
0x6d8a51,90E87242345D
0x6d8a5e,90E86542345D
0x6d8a7c,90E84742345D
0x6d8a89,90E83A42345D
0x6d8ab3,90E81042345D
0x6d8ac3,90E80042345D
0x6d8ad0,90E8F341345D
0x6d8aff,90E8C441345D
0x6d8b0c,90E8B741345D
0x6d92d1,90E8F239345D
0x6d9354,90E86F39345D
0x6d93a4,90E81F39345D
0x6d93f5,90E8CE38345D
0x6d9405,90E8BE38345D
0x6d9585,90E8F6C8385D
0x6d95ac,90E804DD385D
0x6d95ba,90E81EDD385D
0x6d95c9,90E80FDD385D
0x6d95dd,90E8A3DC385D
0x6d95f4,90E8C1C8385D
0x6d9679,90E844013A5D
0x6d981c,90E864DA385D
0x6d9869,90E84CC6385D
0x6d9881,90E834C6385D
0x6d98f5,90E886C5385D
0x6d991c,90E894D9385D
0x6d992a,90E8AED9385D
0x6d9939,90E89FD9385D
0x6d994d,90E833D9385D
0x6d9964,90E851C5385D
0x6d99d8,90E8DDC4385D
0x6d9afe,90E845D6385D
0x6d9b4a,90E853DA385D
0x6d9b5f,90E856C3385D
0x6d9b71,90E844C3385D
0x6d9b8c,90E8B7D5385D
0x6d9bd6,90E8C7D9385D
0x6d9be7,90E8CEC2385D
0x6d9bf9,90E8BCC2385D
0x6d9c11,90E8A4C2385D
0x6d9d9f,90E8A4D3385D
0x6d9dee,90E8AFD7385D
0x6d9e03,90E8B2C0385D
0x6d9e15,90E8A0C0385D
0x6d9e2a,90E88BC0385D
0x6d9e41,90E802D3385D
0x6d9e8e,90E80FD7385D
0x6d9e9f,90E816C0385D
0x6d9eb1,90E804C0385D
0x6d9ec9,90E8ECBF385D
0x6da0bc,90E8C4D1385D
0x6da126,90E85AD1385D
0x6da696,90E81FB8385D
0x6da6ab,90E80AB8385D
0x6da771,90E80FCB385D
0x6da802,90E87ECA385D
0x6da872,90E80ECA385D
0x6da90e,90E872C9385D
0x6da928,90E88DB5385D
0x6da970,90E810C9385D
0x6da98a,90E82BB5385D
0x6da9e8,90E898C8385D
0x6daa52,90E82EC8385D
0x6daa86,90E8FAC7385D
0x6daac8,90E8B8C7385D
0x6dab84,90E8FCC6385D
0x6dabaf,90E8D1C6385D
0x6dabd9,90E8A7C6385D
0x6dac43,90E83DC6385D
0x6daca3,90E8DDC5385D
0x6db1da,90E8A6C0385D
0x6db22a,90E856C0385D
0x6db27e,90E8FDAB385D
0x6db3a2,90E80EBF385D
0x6db3e2,90E899AA385D
0x6db3fb,90E8B5BE385D
0x6db45e,90E86518345D
0x6db4c1,90E80218345D
0x6db4d7,90E8EC17345D
0x6db520,90E895A9385D
0x6db5a5,90E80BBD385D
0x6db5e1,90E8CFBC385D
0x6db6eb,90E8CAA7385D
0x6dba72,90E809A4385D
0x6dbabf,90E8F1B7385D
0x6dbcb9,90E8FCA1385D
0x6dbd3e,90E83DA1385D
0x6dbd75,90E840A1385D
0x6dbe8b,90E825B4385D
0x6dc0a5,90E8109E385D
0x6dc122,90E8599D385D
0x6dc19b,90E81A9D385D
0x6dc246,90E86AB0385D
0x6dc27a,90E836B0385D
0x6dc5a1,90E81499385D
0x6dce96,90E82DFE335D
0x6dcf04,90E8BFFD335D
0x6dcfe0,90E863A1385D
0x6dd20d,90E8369F385D
0x6dd24d,90E8F69E385D
0x6dd3bf,90E8849D385D
0x6dd58a,90E8B99B385D
0x6dd5d0,90E8739B385D
0x6dd7bb,90E88899385D
0x6dd935,90E80E98385D
0x6df994,90E8E764385D
0x6dfa0f,90E8A178385D
0x6dfb2c,90E88963385D
0x6dfd8c,90E837CF335D
0x6dfda0,90E823CF335D
0x6dfe01,90E8C2CE335D
0x6dfe0f,90E8B4CE335D
0x6dfe1a,90E8A9CE335D
0x6dfee1,90E8E2CD335D
0x6dfef3,90E8D0CD335D
0x6dfefe,90E8C5CD335D
0x6e023e,90E87270385D
0x6e026a,90E85395395D
0x6e02e6,90E8CF5B385D
0x6e0544,90E87159385D
0x6e1055,90E86EBC335D
0x6e1067,90E85CBC335D
0x6e1072,90E851BC335D
0x6e10d1,90E8F2BB335D
0x6e10df,90E8E4BB335D
0x6e10ea,90E8D9BB335D
0x6e132d,90E896B9335D
0x6e1345,90E87EB9335D
0x6e1354,90E86FB9335D
0x6e191f,90E86159385D
0x6e1934,90E84C59385D
0x6e193e,90E87745385D
0x6e1959,90E85C45385D
0x6e19eb,90E8ED58385D
0x6e1b3c,90E87943385D
0x6e1b7b,90E83A43385D
0x6e1bb4,90E80143385D
0x6e3610,90E8333B385D
0x6e434a,90E8311B385D
0x6e4380,90E8302F385D
0x6e4465,90E8501A385D
0x6e4737,90E88C85335D
0x6e4820,90E8A384335D
0x6e4838,90E88B84335D
0x6e4849,90E87A84335D
0x6e4857,90E86C84335D
0x6e49b1,90E81283335D
0x6e49be,90E80583335D
0x6e4abc,90E80782335D
0x6e4beb,90E8D880335D
0x6e4c9b,90E82880335D
0x6e4d31,90E84F25385D
0x6e4ddd,90E8C027385D
0x6e4e15,90E8C324385D
0x6e4f2d,90E81622385D
0x6e4f46,90E89223385D
0x6e527c,90E8390C385D
0x6e53bc,90E8F90A385D
0x6e53fd,90E8B80A385D
0x6e55ef,90E8D476335D
0x6e56fa,90E86DF8335D
0x6e5716,90E8AD75335D
0x6e573f,90E88475335D
0x6e57f6,90E8BA1A385D
0x6e5cd9,90E8EA6F335D
0x6e5ea5,90E81E6E335D
0x6e662d,90E89666335D
0x6e6671,90E85266335D
0x6e6685,90E83E66335D
0x6e66aa,90E81966335D
0x6e66be,90E80566335D
0x6e6859,90E8EA08385D
0x6e68c9,90E8ECF5375D
0x6e6964,90E851F5375D
0x6e69a6,90E89D07385D
0x6e69c3,90E8EA0B385D
0x6e6b24,90E891F3375D
0x6e6bba,90E8FBF2375D
0x6e6c1d,90E8A660335D
0x6e6cbd,90E80660335D
0x6e6d14,90E8AF5F335D
0x6e6d60,90E8635F335D
0x6e6d70,90E8535F335D
0x6e6e4c,90E8775E335D
0x6e6ed3,90E8F05D335D
0x6e6f18,90E8AB5D335D
0x6e6f3a,90E8895D335D
0x6e779d,90E82655335D
0x6e7db5,90E8C6E0375D
0x6e7dcf,90E809F5375D
0x6e7ecc,90E8E9DF375D
0x6e8004,90E83FF1375D
0x6e8037,90E87EDE375D
0x6e804a,90E8D3D3375D
0x6e8064,90E8DFF0375D
0x6e808d,90E828DE375D
0x6e80a6,90E801E02E5D
0x6e80db,90E8C2F4375D
0x6e8130,90E8EDD2375D
0x6e8143,90E800F0375D
0x6e8173,90E842DD375D
0x6e8198,90E8A7D1375D
0x6e81a7,90E8F6F3375D
0x6e81c3,90E85AD2375D
0x6e81da,90E869EF375D
0x6e820a,90E8ABDC375D
0x6e8231,90E876DE2E5D
0x6e8281,90E89CD1375D
0x6e82e8,90E85BEE375D
0x6e8318,90E89DDB375D
0x6e832e,90E879DD2E5D
0x6e8362,90E8BBD0375D
0x6e8375,90E8CEED375D
0x6e83a5,90E810DB375D
0x6e83c6,90E857D0375D
0x6e83ea,90E833D0375D
0x6e8401,90E842ED375D
0x6e8431,90E884DA375D
0x6e845b,90E8164F305D
0x6e847b,90E83ADA375D
0x6e848f,90E826DA375D
0x6e84a3,90E812DA375D
0x6e8524,90E991D9375D
0x6e8536,90E867F0375D
0x6e85f2,90E8D146335D
0x6e87ac,90E81745335D
0x6e8ac4,90E8FF41335D
0x6e8ddf,90E864E3375D
0x6e905f,90E8643C335D
0x6e9521,90E8A237335D
0x6ea389,90E83A29335D
0x6ea399,90E82A29335D
0x6ea549,90E874F2385D
0x6ea562,90E81ECD375D
0x6ea57a,90E83BB9375D
0x6ea58c,90E829B9375D
0x6ea670,90E85326335D
0x6ea6ae,90E81526335D
0x6ea6be,90E80526335D
0x6ea77f,90E84425335D
0x6ea793,90E83025335D
0x6ea8b8,90E88BC8375D
0x6ea953,90E85DC9375D
0x6eac7d,90E838B2375D
0x6eadea,90E8D91E335D
0x6eae46,90E87D1E335D
0x6eaeeb,90E8D81D335D
0x6eaefb,90E8C81D335D
0x6eb052,90E8711C335D
0x6eb996,90E82D13335D
0x6eb9aa,90E81913335D
0x6eb9ba,90E80913335D
0x6eb9ca,90E8F912335D
0x6eb9d7,90E8EC12335D
0x6ed5fc,90E8C7F6325D
0x6ee0d6,90E8DF7D375D
0x6eedaf,90E89483375D
0x6eee61,90E85470375D
0x6ef34e,90E8F57D375D
0x6ef358,90E85D6B375D
0x6ef3b7,90E88C7D375D
0x6ef3d6,90E8AA7E375D
0x6ef3f1,90E8C46A375D
0x6ef62b,90E8187B375D
0x6ef64a,90E8F97A375D
0x6ef801,90E84279375D
0x6ef80b,90E8AA66375D
0x6ef9aa,90E819D3325D
0x6ef9f6,90E8CDD2325D
0x6efa9e,90E8A576375D
0x6efab9,90E88A76375D
0x6efb2a,90E899D1325D
0x6efb78,90E84BD1325D
0x6f01f5,90E8CECA325D
0x6f0417,90E82C6D375D
0x6f04be,90E8856C375D
0x6f0562,90E84E6D375D
0x6f05fe,90E8B26C375D
0x6f069a,90E8A96A375D
0x6f073e,90E8726B375D
0x6f07da,90E8D66A375D
0x6f0885,90E82B6A375D
0x6f09d2,90E8E354375D
0x6f09e4,90E8D154375D
0x6f09f9,90E8BC54375D
0x6f0f69,90E85ABD325D
0x6f1103,90E8C0BB325D
0x6f12cd,90E8F6B9325D
0x6f2157,90E86CAB325D
0x6f217e,90E845AB325D
0x6f218f,90E834AB325D
0x6f2416,90E8ADA8325D
0x6f252b,90E898A7325D
0x6f2e22,90E8A19E325D
0x6f3ace,90E8F591325D
0x6f3b10,90E8B391325D
0x6f3b20,90E8A391325D
0x6f3b4a,90E87991325D
0x6f3b62,90E86191325D
0x6f3b8b,90E83891325D
0x6f3ba3,90E82091325D
0x6f3e78,90E84B8E325D
0x6f4037,90E88C8C325D
0x6f405f,90E8648C325D
0x6f4070,90E8538C325D
0x6f40db,90E8E88B325D
0x6f4147,90E87C8B325D
0x6f41a4,90E81F8B325D
0x6f4da3,90E8A023375D
0x6f4dc6,90E8BA24375D
0x6f4e1a,90E8A97E325D
0x6f4e3a,90E8897E325D
0x6f4e47,90E87C7E325D
0x6f4fa1,90E8227D325D
0x6f4fb9,90E80A7D325D
0x6f4feb,90E8D87C325D
0x6f5003,90E8C07C325D
0x6f5044,90E8710E375D
0x6f571b,90E8A875325D
0x6f5742,90E88175325D
0x6f5756,90E86D75325D
0x6f577e,90E84575325D
0x6f578b,90E83875325D
0x6f57b1,90E81275325D
0x6f57be,90E80575325D
0x6f57e2,90E8E174325D
0x6f5802,90E8C174325D
0x6f5816,90E8AD74325D
0x6f583e,90E88574325D
0x6f584b,90E87874325D
0x6f5871,90E85274325D
0x6f587e,90E84574325D
0x6f5a50,90E87372325D
0x6f5af0,90E8D371325D
0x6f5b1b,90E8A871325D
0x6f5b3f,90E88471325D
0x6f5cb6,90E80D70325D
0x6f5cfa,90E8C96F325D
0x6f5e0b,90E8B86E325D
0x6f5e4e,90E8756E325D
0x6f5e93,90E8306E325D
0x6f5ed4,90E8EF6D325D
0x6f5f17,90E8AC6D325D
0x6f5f2b,90E8986D325D
0x6f5f51,90E8726D325D
0x6f5f65,90E85E6D325D
0x6f6b71,90E8D205375D
0x6f6be9,90E85A05375D
0x6f6ce3,90E8E05F325D
0x6f6cf6,90E8CD5F325D
0x6f704e,90E8755C325D
0x6f708c,90E8375C325D
0x6f71a5,90E81E5B325D
0x6f71de,90E8E55A325D
0x6f7462,90E8E1FC365D
0x6f76e3,90E860FA365D
0x6f785d,90E81EE6365D
0x6f798c,90E829E5365D
0x6f7a61,90E86252325D
0x6f7a75,90E84E52325D
0x6f7a84,90E83F52325D
0x6f7c69,90E834F9365D
0x6f7c7b,90E85DF6365D
0x6f7e36,90E88D4E325D
0x6f8120,90E83448385D
0x6f8150,90E865DD365D
0x6f8255,90E860DC365D
0x6f82d4,90E8E1DB365D
0x6f8321,90E894DB365D
0x6f8360,90E855DB365D
0x6f84f4,90E88CED365D
0x6f850b,90E8CDED365D
0x6f85af,90E806D9365D
0x6f9296,90E82D3A325D
0x6f92ae,90E8153A325D
0x6f92bd,90E8063A325D
0x6fa063,90E818BE365D
0x6fa08b,90E825D2365D
0x6fa188,90E82DBD365D
0x6fa652,90E84BC32E5D
0x6fa95a,90E826C9365D
0x6fb8b3,90E80ADF375D
0x6fba88,90E8BBB6365D
0x6fbaa7,90E8D9B7365D
0x6fbbf1,90E8C4A2365D
0x6fbc09,90E8ACA2365D
0x6fc2fb,90E8C809325D
0x6fc339,90E88A09325D
0x6fc349,90E87A09325D
0x6fc397,90E82C09325D
0x6fc3ab,90E81809325D
0x6fc3fe,90E8C508325D
0x6fc412,90E8B108325D
0x6fc475,90E84E08325D
0x6fc492,90E83108325D
0x6fc4a6,90E81D08325D
0x6fc4f1,90E8D207325D
0x6fc501,90E8C207325D
0x6fc66b,90E85806325D
0x6fc6cf,90E8F405325D
0x6fc761,90E86205325D
0x6fc88f,90E83404325D
0x6fce66,90E85DFE315D
0x6fce7a,90E849FE315D
0x6fcea4,90E81FFE315D
0x6fceb8,90E80BFE315D
0x6fcee5,90E8DEFD315D
0x6fcef5,90E8CEFD315D
0x6fd693,90E830F6315D
0x6fd81f,90E84877325D
0x6fde37,90E88CEE315D
0x6fe48c,90E837E8315D
0x6fe49c,90E827E8315D
0x6fe6a6,90E800BE2E5D
0x6fe6ad,90E8A368325D
0x6fe6b6,90E8B168325D
0x6feb57,90E82473365D
0x6febbd,90E8E089365D
0x6febcf,90E8E672365D
0x6febe1,90E8D472365D
0x6fec05,90E87B86365D
0x6fec5f,90E83E89365D
0x6fec70,90E84572365D
0x6fec82,90E83372365D
0x6fefcc,90E8F7DC315D
0x6ff193,90E8226D365D
0x6ff1a8,90E80D6D365D
0x6ff1c0,90E8F56C365D
0x6ff1fc,90E8B96C365D
0x6ff211,90E8A46C365D
0x6ff229,90E88C6C365D
0x6ff491,90E832D8315D
0x6ff7d2,90E8067B365D
0x6ff91e,90E89765365D
0x6ff990,90E833D3315D
0x6ff99e,90E825D3315D
0x6ff9a9,90E81AD3315D
0x6ffc3a,90E889D0315D
0x6ffc4a,90E879D0315D
0x6ffc55,90E86ED0315D
0x6ffcf0,90E8D3CF315D
0x6ffdec,90E8D7CE315D
0x6ffeec,90E8D7CD315D
0x6fffec,90E8D7CC315D
0x7001dc,90E8E7CA315D
0x7001ee,90E8D5CA315D
0x7001fb,90E8C8CA315D
0x70028a,90E839CA315D
0x70029e,90E825CA315D
0x7002ab,90E818CA315D
0x700400,90E8C3C8315D
0x700412,90E8B1C8315D
0x70041d,90E8A6C8315D
0x700a1b,90E82867365D
0x700aec,90E85766365D
0x70116a,90E8D95F365D
0x701376,90E83F4B365D
0x7024bb,90E8884C365D
0x702555,90E86039365D
0x702e2b,90E81843365D
0x702ec5,90E8F02F365D
0x704849,90E8FA28365D
0x7048aa,90E8D629365D
0x7048c8,90E8ED15365D
0x704b71,90E8D225365D
0x704bd2,90E8AE26365D
0x704cbd,90E8F811365D
0x704e8b,90E8B822365D
0x704f25,90E8900F365D
0x7057ab,90E89819365D
0x705845,90E87006365D
0x70662e,90E89566315D
0x70663c,90E88766315D
0x706647,90E87C66315D
0x70680e,90E8B564315D
0x706844,90E87F64315D
0x706851,90E87264315D
0x706869,90E85A64315D
0x706876,90E84D64315D
0x70688e,90E83564315D
0x70689b,90E82864315D
0x7068b1,90E81264315D
0x7068bc,90E80764315D
0x7069de,90E8E562315D
0x7069f4,90E8CF62315D
0x706a01,90E8C262315D
0x706a38,90E88B62315D
0x706a49,90E87A62315D
0x706a5a,90E86962315D
0x706a6b,90E85862315D
0x706b80,90E84361315D
0x706b8b,90E83861315D
0x706c51,90E87260315D
0x706c5e,90E86560315D
0x706c76,90E84D60315D
0x706c83,90E84060315D
0x706d2c,90E8975F315D
0x706d40,90E8835F315D
0x706d4b,90E8785F315D
0x708b57,90E8ECE5355D
0x708c8d,90E823E6355D
0x708d5f,90E851E5355D
0x7090b3,90E802CE355D
0x709575,90E8CEDB355D
0x7095c5,90E8BBDC355D
0x7095ec,90E894DC355D
0x7096de,90E8A2DB355D
0x709705,90E87BDB355D
0x709730,90E885C7355D
0x70c00a,90E839B1355D
0x70c014,90E8A19E355D
0x70c059,90E8EAB0355D
0x70c074,90E8CFB0355D
0x70c2b1,90E8120A315D
0x70d7b1,90E8EB292D5D
0x70d7f3,90E8523C2D5D
0x70d84c,90E8F93B2D5D
0x70d85b,90E800242D5D
0x70d8a0,90E8FC282D5D
0x70d924,90E837232D5D
0x70e151,90E872EB305D
0x70e1f1,90E8D2EA305D
0x70e23e,90E885EA305D
0x70e413,90E8B0E8305D
0x70e428,90E89BE8305D
0x70e47d,90E846E8305D
0x70e48e,90E835E8305D
0x70f365,90E8506B355D
0x70f3ae,90E8076B355D
0x70f3c6,90E8EF6A355D
0x70f406,90E8AF6A355D
0x70f44f,90E8666A355D
0x70f467,90E84E6A355D
0x70f594,90E82FD7305D
0x70f5a2,90E821D7305D
0x70f5ad,90E816D7305D
0x70fff5,90E8CECC305D
0x71000d,90E8B6CC305D
0x71001c,90E8A7CC305D
0x710aae,90E815C2305D
0x710ac0,90E803C2305D
0x710acb,90E8F8C1305D
0x710cfc,90E8B951355D
0x710d14,90E8A151355D
0x710e5f,90E85650355D
0x710e77,90E83E50355D
0x710ecd,90E8E84F355D
0x710ee5,90E8D04F355D
0x71120a,90E8CE60355D
0x71134d,90E8F65D355D
0x71136c,90E8D75D355D
0x711666,90E80139315D
0x71174c,90E8F759355D
0x711764,90E8DF59355D
0x711993,90E8D435315D
0x711a75,90E84044355D
0x711ab4,90E80144355D
0x711c97,90E82CB0305D
0x711cc7,90E8FCAF305D
0x711d1e,90E8A5AF305D
0x711d83,90E840AF305D
0x711dda,90E8E9AE305D
0x711ec8,90E8FBAD305D
0x711f69,90E85AAD305D
0x712021,90E8A2AC305D
0x712103,90E8C0AB305D
0x712202,90E8C1AA305D
0x7122e3,90E8E0A9305D
0x712531,90E892A7305D
0x7126d4,90E8EFA5305D
0x712921,90E8A2A3305D
0x712af4,90E84F46355D
0x712c23,90E8A0A0305D
0x712e76,90E8CD42355D
0x712f15,90E8AE9D305D
0x713058,90E85D2E355D
0x71307e,90E83F67365D
0x71314c,90E8F73F355D
0x713179,90E83C2D355D
0x71318a,90E89322355D
0x713201,90E8B42C355D
0x713213,90E8A22C355D
0x71323e,90E8772C355D
0x713250,90E8652C355D
0x71329d,90E8182C355D
0x7132b5,90E8002C355D
0x71334e,90E87599305D
0x71339d,90E82699305D
0x713437,90E80C3D355D
0x713467,90E84E2A355D
0x713474,90E8A91F355D
0x71348c,90E8B73C355D
0x7134b5,90E8002A355D
0x7134ca,90E8793C355D
0x7134e0,90E8D529355D
0x7134f0,90E84F1E355D
0x713500,90E8803D355D
0x71350f,90E8343C355D
0x713524,90E89129355D
0x713539,90E87C29355D
0x7135b8,90E8C328355D
0x713605,90E8983F355D
0x713614,90E8A128355D
0x713676,90E8273F355D
0x713685,90E83028355D
0x7136ea,90E8B33E355D
0x7136f9,90E8BC27355D
0x713715,90E85C9C2D5D
0x71375e,90E83F3E355D
0x71376d,90E84827355D
0x713789,90E8E89B2D5D
0x7137ba,90E8FB26355D
0x713838,90E84326355D
0x713885,90E8183D355D
0x713894,90E82126355D
0x7138f6,90E8A73C355D
0x713905,90E8B025355D
0x71396a,90E8333C355D
0x713979,90E83C25355D
0x713995,90E8DC992D5D
0x7139de,90E8BF3B355D
0x7139ed,90E8C824355D
0x713a09,90E868992D5D
0x713a52,90E84B3B355D
0x713a61,90E85424355D
0x713a7d,90E8F4982D5D
0x713ac6,90E8D73A355D
0x713ad5,90E8E023355D
0x713af1,90E880982D5D
0x713b3a,90E8633A355D
0x713b49,90E86C23355D
0x713b65,90E80C982D5D
0x713b96,90E81F23355D
0x713c1c,90E85F22355D
0x713c69,90E83439355D
0x713c78,90E83D22355D
0x713cda,90E8C338355D
0x713ce9,90E8CC21355D
0x713d56,90E84738355D
0x713d65,90E85021355D
0x713d81,90E8F0952D5D
0x713dcb,90E8D237355D
0x713dda,90E8DB20355D
0x713df6,90E87B952D5D
0x713e40,90E85D37355D
0x713e4f,90E86620355D
0x713ebc,90E8E136355D
0x713ecb,90E8EA1F355D
0x713f34,90E86936355D
0x713f43,90E8721F355D
0x713fa8,90E8F535355D
0x713fb7,90E8FE1E355D
0x713fd3,90E89E932D5D
0x71401c,90E88135355D
0x71402b,90E88A1E355D
0x714047,90E82A932D5D
0x714090,90E80D35355D
0x71409f,90E8161E355D
0x7140bb,90E8B6922D5D
0x7140d9,90E8DC1D355D
0x714158,90E8231D355D
0x7141a5,90E8F833355D
0x7141b4,90E8011D355D
0x714216,90E88733355D
0x714225,90E8901C355D
0x714241,90E830912D5D
0x714287,90E81633355D
0x714296,90E81F1C355D
0x7142b2,90E8BF902D5D
0x7142f8,90E8A532355D
0x714307,90E8AE1B355D
0x714323,90E8841D2C5D
0x71433e,90E8771B355D
0x7143c8,90E8B31A355D
0x7143f5,90E8A831355D
0x714405,90E8B01A355D
0x714422,90E8851C2C5D
0x714494,90E80931355D
0x7144a4,90E8111A355D
0x7146b2,90E8EB2E355D
0x7146c2,90E8F317355D
0x7146f4,90E87D8C2D5D
0x714721,90E87C2E355D
0x714731,90E88417355D
0x714763,90E80E8C2D5D
0x714790,90E80D2E355D
0x7147a0,90E81517355D
0x7147d2,90E89F8B2D5D
0x7147ff,90E89E2D355D
0x71480f,90E8A616355D
0x714841,90E866182C5D
0x714871,90E82C2D355D
0x714881,90E83416355D
0x7149ac,90E8F12B355D
0x7149bc,90E8F914355D
0x714a94,90E8092B355D
0x714aa4,90E81114355D
0x714b80,90E81D2A355D
0x714b90,90E82513355D
0x714c68,90E83529355D
0x714c78,90E83D12355D
0x714cb7,90E8F0132C5D
0x714d37,90E87E11355D
0x714ea3,90E81210355D
0x716091,90E8B210355D
0x716103,90E8B2FD345D
0x71625f,90E856FC345D
0x71627d,90E8FEFB345D
0x71629a,90E81610355D
0x7164cf,90E8E6F9345D
0x71662a,90E8E0512D5D
0x716bf9,90E8CA60305D
0x716c3c,90E88760305D
0x716cb7,90E80C60305D
0x716e3b,90E8885E305D
0x716e4b,90E8785E305D
0x716e93,90E8305E305D
0x716f53,90E8705D305D
0x716fac,90E8175D305D
0x717005,90E8BE5C305D
0x7172d1,90E8F259305D
0x717327,90E89C59305D
0x7177cd,90E8F654305D
0x71780d,90E8B654305D
0x717839,90E88A54305D
0x717868,90E85B54305D
0x717922,90E8A153305D
0x7179c5,90E8FE52305D
0x717a25,90E89E52305D
0x717a5a,90E86952305D
0x717aa4,90E81F52305D
0x717b53,90E87051305D
0x717b68,90E85B51305D
0x717c0d,90E8B650305D
0x717c1a,90E8A950305D
0x717d0d,90E8B64F305D
0x719e1b,90E8A82E305D
0x719e2f,90E8942E305D
0x71a04c,90E8772C305D
0x71a068,90E85B2C305D
0x71a078,90E84B2C305D
0x71a090,90E8332C305D
0x71a0a1,90E8222C305D
0x71a12a,90E8992B305D
0x71a13b,90E8882B305D
0x71a162,90E8612B305D
0x71a172,90E8512B305D
0x71a201,90E8C22A305D
0x71a218,90E8AB2A305D
0x71a229,90E89A2A305D
0x71a2d8,90E8EB29305D
0x71a2ea,90E8D929305D
0x71a2fa,90E8C929305D
0x71a34d,90E87629305D
0x71a35d,90E86629305D
0x71a4a9,90E81A28305D
0x71a4cb,90E8F827305D
0x71a4db,90E8E827305D
0x71a4f3,90E8D027305D
0x71a504,90E8BF27305D
0x71a596,90E82D27305D
0x71a5a7,90E81C27305D
0x71a5d2,90E8F126305D
0x71a5e2,90E8E126305D
0x71a709,90E8BA25305D
0x71a71d,90E8A625305D
0x71a72d,90E89625305D
0x71a73d,90E88625305D
0x71a74e,90E87525305D
0x71a76a,90E85925305D
0x71a77b,90E84825305D
0x71a7d5,90E8EE24305D
0x71a7eb,90E8D824305D
0x71a7ff,90E8C424305D
0x71a875,90E84E24305D
0x71a88b,90E83824305D
0x71a89f,90E82424305D
0x71aecf,90E809C4345D
0x71afd6,90E8DFAE345D
0x71b25a,90E8691A305D
0x71b2a6,90E81D1A305D
0x71b5e8,90E8DB16305D
0x71b679,90E82DEE2C5D
0x71b683,90E8CD98305D
0x71b697,90E8D098305D
0x71b6b3,90E81016305D
0x71b736,90E88D15305D
0x71b760,90E86315305D
0x71b7fd,90E8C614305D
0x71b884,90E83F14305D
0x71b8b0,90E81314305D
0x71b8fb,90E8C813305D
0x71b90f,90E8B413305D
0x71b9db,90E8E812305D
0x71b9e9,90E8DA12305D
0x71ba03,90E81CB02C5D
0x71bb0f,90E8B411305D
0x71bb2f,90E89411305D
0x71bb7a,90E84911305D
0x71bc08,90E8BB10305D
0x71bc46,90E87D10305D
0x71bc5a,90E86910305D
0x71bc99,90E82A10305D
0x71bd29,90E89A0F305D
0x71be29,90E89A0E305D
0x71be37,90E88C0E305D
0x71bfcf,90E8F40C305D
0x71bfef,90E8D40C305D
0x71c01d,90E8A60C305D
0x71c094,90E82F0C305D
0x71c0d6,90E8ED0B305D
0x71c0ea,90E8D90B305D
0x71c18a,90E8390B305D
0x71c34d,90E87609305D
0x71c3c4,90E8FF08305D
0x71c401,90E8C208305D
0x71c411,90E8B208305D
0x71c4a6,90E81D08305D
0x71c556,90E86D07305D
0x71c561,90E86207305D
0x71c679,90E84A06305D
0x71c72a,90E89905305D
0x71c7bd,90E80605305D
0x71c896,90E82D04305D
0x71c8a1,90E82204305D
0x71c9b9,90E80A03305D
0x71cab1,90E81202305D
0x71cacb,90E8F801305D
0x71cb63,90E86001305D
0x71cd30,90E893FF2F5D
0x71cd3e,90E885FF2F5D
0x71cddd,90E8E6FE2F5D
0x71ce4b,90E878FE2F5D
0x71ce81,90E842FE2F5D
0x71ce91,90E832FE2F5D
0x71cf5d,90E866FD2F5D
0x71cfd4,90E8EFFC2F5D
0x71d011,90E8B2FC2F5D
0x71d021,90E8A2FC2F5D
0x71d0df,90E8E4FB2F5D
0x71d0ff,90E8C4FB2F5D
0x71d1ac,90E817FB2F5D
0x71d1e6,90E8DDFA2F5D
0x71d1fa,90E8C9FA2F5D
0x71d2ed,90E8D6F92F5D
0x71d383,90E840F92F5D
0x71d3c6,90E8FDF82F5D
0x71d3da,90E8E9F82F5D
0x71d453,90E870F82F5D
0x71d4a2,90E821F82F5D
0x71d4af,90E814F82F5D
0x71d57e,90E8C59B345D
0x71d86a,90E859F42F5D
0x71d936,90E88DF32F5D
0x71d9b5,90E80EF32F5D
0x71d9c0,90E803F32F5D
0x71dad9,90E8EAF12F5D
0x71dbc1,90E802F12F5D
0x71dbd1,90E8F2F02F5D
0x71dd7f,90E844EF2F5D
0x71ddcd,90E8F6EE2F5D
0x71de63,90E860EE2F5D
0x71dea6,90E81DEE2F5D
0x71deba,90E809EE2F5D
0x71df24,90E89FED2F5D
0x71df7b,90E848ED2F5D
0x71df8a,90E839ED2F5D
0x71e07c,90E847EC2F5D
0x71e111,90E8B2EB2F5D
0x71e160,90E863EB2F5D
0x71e16b,90E858EB2F5D
0x71e269,90E85AEA2F5D
0x71e3ff,90E8C4E82F5D
0x71e44b,90E878E82F5D
0x71e4dc,90E8E7E72F5D
0x71e516,90E8ADE72F5D
0x71e52a,90E899E72F5D
0x71e659,90E86AE62F5D
0x71e696,90E82DE62F5D
0x71e6aa,90E819E62F5D
0x71e8ed,90E8D6E32F5D
0x71e95b,90E868E32F5D
0x71e991,90E832E32F5D
0x71e9a1,90E822E32F5D
0x71ea8b,90E838E22F5D
0x71eb20,90E8A3E12F5D
0x71eb51,90E872E12F5D
0x71eb61,90E862E12F5D
0x71ec1f,90E8A4E02F5D
0x71ec6d,90E856E02F5D
0x71ed03,90E8C0DF2F5D
0x71ed41,90E882DF2F5D
0x71ed51,90E872DF2F5D
0x71edb0,90E813DF2F5D
0x71ee24,90E89FDE2F5D
0x71ee33,90E890DE2F5D
0x71ef1c,90E8A7DD2F5D
0x71efde,90E8E5DC2F5D
0x71f08a,90E839DC2F5D
0x71f095,90E82EDC2F5D
0x71f199,90E82ADB2F5D
0x71f2fe,90E8C5D92F5D
0x71f30c,90E8B7D92F5D
0x71f3cd,90E8F6D82F5D
0x71f473,90E850D82F5D
0x71f4b1,90E812D82F5D
0x71f4c1,90E802D82F5D
0x71f5cb,90E8F8D62F5D
0x71f658,90E86BD62F5D
0x71f691,90E832D62F5D
0x71f6a1,90E822D62F5D
0x71f94f,90E874D32F5D
0x71f99d,90E826D32F5D
0x71fa42,90E881D22F5D
0x71faeb,90E8D8D12F5D
0x71fb6d,90E856D12F5D
0x71fb78,90E84BD12F5D
0x71fc99,90E82AD02F5D
0x71fdad,90E816CF2F5D
0x71fe43,90E880CE2F5D
0x71fe86,90E83DCE2F5D
0x71fe9a,90E829CE2F5D
0x71ff8d,90E836CD2F5D
0x720026,90E89DCC2F5D
0x720066,90E85DCC2F5D
0x72007a,90E849CC2F5D
0x72018f,90E834CB2F5D
0x7201af,90E814CB2F5D
0x7201fb,90E8C8CA2F5D
0x72028f,90E834CA2F5D
0x720319,90E8AAC92F5D
0x720346,90E87DC92F5D
0x72035a,90E869C92F5D
0x72041f,90E8A4C82F5D
0x72043f,90E884C82F5D
0x72048b,90E838C82F5D
0x72051c,90E8A7C72F5D
0x72058d,90E836C72F5D
0x7205c6,90E8FDC62F5D
0x7205da,90E8E9C62F5D
0x7206f6,90E8CDC52F5D
0x720778,90E84BC52F5D
0x720783,90E840C52F5D
0x72093d,90E886C32F5D
0x720990,90E833C32F5D
0x7209c1,90E802C32F5D
0x7209d1,90E8F2C22F5D
0x720abb,90E808C22F5D
0x720b4c,90E877C12F5D
0x720b81,90E842C12F5D
0x720b91,90E832C12F5D
0x720c7b,90E848C02F5D
0x720d0c,90E8B7BF2F5D
0x720d41,90E882BF2F5D
0x720d51,90E872BF2F5D
0x720e3b,90E888BE2F5D
0x720ecc,90E8F7BD2F5D
0x720f01,90E8C2BD2F5D
0x720f11,90E8B2BD2F5D
0x720ffd,90E8C6BC2F5D
0x7210a3,90E820BC2F5D
0x7210e1,90E8E2BB2F5D
0x7210f1,90E8D2BB2F5D
0x72120d,90E8B6BA2F5D
0x7212a5,90E81EBA2F5D
0x72139f,90E824B92F5D
0x7213bf,90E804B92F5D
0x72140d,90E8B6B82F5D
0x72149f,90E824B82F5D
0x7214e6,90E8DDB72F5D
0x7214fa,90E8C9B72F5D
0x7215ec,90E8D7B62F5D
0x7217a1,90E822B52F5D
0x72187e,90E8C558345D
0x721b69,90E85AB12F5D
0x721c4f,90E874B02F5D
0x721c6f,90E854B02F5D
0x721cd5,90E8EEAF2F5D
0x721d1b,90E8044D2C5D
0x721d3e,90E885AF2F5D
0x721d71,90E852AF2F5D
0x721d81,90E842AF2F5D
0x721e6d,90E856AE2F5D
0x721f06,90E8BDAD2F5D
0x721f46,90E87DAD2F5D
0x721f5a,90E869AD2F5D
0x72207d,90E846AC2F5D
0x7220eb,90E8D8AB2F5D
0x722121,90E8A2AB2F5D
0x722131,90E892AB2F5D
0x722341,90E882A92F5D
0x722392,90E831A92F5D
0x72239d,90E826A92F5D
0x72247e,90E8C54C345D
0x722769,90E85AA52F5D
0x72284f,90E874A42F5D
0x72286f,90E854A42F5D
0x7228ad,90E816A42F5D
0x72291b,90E8A8A32F5D
0x72297e,90E845A32F5D
0x7229b6,90E80DA32F5D
0x7229ca,90E8F9A22F5D
0x722ae1,90E8E2A12F5D
0x722bba,90E88945345D
0x722ef9,90E8CA9D2F5D
0x72317a,90E8499B2F5D
0x72328a,90E8399A2F5D
0x7232aa,90E8199A2F5D
0x72335a,90E869992F5D
0x72341a,90E8A9982F5D
0x72347a,90E849982F5D
0x7234fa,90E8C9972F5D
0x72357a,90E849972F5D
0x7235ca,90E8F9962F5D
0x7237aa,90E819952F5D
0x72382a,90E899942F5D
0x72387a,90E849942F5D
0x72392a,90E899932F5D
0x72397a,90E849932F5D
0x7239da,90E8E9922F5D
0x723a3a,90E889922F5D
0x723a5a,90E869922F5D
0x723b9a,90E829912F5D
0x723c2a,90E899902F5D
0x723caa,90E819902F5D
0x723d2a,90E8998F2F5D
0x723daa,90E8198F2F5D
0x724675,90E84E862F5D
0x7246a4,90E81F862F5D
0x7246b8,90E80B862F5D
0x724761,90E862852F5D
0x724775,90E84E852F5D
0x7247ae,90E815852F5D
0x7249b2,90E811832F5D
0x7249c6,90E8FD822F5D
0x724a00,90E8C3822F5D
0x724a9f,90E824822F5D
0x724abf,90E804822F5D
0x724af4,90E8CF812F5D
0x724b08,90E8BB812F5D
0x724b34,90E88F812F5D
0x724d39,90E88A7F2F5D
0x724dca,90E8F97E2F5D
0x724e0f,90E8B47E2F5D
0x724e2f,90E8947E2F5D
0x724e64,90E85F7E2F5D
0x724e78,90E84B7E2F5D
0x724ea4,90E81F7E2F5D
0x72542d,90E896782F5D
0x72549a,90E829782F5D
0x725898,90E82B742F5D
0x7258c8,90E8FB732F5D
0x7258f8,90E8CB732F5D
0x7259a9,90E876102C5D
0x7259d6,90E849102C5D
0x725a1c,90E803102C5D
0x725a48,90E8D70F2C5D
0x725baf,90E814712F5D
0x725bcf,90E8F4702F5D
0x725bef,90E8D4702F5D
0x725c0f,90E8B4702F5D
0x725c47,90E87C702F5D
0x725c5b,90E868702F5D
0x725c88,90E83B702F5D
0x725e5f,90E8646E2F5D
0x725e7f,90E8446E2F5D
0x725eb4,90E80F6E2F5D
0x725ec8,90E8FB6D2F5D
0x725ef4,90E8CF6D2F5D
0x726112,90E8B16B2F5D
0x726126,90E89D6B2F5D
0x726160,90E8636B2F5D
0x72634f,90E874692F5D
0x72636f,90E854692F5D
0x7263b4,90E80F692F5D
0x7263c8,90E8FB682F5D
0x726404,90E8BF682F5D
0x7266a9,90E81A662F5D
0x726e3f,90E8845E2F5D
0x726e5f,90E8645E2F5D
0x7270bf,90E8045C2F5D
0x727104,90E8BF5B2F5D
0x727118,90E8AB5B2F5D
0x727154,90E86F5B2F5D
0x727a6f,90E854522F5D
0x727ab2,90E811522F5D
0x727ac6,90E8FD512F5D
0x727b00,90E8C3512F5D
0x727d2f,90E8944F2F5D
0x727d4f,90E8744F2F5D
0x727db2,90E8114F2F5D
0x727dc6,90E8FD4E2F5D
0x727e00,90E8C34E2F5D
0x72827c,90E8474A2F5D
0x72829d,90E8264A2F5D
0x7282fa,90E8C9492F5D
0x72850f,90E8B4472F5D
0x72852f,90E894472F5D
0x728567,90E85C472F5D
0x72857b,90E848472F5D
0x7285a8,90E81B472F5D
0x72877f,90E844452F5D
0x72879f,90E824452F5D
0x7287df,90E8E4442F5D
0x7287f3,90E8D0442F5D
0x72882d,90E896442F5D
0x728a0f,90E8B4422F5D
0x728a54,90E86F422F5D
0x728a68,90E85B422F5D
0x728aa4,90E81F422F5D
0x7293ff,90E8C4382F5D
0x72941f,90E8A4382F5D
0x72943f,90E884382F5D
0x72945f,90E864382F5D
0x7294a4,90E81F382F5D
0x7294b8,90E80B382F5D
0x7294f4,90E8CF372F5D
0x7296df,90E8E4352F5D
0x7296ff,90E8C4352F5D
0x729742,90E881352F5D
0x729756,90E86D352F5D
0x729790,90E833352F5D
0x7299c4,90E8FF322F5D
0x7299d8,90E8EB322F5D
0x729a14,90E8AF322F5D
0x729a61,90E862322F5D
0x729a71,90E852322F5D
0x729ebe,90E8F7BF335D
0x729faf,90E8142D2F5D
0x729fcf,90E8F42C2F5D
0x72a014,90E8AF2C2F5D
0x72a028,90E89B2C2F5D
0x72a064,90E85F2C2F5D
0x72a25f,90E8642A2F5D
0x72a27f,90E8442A2F5D
0x72a2c4,90E8FF292F5D
0x72a2d8,90E8EB292F5D
0x72a314,90E8AF292F5D
0x72a4f8,90E8CB272F5D
0x72a542,90E881272F5D
0x72a556,90E86D272F5D
0x72a590,90E833272F5D
0x72a7b8,90E80B252F5D
0x72a802,90E8C1242F5D
0x72a816,90E8AD242F5D
0x72a850,90E873242F5D
0x72adcf,90E8F41E2F5D
0x72adef,90E8D41E2F5D
0x72ae27,90E89C1E2F5D
0x72ae3b,90E8881E2F5D
0x72ae66,90E85D1E2F5D
0x72af15,90E80ABB2B5D
0x72b02f,90E8941C2F5D
0x72b04f,90E8741C2F5D
0x72b092,90E8311C2F5D
0x72b0a6,90E81D1C2F5D
0x72b0e0,90E8E31B2F5D
0x72b2bf,90E8041A2F5D
0x72b2df,90E8E4192F5D
0x72b322,90E8A1192F5D
0x72b336,90E88D192F5D
0x72b370,90E853192F5D
0x72b54f,90E874172F5D
0x72b56f,90E854172F5D
0x72b5b2,90E811172F5D
0x72b5c6,90E8FD162F5D
0x72b600,90E8C3162F5D
0x72b7ef,90E8D4142F5D
0x72b80f,90E8B4142F5D
0x72b854,90E86F142F5D
0x72b868,90E85B142F5D
0x72b8a4,90E81F142F5D
0x72ba8f,90E834122F5D
0x72bad4,90E8EF112F5D
0x72bae8,90E8DB112F5D
0x72bb24,90E89F112F5D
0x72bcc4,90E8FF0F2F5D
0x72bcd8,90E8EB0F2F5D
0x72bd14,90E8AF0F2F5D
0x72c06a,90E8D9B0335D
0x72c369,90E85A092F5D
0x72c43c,90E807AD335D
0x72c788,90E83B052F5D
0x72c7c7,90E8FC042F5D
0x72c7db,90E8E8042F5D
0x72c808,90E8BB042F5D
0x72c8b5,90E86AA12B5D
0x72c9ff,90E8C4022F5D
0x72ca1f,90E8A4022F5D
0x72ca64,90E85F022F5D
0x72ca78,90E84B022F5D
0x72cab4,90E80F022F5D
0x72cc8f,90E834002F5D
0x72ccaf,90E814002F5D
0x72cce7,90E8DCFF2E5D
0x72ccfb,90E8C8FF2E5D
0x72cd27,90E89CFF2E5D
0x72cf21,90E8A2FD2E5D
0x72d0e9,90E8DAFB2E5D
0x72d538,90E88BF72E5D
0x72d577,90E84CF72E5D
0x72d58b,90E838F72E5D
0x72d5b8,90E80BF72E5D
0x72d849,90E87AF42E5D
0x72d94a,90E8F997335D
0x72de8d,90E836EE2E5D
0x72deea,90E8D9ED2E5D
0x72df49,90E87AED2E5D
0x72df7d,90E846ED2E5D
0x72dfea,90E8D9EC2E5D
0x72e049,90E87AEC2E5D
0x72e0ca,90E8F9EB2E5D
0x72e0ed,90E8D6EB2E5D
0x72e14a,90E879EB2E5D
0x72e1ed,90E8D6EA2E5D
0x72e25a,90E869EA2E5D
0x72e2b9,90E80AEA2E5D
0x72e33a,90E889E92E5D
0x72e35d,90E866E92E5D
0x72e3aa,90E819E92E5D
0x72e409,90E8BAE82E5D
0x72e4a9,90E81AE82E5D
0x72e519,90E8AAE72E5D
0x72e589,90E83AE72E5D
0x72e60a,90E8B9E62E5D
0x72e62d,90E896E62E5D
0x72e69a,90E829E62E5D
0x72e6ed,90E8D6E52E5D
0x72e73a,90E889E52E5D
0x72e799,90E82AE52E5D
0x72e7fd,90E8C6E42E5D
0x72e84a,90E879E42E5D
0x72e8bd,90E806E42E5D
0x72e90a,90E8B9E32E5D
0x72e97d,90E846E32E5D
0x72e9aa,90E819E32E5D
0x72e9dd,90E8E6E22E5D
0x72ea4a,90E879E22E5D
0x72ea9d,90E826E22E5D
0x72eb8d,90E836E12E5D
0x72ebfd,90E8C6E02E5D
0x72ec8a,90E839E02E5D
0x72ecb9,90E80AE02E5D
0x72ed3a,90E889DF2E5D
0x72ed5d,90E866DF2E5D
0x72edca,90E8F9DE2E5D
0x72ee29,90E89ADE2E5D
0x72eeaa,90E819DE2E5D
0x72eed9,90E8EADD2E5D
0x72ef5a,90E869DD2E5D
0x72effa,90E8C9DC2E5D
0x72f0ab,90E8D581335D
0x72f1f8,90E8CBDA2E5D
0x72f4f2,90E8517C335D
0x72f848,90E87BD42E5D
0x72faf2,90E85176335D
0x72fb83,90E840D12E5D
0x72fba8,90E81BD12E5D
0x72fbd9,90E8EAD02E5D
0x72fbfa,90E8C9D02E5D
0x72fc89,90E83AD02E5D
0x72fc97,90E82CD02E5D
0x72fd08,90E8BBCF2E5D
0x72ff8c,90E8B771335D
0x7300d1,90E8F2CB2E5D
0x73018c,90E837CB2E5D
0x7301ad,90E816CB2E5D
0x73020a,90E8B9CA2E5D
0x7302ba,90E8896E335D
0x7304fd,90E8C6C72E5D
0x730621,90E8A2C62E5D
0x7306dc,90E8E7C52E5D
0x7306fd,90E8C6C52E5D
0x73075a,90E869C52E5D
0x73080a,90E83969335D
0x730aac,90E89766335D
0x730b68,90E85BC12E5D
0x730df2,90E85163335D
0x730e98,90E82BBE2E5D
0x731112,90E83160335D
0x7311c8,90E8FBBA2E5D
0x7314fc,90E8475C335D
0x7315a8,90E81BB72E5D
0x73188c,90E8B758335D
0x7319a1,90E822B32E5D
0x731a5c,90E867B22E5D
0x731a7d,90E846B22E5D
0x731ada,90E8E9B12E5D
0x731b8a,90E8B955335D
0x731e3c,90E887AE2E5D
0x731eec,90E8D7AD2E5D
0x731f0d,90E8B6AD2E5D
0x731f6a,90E859AD2E5D
0x73201f,90E82451335D
0x732248,90E87BAA2E5D
0x7322ac,90E8974E335D
0x73239c,90E827A92E5D
0x7323bd,90E806A92E5D
0x73241a,90E8A9A82E5D
0x7324f8,90E8CBA72E5D
0x73289c,90E8A748335D
0x7329fd,90E8C6A22E5D
0x732abc,90E807A22E5D
0x732add,90E8E6A12E5D
0x732b3a,90E889A12E5D
0x732bea,90E85945335D
0x732ee1,90E8E29D2E5D
0x732f9c,90E8279D2E5D
0x732fbd,90E8069D2E5D
0x73301a,90E8A99C2E5D
0x7330ca,90E87940335D
0x7332f8,90E8CB992E5D
0x7336d2,90E8713A335D
0x733788,90E83B952E5D
0x733a72,90E8D136335D
0x733c09,90E8BA902E5D
0x733c91,90E832902E5D
0x733d6e,90E8D533335D
0x7340fc,90E84730335D
0x734368,90E85B892E5D
0x7345ec,90E8572B335D
0x734698,90E82B862E5D
0x7349dc,90E86727335D
0x734a88,90E83B822E5D
0x734d8c,90E8B723335D
0x734efd,90E8C67D2E5D
0x734fbc,90E8077D2E5D
0x734fdd,90E8E67C2E5D
0x73503a,90E8897C2E5D
0x7350ea,90E85920335D
0x7353e1,90E8E2782E5D
0x73549c,90E827782E5D
0x7354bd,90E806782E5D
0x73551a,90E8A9772E5D
0x7355ca,90E8791B335D
0x7357f8,90E8CB742E5D
0x735aec,90E85716335D
0x735b88,90E83B712E5D
0x735f0c,90E83712335D
0x73605e,90E8656C2E5D
0x73606c,90E8576C2E5D
0x7360cf,90E8F46B2E5D
0x73651c,90E8270C335D
0x736661,90E862662E5D
0x73671c,90E8A7652E5D
0x73673d,90E886652E5D
0x73679a,90E829652E5D
0x73684a,90E8F908335D
0x736a78,90E84B622E5D
0x736d7c,90E8C703335D
0x736e28,90E89B5E2E5D
0x73712c,90E81700335D
0x7375ac,90E897FB325D
0x73792c,90E817F8325D
0x737a7c,90E847522E5D
0x737b2c,90E897512E5D
0x737b4d,90E876512E5D
0x737baa,90E819512E5D
0x737c5f,90E8E4F4325D
0x737ea8,90E81B4E2E5D
0x7380cc,90E877F0325D
0x738118,90E8AB4B2E5D
0x73844c,90E8F7EC325D
0x7384f8,90E8CB472E5D
0x73882c,90E817E9325D
0x7388d8,90E8EB432E5D
0x738c0c,90E837E5325D
0x738cb8,90E80B402E5D
0x738fbc,90E887E1325D
0x73905f,90E8643C2E5D
0x73949c,90E8A7DC325D
0x739548,90E87B372E5D
0x73994c,90E8F7D7325D
0x739a4c,90E877322E5D
0x739a6d,90E856322E5D
0x739aca,90E8F9312E5D
0x739cbc,90E807302E5D
0x739cdd,90E8E62F2E5D
0x739d3a,90E8892F2E5D
0x739f0e,90E811CB2A5D
0x739f33,90E8ECCA2A5D
0x73a03c,90E807D1325D
0x73a0e8,90E8DB2B2E5D
0x73a42c,90E817CD325D
0x73a4d8,90E8EB272E5D
0x73a882,90E8C1C8325D
0x73a9ab,90E898C7325D
0x73aad1,90E8F2212E5D
0x73ab8c,90E837212E5D
0x73abad,90E816212E5D
0x73ac0a,90E8B9202E5D
0x73acba,90E889C4325D
0x73b112,90E831C0325D
0x73b1ec,90E8D71A2E5D
0x73b20d,90E8B61A2E5D
0x73b26a,90E8591A2E5D
0x73b421,90E8A2182E5D
0x73b50b,90E838BC325D
0x73b5dd,90E8E6162E5D
0x73b6c9,90E8FA152E5D
0x73b6ea,90E8D9152E5D
0x73b70d,90E8B6152E5D
0x73b77a,90E849152E5D
0x73b7f9,90E8CA142E5D
0x73b84a,90E879142E5D
0x73b88d,90E836142E5D
0x73b95d,90E866132E5D
0x73ba19,90E8AA122E5D
0x73ba3a,90E889122E5D
0x73ba7d,90E846122E5D
0x73bb49,90E87A112E5D
0x73bb6a,90E859112E5D
0x73bbf9,90E8CA102E5D
0x73bc1a,90E8A9102E5D
0x73bc4a,90E879102E5D
0x73bcc9,90E8FA0F2E5D
0x73bcea,90E8D90F2E5D
0x73bd1a,90E8A90F2E5D
0x73bd89,90E83A0F2E5D
0x73bdda,90E8E90E2E5D
0x73be0d,90E8B60E2E5D
0x73be8d,90E8360E2E5D
0x73bf59,90E86A0D2E5D
0x73bf7a,90E8490D2E5D
0x73bfaa,90E8190D2E5D
0x73bfdd,90E8E60C2E5D
0x73c05d,90E8660C2E5D
0x73c0cd,90E8F60B2E5D
0x73c0fd,90E8C60B2E5D
0x73c1cd,90E8F60A2E5D
0x73c27d,90E8460A2E5D
0x73c2ed,90E8D6092E5D
0x73c399,90E82A092E5D
0x73c3ea,90E8D9082E5D
0x73c41d,90E8A6082E5D
0x73c4d9,90E8EA072E5D
0x73c4fa,90E8C9072E5D
0x73c579,90E84A072E5D
0x73c59a,90E829072E5D
0x73c5c9,90E8FA062E5D
0x73c5f3,90E8D0062E5D
0x73c618,90E8AB062E5D
0x73c63a,90E889062E5D
0x73c65a,90E869062E5D
0x73c68f,90E834062E5D
0x73c6df,90E8E4052E5D
0x73c799,90E82A052E5D
0x73c7ba,90E809052E5D
0x73c7da,90E8E9042E5D
0x73c809,90E8BA042E5D
0x73c879,90E84A042E5D
0x73c8a3,90E820042E5D
0x73c8c8,90E8FB032E5D
0x73c8ea,90E8D9032E5D
0x73c90a,90E8B9032E5D
0x73c939,90E88A032E5D
0x73c99a,90E829032E5D
0x73c9ca,90E8F9022E5D
0x73c9f9,90E8CA022E5D
0x73ca1a,90E8A9022E5D
0x73ca49,90E87A022E5D
0x73ca6a,90E859022E5D
0x73ca9a,90E829022E5D
0x73cac9,90E8FA012E5D
0x73cb2d,90E896012E5D
0x73cbca,90E8F9002E5D
0x73cbf9,90E8CA002E5D
0x73cc5a,90E869002E5D
0x73cc7a,90E849002E5D
0x73cca9,90E81A002E5D
0x73ccd5,90E8EEFF2D5D
0x73ccfd,90E8C6FF2D5D
0x73cd2a,90E899FF2D5D
0x73cd5a,90E869FF2D5D
0x73cd89,90E83AFF2D5D
0x73cdaa,90E819FF2D5D
0x73cdda,90E8E9FE2D5D
0x73ce09,90E8BAFE2D5D
0x73ce79,90E84AFE2D5D
0x73ceda,90E8E9FD2D5D
0x73cf0a,90E8B9FD2D5D
0x73cf39,90E88AFD2D5D
0x73cf9a,90E829FD2D5D
0x73cfca,90E8F9FC2D5D
0x73cff9,90E8CAFC2D5D
0x73d05a,90E869FC2D5D
0x73d08a,90E839FC2D5D
0x73d0b9,90E80AFC2D5D
0x73d11a,90E8A9FB2D5D
0x73d13a,90E889FB2D5D
0x73d169,90E85AFB2D5D
0x73d1ca,90E8F9FA2D5D
0x73d1fa,90E8C9FA2D5D
0x73d229,90E89AFA2D5D
0x73d28a,90E839FA2D5D
0x73d2ba,90E809FA2D5D
0x73d2e9,90E8DAF92D5D
0x73d34a,90E879F92D5D
0x73d37a,90E849F92D5D
0x73d3a9,90E81AF92D5D
0x73d40a,90E8B9F82D5D
0x73d43a,90E889F82D5D
0x73d469,90E85AF82D5D
0x73d4ca,90E8F9F72D5D
0x73d509,90E8BAF72D5D
0x73d56a,90E859F72D5D
0x73d59a,90E829F72D5D
0x73d5c9,90E8FAF62D5D
0x73d62a,90E899F62D5D
0x73d64a,90E879F62D5D
0x73d83c,90E8449A325D
0x73dd8a,90E839EF2D5D
0x73dd98,90E82BEF2D5D
0x73ddb8,90E8678C2A5D
0x73de5f,90E864EE2D5D
0x73de7f,90E844EE2D5D
0x73deb9,90E80AEE2D5D
0x73df1a,90E82992325D
0x73e4c9,90E8FAE72D5D
0x73e52a,90E8198C325D
0x73ead9,90E8EAE12D5D
0x73eb3a,90E80986325D
0x73ef49,90E87ADD2D5D
0x73ef9e,90E8A581325D
0x73f2f9,90E8CAD92D5D
0x73f361,90E8E27D325D
0x73f7d9,90E8EAD42D5D
0x73f83e,90E80579325D
0x73fe30,90E893CE2D5D
0x73fe3e,90E885CE2D5D
0x73fed9,90E8EACD2D5D
0x73ff41,90E80272325D
0x7403b9,90E80AC92D5D
0x74041a,90E8296D325D
0x74088f,90E834C42D5D
0x7408af,90E814C42D5D
0x7408d8,90E8EBC32D5D
0x740919,90E8AAC32D5D
0x74097a,90E8C967325D
0x740c04,90E8B152325D
0x740e59,90E86ABE2D5D
0x740eba,90E88962325D
0x741366,90E85DB92D5D
0x741374,90E84FB92D5D
0x741394,90E88B562A5D
0x741478,90E84BB82D5D
0x741486,90E83DB82D5D
0x7415a8,90E81BB72D5D
0x7415b6,90E80DB72D5D
0x7416d8,90E8EBB52D5D
0x7416e6,90E8DDB52D5D
0x74180e,90E8B5B42D5D
0x74181c,90E8A7B42D5D
0x7418a9,90E81AB42D5D
0x7418fe,90E84558325D
0x74242a,90E899A82D5D
0x74249a,90E829A82D5D
0x74250a,90E8B9A72D5D
0x7427fa,90E8C9A42D5D
0x742aaa,90E819A22D5D
0x742eb9,90E80A9E2D5D
0x742eda,90E8E99D2D5D
0x742f5a,90E8699D2D5D
0x742fe9,90E8DA9C2D5D
0x74300a,90E8B99C2D5D
0x743049,90E87A9C2D5D
0x74306a,90E8599C2D5D
0x743099,90E82A9C2D5D
0x7430ba,90E8099C2D5D
0x7430da,90E8E99B2D5D
0x74311d,90E8A69B2D5D
0x743259,90E86A9A2D5D
0x74327a,90E8499A2D5D
0x7432b9,90E80A9A2D5D
0x7432da,90E8E9992D5D
0x7432fa,90E8C9992D5D
0x743349,90E87A992D5D
0x74336a,90E859992D5D
0x7433a9,90E81A992D5D
0x7433ca,90E8F9982D5D
0x743409,90E8BA982D5D
0x74342a,90E899982D5D
0x743469,90E85A982D5D
0x74348a,90E839982D5D
0x7434c9,90E8FA972D5D
0x7434ea,90E8D9972D5D
0x743529,90E89A972D5D
0x74354a,90E879972D5D
0x743589,90E83A972D5D
0x7435aa,90E819972D5D
0x7435e9,90E8DA962D5D
0x74360a,90E8B9962D5D
0x743649,90E87A962D5D
0x743689,90E83A962D5D
0x7436aa,90E819962D5D
0x7436e9,90E8DA952D5D
0x74370a,90E8B9952D5D
0x7437ad,90E816952D5D
0x7437ea,90E8D9942D5D
0x74380a,90E8B9942D5D
0x743c2f,90E894902D5D
0x743c4f,90E874902D5D
0x7441af,90E8148B2D5D
0x7441cf,90E8F48A2D5D
0x74442f,90E894882D5D
0x74444f,90E874882D5D
0x74446f,90E854882D5D
0x74448f,90E834882D5D
0x7444af,90E814882D5D
0x7444cf,90E8F4872D5D
0x7444ef,90E8D4872D5D
0x74450f,90E8B4872D5D
0x74452f,90E894872D5D
0x74454f,90E874872D5D
0x7447da,90E8E9842D5D
0x744f8d,90E8367D2D5D
0x7476be,90E805562D5D
0x747721,90E8A2552D5D
0x747770,90E853552D5D
0x7478a1,90E87EF1295D
0x747b38,90E8E7EE295D
0x747c68,90E8B7ED295D
0x747ccf,90E865422C5D
0x7482d8,90E847E7295D
0x74874f,90E8E5372C5D
0x74879f,90E895372C5D
0x7488ef,90E845362C5D
0x748a3f,90E8F5342C5D
0x748b1f,90E815342C5D
0x748c3f,90E8F5322C5D
0x748d2f,90E805322C5D
0x748e31,90E803312C5D
0x748f2f,90E805302C5D
0x748fd1,90E8632F2C5D
0x7490ef,90E8452E2C5D
0x749241,90E8F32C2C5D
0x74934f,90E8E52B2C5D
0x74947f,90E8B52A2C5D
0x749581,90E8B3292C5D
0x74968f,90E8A5282C5D
0x7497af,90E885272C5D
0x7498af,90E885262C5D
0x7499af,90E885252C5D
0x749adf,90E855242C5D
0x749be1,90E853232C5D
0x749ce1,90E853222C5D
0x749de1,90E853212C5D
0x749e88,90E897CB295D
0x749ed9,90E846CB295D
0x749fc1,90E8731F2C5D
0x74a0d1,90E8631E2C5D
0x74a1e1,90E8531D2C5D
0x74a2ef,90E8451C2C5D
0x74a411,90E8231B2C5D
0x74a50f,90E8251A2C5D
0x74a588,90E897C4295D
0x74a5d9,90E846C4295D
0x74a61f,90E815192C5D
0x74a721,90E813182C5D
0x74a82f,90E805172C5D
0x74a88f,90E8A5162C5D
0x74a9cf,90E865152C5D
0x74aa3f,90E8F5142C5D
0x74aab1,90E86EBF295D
0x74ac01,90E81EBE295D
0x74ad0f,90E825122C5D
0x74ad6f,90E8C5112C5D
0x74ae2f,90E805112C5D
0x74af0f,90E825102C5D
0x74af7f,90E8B50F2C5D
0x74afef,90E8450F2C5D
0x74b05f,90E8D50E2C5D
0x74b0cf,90E8650E2C5D
0x74b161,90E8D30D2C5D
0x74b1df,90E8550D2C5D
0x74b24f,90E8E50C2C5D
0x74b2d1,90E8630C2C5D
0x74b34f,90E8E50B2C5D
0x74b3cf,90E8650B2C5D
0x74b43f,90E8F50A2C5D
0x74b50f,90E8250A2C5D
0x74be3a,90E8890E2D5D
0x74be6a,90E8590E2D5D
0x74c2f9,90E826A7295D
0x74c7b1,90E86EA2295D
0x74cddc,90E8439C295D
0x74cffc,90E8239A295D
0x74dc8c,90E8938D295D
0x74f198,90E88778295D
0x74f1f9,90E82678295D
0x74f648,90E8D773295D
0x74f6a9,90E87673295D
0x74f931,90E8EE70295D
0x74f991,90E88E70295D
0x750beb,90E8B269315D
0x750ff6,90E8295A295D
0x751219,90E8AABA2C5D
0x751262,90E861BA2C5D
0x75128b,90E838BA2C5D
0x7512ac,90E817BA2C5D
0x7512d9,90E8EAB92C5D
0x7517ca,90E85552295D
0x751faa,90E819AD2C5D
0x751fca,90E8F9AC2C5D
0x751fea,90E8D9AC2C5D
0x754278,90E8A727295D
0x754298,90E88727295D
0x7545e8,90E83724295D
0x754608,90E81724295D
0x75478c,90E89322295D
0x75481c,90E80322295D
0x7549b8,90E86720295D
0x754ee8,90E8371B295D
0x756538,90E8E704295D
0x756778,90E8A702295D
0x756bd9,90E846FE285D
0x75749c,90E883F5285D
0x75769c,90E883F3285D
0x757cc2,90E81CD1285D
0x757d02,90E8A427295D
0x7588e2,90E896C0285D
0x758a00,90E90A2E295D
0x758d9d,90E8263F2C5D
0x758de8,90E8DB3E2C5D
0x758e28,90E853D0305D
0x758e36,90E854D1305D
0x758edc,90E89FCF305D
0x758f02,90E888D0305D
0x758fbb,90E8C0CE305D
0x7590d5,90E8A6CD305D
0x7590f0,90E89ACE305D
0x759164,90E817CD305D
0x759238,90E843CC305D
0x75924d,90E863E0305D
0x759300,90E8B5CB305D
0x75943a,90E841CA305D
0x759448,90E833CA305D
0x75962d,90E896362C5D
0x7596d4,90E8EF352C5D
0x75971c,90E8A7352C5D
0x75a91d,90E8A6232C5D
0x75aaf0,90E8D3212C5D
0x75ab00,90E8C3212C5D
0x75ab22,90E8A1212C5D
0x75ab32,90E891212C5D
0x75cb06,90E87593305D
0x75cd58,90E85D91305D
0x75cd72,90E84391305D
0x75d331,90E892F92B5D
0x75d341,90E882F92B5D
0x75d4e3,90E8E0F72B5D
0x75d4f3,90E8D0F72B5D
0x75d61a,90E89B88305D
0x75d69a,90E81B88305D
0x75d795,90E82EF52B5D
0x75d7f1,90E88A86305D
0x75d860,90E8509A305D
0x75d8c4,90E8F185305D
0x75da14,90E86784305D
0x75da4b,90E86598305D
0x75da80,90E83584305D
0x75dbe9,90E89282305D
0x75dc4f,90E86196305D
0x75dc8e,90E81CE2285D
0x75df14,90E88996305D
0x75e06b,90E83295305D
0x75e2e5,90E8B892305D
0x75e4c3,90E8F279305D
0x75e603,90E8B278305D
0x75e623,90E99278305D
0x75e6d6,90E8EDE52B5D
0x75e85d,90E866E42B5D
0x75ed96,90E82DDF2B5D
0x75ee2f,90E894DE2B5D
0x75f51f,90E87E80305D
0x75f6c3,90E8A4582C5D
0x75f7b8,90E88B79305D
0x75f7f1,90E8C466305D
0x75f8d8,90E8C57C305D
0x75faa9,90E83270285D
0x75fb68,90E8357A305D
0x75ff8a,90E8B971305D
0x75ffc6,90E8EF5E305D
0x760042,90E881CC2B5D
0x76005a,90E869CC2B5D
0x760065,90E85ECC2B5D
0x760191,90E832CB2B5D
0x7601b3,90E810CB2B5D
0x7602c8,90E8FBC92B5D
0x7602f3,90E8D0C92B5D
0x760303,90E8C0C92B5D
0x760391,90E832C92B5D
0x760479,90E83C5A305D
0x7604ab,90E818C82B5D
0x7604bb,90E808C82B5D
0x760540,90E87559305D
0x760d60,90E863BF2B5D
0x760d7d,90E846BF2B5D
0x760d88,90E83BBF2B5D
0x760f46,90E83A63305D
0x760f9b,90E8E562305D
0x7610d4,90E8E14D305D
0x7610ec,90E8C94D305D
0x7611a5,90E8F863305D
0x7611cf,90E8E64C305D
0x7611e7,90E8CE4C305D
0x7611fd,90E8B84C305D
0x761211,90E8A44C305D
0x761253,90E9624C305D
0x761316,90E86A5F305D
0x76136b,90E8155F305D
0x7614a7,90E80E4A305D
0x7614bf,90E8F649305D
0x761575,90E82860305D
0x7615a7,90E80E49305D
0x7615bf,90E8F648305D
0x7615d7,90E8DE48305D
0x7615eb,90E8CA48305D
0x76165b,90E8255C305D
0x7616c4,90E8BC5B305D
0x7616e5,90E8D047305D
0x76170f,90E8715B305D
0x761b19,90E86757305D
0x761f8e,90E8F252305D
0x76207a,90E8C950305D
0x76216a,90E8D94F305D
0x76219d,90E8A64F305D
0x7623e2,90E8614D305D
0x762644,90E8FF4A305D
0x7627d6,90E86D49305D
0x762855,90E8EE48305D
0x762acc,90E87746305D
0x762b3e,90E84247305D
0x762bdd,90E8E6A02B5D
0x762c2c,90E88932305D
0x762c6d,90E856A02B5D
0x762cc7,90E8EE31305D
0x762d3d,90E8869F2B5D
0x762d58,90E85C2B315D
0x762da8,90E80D31305D
0x762e2d,90E8969E2B5D
0x762e71,90E8432A315D
0x762eb6,90E8FF2F305D
0x762f2d,90E8969D2B5D
0x762f49,90E86B29315D
0x762f71,90E8442F305D
0x7632ab,90E8189A2B5D
0x7632bb,90E8089A2B5D
0x7632c8,90E8FB992B5D
0x7632db,90E8E8992B5D
0x7632e8,90E8DB992B5D
0x76334d,90E876992B5D
0x7634dd,90E8E6972B5D
0x76354d,90E876972B5D
0x763578,90E84B972B5D
0x7635bd,90E806972B5D
0x7635e7,90E8DC962B5D
0x763764,90E85F952B5D
0x763855,90E86E942B5D
0x763865,90E85E942B5D
0x7638b1,90E812942B5D
0x76398b,90E838932B5D
0x763a8e,90E835922B5D
0x763a9e,90E825922B5D
0x763ae5,90E8D023305D
0x763b25,90E89023305D
0x763c3c,90E80735305D
0x763c63,90E8E034305D
0x763d62,90E81E35305D
0x763d92,90E8EE34305D
0x763e59,90E84437305D
0x763f05,90E8B01F305D
0x763f19,90E89C1F305D
0x763f90,90E9251F305D
0x76405e,90E82232305D
0x76408f,90E8F131305D
0x764160,90E83D34305D
0x7641fd,90E8B81C305D
0x764211,90E8A41C305D
0x7642a5,90E81E8A2B5D
0x7642bb,90E8088A2B5D
0x7642c8,90E8FB892B5D
0x764327,90E8592F305D
0x76436e,90E8122F305D
0x7643a9,90E81A892B5D
0x7643b6,90E80D892B5D
0x76443f,90E8412E305D
0x764477,90E8092E305D
0x764505,90E83E2C305D
0x764522,90E8212C305D
0x76456d,90E856872B5D
0x764591,90E832872B5D
0x76459e,90E825872B5D
0x7645c3,90E800872B5D
0x7645e0,90E83F24285D
0x7645f9,90E8CA862B5D
0x76464e,90E8322C305D
0x764679,90E83C18305D
0x764730,90E88517305D
0x764953,90E8F027305D
0x7649aa,90E89927305D
0x764a01,90E84227305D
0x764ad4,90E86F26305D
0x764b37,90E80C26305D
0x764b54,90E8EF25305D
0x764b71,90E8D225305D
0x764b8e,90E8B525305D
0x764bab,90E89825305D
0x764bc8,90E87B25305D
0x764be5,90E85E25305D
0x764c02,90E84125305D
0x764c74,90E8CF24305D
0x764cdd,90E8E67F2B5D
0x764d63,90E8607F2B5D
0x764e3d,90E8867E2B5D
0x764e55,90E86E7E2B5D
0x764e64,90E85F7E2B5D
0x764ed2,90E8AE23305D
0x764f06,90E87A23305D
0x76932f,90E84CCB2F5D
0x76936e,90E842DF2F5D
0x7695b5,90E800C92F5D
0x769745,90E836C72F5D
0x769784,90E82CDB2F5D
0x7699cb,90E8EAC42F5D
0x769aa7,90E8D4C32F5D
0x769adf,90E8D1D72F5D
0x769b1b,90E89AC32F5D
0x769d6a,90E84BC12F5D
0x769e4a,90E831C02F5D
0x769e83,90E82DD42F5D
0x76a0ea,90E8CBBD2F5D
0x76a198,90E8E3BC2F5D
0x76a3f9,90E8BCBA2F5D
0x76afff,90E8689F2B5D
0x76b163,90E8049E2B5D
0x76b6af,90E814162B5D
0x76b6c9,90E8FA152B5D
0x76b6d4,90E8EF152B5D
0x76b700,90E8C3152B5D
0x76b738,90E88B152B5D
0x76b74c,90E877152B5D
0x76b759,90E86A152B5D
0x76b827,90E89C142B5D
0x76b834,90E88F142B5D
0x76b906,90E8BD132B5D
0x76b98d,90E836132B5D
0x76b998,90E82B132B5D
0x76b9c4,90E8FF122B5D
0x76ba7a,90E849122B5D
0x76ba85,90E83E122B5D
0x76bd38,90E80BB42F5D
0x76be26,90E88AB42F5D
0x76be35,90E8A3B42F5D
0x76be9d,90E800B72F5D
0x76bfdf,90E8D69E2F5D
0x76c0ec,90E87B8E2B5D
0x76c404,90E8BF082B5D
0x76c414,90E8AF082B5D
0x76c444,90E87F082B5D
0x76c458,90E86B082B5D
0x76c4d3,90E8F0072B5D
0x76c568,90E85B072B5D
0x76c57c,90E847072B5D
0x76c5e6,90E8DD062B5D
0x76c5f8,90E8CB062B5D
0x76c608,90E8BB062B5D
0x76c61e,90E8A5062B5D
0x76c62b,90E898062B5D
0x76c66a,90E859062B5D
0x76c76c,90E857052B5D
0x76c779,90E84A052B5D
0x76c7a2,90E87DA2275D
0x76e0a1,90E81CB7305D
0x76e100,90E8B57D2F5D
0x76e240,90E8757C2F5D
0x76ec5c,90E8E7842F5D
0x76ed1f,90E896712F5D
0x770b1d,90E8806A2F5D
0x770bf0,90E8AD692F5D
0x770f61,90E83C662F5D
0x7712c6,90E8FDB92A5D
0x77140f,90E8A15E2F5D
0x771612,90E8B1B62A5D
0x7729f3,90E9C2342F5D
0x772bd4,90E8E1322F5D
0x772cf2,90E8C3312F5D
0x772e13,90E8A2302F5D
0x772f05,90E8B02F2F5D
0x7733a8,90E8F5412F5D
0x773447,90E856412F5D
0x77388a,90E8263A2F5D
0x774653,90E862182F5D
0x774661,90E854182F5D
0x774ab7,90E80C822A5D
0x7750f2,90E8D17B2A5D
0x7751df,90E8E47A2A5D
0x7756ff,90E8B11B2F5D
0x775710,90E8A01B2F5D
0x775721,90E88F1B2F5D
0x775732,90E87E1B2F5D
0x775743,90E86D1B2F5D
0x775754,90E85C1B2F5D
0x775765,90E84B1B2F5D
0x775776,90E83A1B2F5D
0x775787,90E8291B2F5D
0x775798,90E8181B2F5D
0x7757a9,90E8071B2F5D
0x7757ba,90E8F61A2F5D
0x7757cb,90E8E51A2F5D
0x7757dc,90E8D41A2F5D
0x7757ed,90E8C31A2F5D
0x7757fe,90E8B21A2F5D
0x77580f,90E8A11A2F5D
0x775820,90E8901A2F5D
0x775831,90E87F1A2F5D
0x775842,90E86E1A2F5D
0x776553,90E870672A5D
0x7765c7,90E8FC662A5D
0x7765db,90E8E8662A5D
0x776602,90E8C1662A5D
0x776622,90E8FD03275D
0x776644,90E87F662A5D
0x776c0d,90E8B6602A5D
0x776d88,90E83B5F2A5D
0x77740d,90E8B6582A5D
0x777574,90E84F572A5D
0x777bb3,90E810512A5D
0x777c3c,90E887502A5D
0x777d21,90E8A24F2A5D
0x777d5c,90E8674F2A5D
0x777d70,90E8534F2A5D
0x777d97,90E82C4F2A5D
0x777ddc,90E8E74E2A5D
0x777df0,90E8D34E2A5D
0x777e3e,90E8854E2A5D
0x777e73,90E8504E2A5D
0x777e83,90E8404E2A5D
0x777eae,90E8154E2A5D
0x777ecb,90E854EB265D
0x777ee4,90E8DF4D2A5D
0x777f10,90E8B34D2A5D
0x777f24,90E89F4D2A5D
0x777f56,90E86D4D2A5D
0x777f6e,90E8554D2A5D
0x778000,90E8C34C2A5D
0x778029,90E89A4C2A5D
0x77803d,90E8864C2A5D
0x778064,90E85F4C2A5D
0x7784d8,90E8EB472A5D
0x77864e,90E875462A5D
0x778d44,90E87F3F2A5D
0x778d89,90E83A3F2A5D
0x778fc4,90E8FF3C2A5D
0x7791a1,90E8223B2A5D
0x7791ca,90E8F93A2A5D
0x7791d6,90E8ED3A2A5D
0x7791ff,90E8C43A2A5D
0x77921c,90E803D8265D
0x779235,90E88E3A2A5D
0x779259,90E86A3A2A5D
0x779269,90E85A3A2A5D
0x7792b3,90E8103A2A5D
0x7792dc,90E8E7392A5D
0x7792e8,90E8DB392A5D
0x779311,90E8B2392A5D
0x77932e,90E8F1D6265D
0x779347,90E87C392A5D
0x77936b,90E858392A5D
0x77937b,90E848392A5D
0x7793c5,90E8FE382A5D
0x7793ee,90E8D5382A5D
0x7793fa,90E8C9382A5D
0x779423,90E8A0382A5D
0x779440,90E8DFD5265D
0x779459,90E86A382A5D
0x77947d,90E846382A5D
0x77948d,90E836382A5D
0x7794b8,90E80B382A5D
0x7794c8,90E8FB372A5D
0x7797ce,90E8F5342A5D
0x779801,90E8C2342A5D
0x779811,90E8B2342A5D
0x779853,90E870342A5D
0x779886,90E83D342A5D
0x779896,90E82D342A5D
0x7798dd,90E8E6332A5D
0x779910,90E8B3332A5D
0x779920,90E8A3332A5D
0x77a26f,90E84EF52F5D
0x77a28b,90E84DD02E5D
0x77a2c7,90E8EEBB2E5D
0x77a354,90E861BB2E5D
0x77a3ce,90E8CFC5265D
0x77c1b4,90E8C79C2E5D
0x77c1cc,90E8E4B02E5D
0x77c2c9,90E8EC9B2E5D
0x77d142,90E881FB295D
0x77d156,90E86DFB295D
0x77d163,90E860FB295D
0x77d182,90E841FB295D
0x77d18f,90E834FB295D
0x77d1b8,90E80BFB295D
0x77d1c5,90E8FEFA295D
0x77dd19,90E862812E5D
0x77dd36,90E87A952E5D
0x77dd51,90E85F952E5D
0x77dda9,90E8D2802E5D
0x77dddb,90E8D5942E5D
0x77debd,90E806EE295D
0x77df10,90E8B3ED295D
0x77df46,90E87DED295D
0x77df5a,90E869ED295D
0x77e047,90E87CEC295D
0x77e055,90E86EEC295D
0x77e073,90E8AC89265D
0x77e0cf,90E8F4EB295D
0x77e0fd,90E8C6EB295D
0x77e150,90E873EB295D
0x77e18b,90E89488265D
0x77e1ae,90E815EB295D
0x77e1e6,90E8DDEA295D
0x77e1fa,90E8C9EA295D
0x77e25d,90E866EA295D
0x77e361,90E862E9295D
0x77e479,90E84AE8295D
0x77e56d,90E856E7295D
0x77e596,90E82DE7295D
0x77e5aa,90E819E7295D
0x77e66f,90E854E6295D
0x77e69d,90E826E6295D
0x77e6f5,90E8CEE5295D
0x77e73b,90E8E482265D
0x77e75e,90E865E5295D
0x77e796,90E82DE5295D
0x77e7aa,90E819E5295D
0x77e87d,90E846E4295D
0x77e8d0,90E8F3E3295D
0x77e906,90E8BDE3295D
0x77e91a,90E8A9E3295D
0x77eb8c,90E829732E5D
0x77ebe5,90E8D0722E5D
0x77ed7c,90E839712E5D
0x77edd5,90E8E0702E5D
0x77eec1,90E802DE295D
0x77efd9,90E8EADC295D
0x77f0cd,90E8F6DB295D
0x77f120,90E8A3DB295D
0x77f156,90E86DDB295D
0x77f16a,90E859DB295D
0x77f40d,90E8B6D8295D
0x77f4b3,90E810D8295D
0x77f4f6,90E8CDD7295D
0x77f50a,90E8B9D7295D
0x77f5ed,90E8D6D6295D
0x77f5fb,90E8C8D6295D
0x77f615,90E80A74265D
0x77f65f,90E864D6295D
0x77f68d,90E836D6295D
0x77f6e0,90E8E3D5295D
0x77f71b,90E80473265D
0x77f73e,90E885D5295D
0x77f771,90E852D5295D
0x77f781,90E842D5295D
0x77f810,90E8B3D4295D
0x77f81e,90E8A5D4295D
0x77f9ae,90E895772E5D
0x77fc9a,90E829D0295D
0x77fcfd,90E8C6CF295D
0x77fd5b,90E868CF295D
0x77fd73,90E850CF295D
0x77fd83,90E8EB5B2F5D
0x77fe0a,90E8B9CE295D
0x77fe7a,90E849CE295D
0x77fe9a,90E829CE295D
0x77ff6a,90E859CD295D
0x77ffba,90E809CD295D
0x7800c1,90E802CC295D
0x78019a,90E8A96F2E5D
0x7804b9,90E80AC8295D
0x78053a,90E889C7295D
0x78071a,90E8A9C5295D
0x7807aa,90E819C5295D
0x7807ca,90E8F9C4295D
0x78087d,90E846C4295D
0x78094a,90E879C3295D
0x780bff,90E8C4C0295D
0x780c1f,90E8A4C0295D
0x780c57,90E86CC0295D
0x780c6b,90E858C0295D
0x780c96,90E82DC0295D
0x780d45,90E8DA5C265D
0x780e7f,90E844BE295D
0x780ea8,90E81BBE295D
0x780ef7,90E8CCBD295D
0x780f0b,90E8B8BD295D
0x780f36,90E88DBD295D
0x780fe5,90E83A5A265D
0x7810ec,90E857602E5D
0x78130c,90E8375E2E5D
0x78152f,90E894B7295D
0x78154f,90E874B7295D
0x7815d5,90E84A54265D
0x7816bf,90E804B6295D
0x7816e8,90E8DBB5295D
0x781727,90E89CB5295D
0x78173b,90E888B5295D
0x781766,90E85DB5295D
0x781815,90E80A52265D
0x78195f,90E864B3295D
0x78197f,90E844B3295D
0x7819b7,90E80CB3295D
0x7819cb,90E8F8B2295D
0x7819f6,90E8CDB2295D
0x781aa5,90E87A4F265D
0x781ca1,90E822B0295D
0x781d73,90E942412E5D
0x781da1,90E822AF295D
0x781e73,90E942402E5D
0x78206a,90E8D9502E5D
0x7822bf,90E804AA295D
0x7822df,90E8E4A9295D
0x782317,90E8ACA9295D
0x78232b,90E898A9295D
0x782356,90E86DA9295D
0x782405,90E81A46265D
0x7826bf,90E804A6295D
0x7826df,90E8E4A5295D
0x782724,90E89FA5295D
0x782738,90E88BA5295D
0x782774,90E84FA5295D
0x78292f,90E894A3295D
0x782958,90E86BA3295D
0x7829a7,90E81CA3295D
0x7829bb,90E808A3295D
0x7829e6,90E8DDA2295D
0x782a95,90E88A3F265D
0x782b9c,90E8A7452E5D
0x782c59,90E86AA0295D
0x782d69,90E85A9F295D
0x782fb5,90E80E9D295D
0x78300d,90E8B69C295D
0x78306a,90E8599C295D
0x7830bd,90E8069C295D
0x783149,90E87A9B295D
0x78317d,90E8469B295D
0x78324a,90E8799A295D
0x7832cd,90E8F699295D
0x7834d9,90E8EA97295D
0x78356a,90E8D93B2E5D
0x7838ad,90E81694295D
0x783acd,90E8F691295D
0x783b5a,90E86991295D
0x783bed,90E8D690295D
0x783d29,90E89A8F295D
0x783d5d,90E8668F295D
0x783e1a,90E8A98E295D
0x783e48,90E87B8E295D
0x78406c,90E8D7302E5D
0x78435c,90E86789295D
0x78437d,90E84689295D
0x7843da,90E8E988295D
0x7845d8,90E8EB86295D
0x78463c,90E8072B2E5D
0x7848bc,90E887282E5D
0x784968,90E85B83295D
0x784b8c,90E8B7252E5D
0x784c7c,90E8C7242E5D
0x784deb,90E858232E5D
0x784f7b,90E8C8212E5D
0x78508c,90E8377C295D
0x7850ad,90E8167C295D
0x78510a,90E8B97B295D
0x785378,90E84B79295D
0x78559c,90E8A71B2E5D
0x785651,90E87276295D
0x7856db,90E8681A2E5D
0x7857f8,90E8CB74295D
0x785aec,90E857162E5D
0x785d39,90E88A6F295D
0x785daa,90E8196F295D
0x785dca,90E8F96E295D
0x785e0c,90E8B76E295D
0x785e2d,90E8966E295D
0x785e8a,90E8396E295D
0x785ffd,90E8C66C295D
0x78609d,90E8266C295D
0x786149,90E87A6B295D
0x7861ba,90E8096B295D
0x7861da,90E8E96A295D
0x7861fd,90E8C66A295D
0x78621d,90E8A66A295D
0x78629c,90E8276A295D
0x7862bd,90E8066A295D
0x78631a,90E8A969295D
0x78654d,90E87667295D
0x78668b,90E8B80A2E5D
0x78674d,90E87665295D
0x78677d,90E84665295D
0x786849,90E87A64295D
0x7868ba,90E80964295D
0x7868da,90E8E963295D
0x7868fd,90E8C663295D
0x7869a9,90E81A63295D
0x786a0a,90E8B962295D
0x786a2a,90E89962295D
0x786a59,90E86A62295D
0x786a7a,90E84962295D
0x786aa9,90E81A62295D
0x786b0a,90E8B961295D
0x786b2a,90E89961295D
0x786b59,90E86A61295D
0x786bba,90E80961295D
0x786bda,90E8E960295D
0x786c09,90E8BA60295D
0x786c6a,90E85960295D
0x786c9a,90E82960295D
0x786e29,90E89A5E295D
0x786e7e,90E8C5022E5D
0x787259,90E86A5A295D
0x7872aa,90E899FE2D5D
0x78765a,90E86956295D
0x7877da,90E8E954295D
0x78781a,90E8A954295D
0x787a5a,90E86952295D
0x787b6a,90E85951295D
0x787ba9,90E81A51295D
0x787bca,90E8F950295D
0x787bf9,90E8CA50295D
0x787c1a,90E8A950295D
0x787c59,90E86A50295D
0x787c7a,90E84950295D
0x787cb9,90E80A50295D
0x787cda,90E8E94F295D
0x787d19,90E8AA4F295D
0x787d3a,90E8894F295D
0x789c21,90E8FECD255D
0x789c58,90E8C7CD255D
0x789c88,90E897CD255D
0x789cc1,90E85ECD255D
0x789cf8,90E827CD255D
0x789d58,90E8C7CC255D
0x789ddf,90E85521285D
0x789e28,90E8F7CB255D
0x789e88,90E897CB255D
0x789ec3,90E9F2BF2D5D
0x789ed3,90E9E2BF2D5D
0x789ef8,90E827CB255D
0x789fdf,90E8551F285D
0x78a0b8,90E867C9255D
0x78a109,90E816C9255D
0x78a14f,90E8E51D285D
0x78a198,90E887C8255D
0x78a1e9,90E836C8255D
0x78a26f,90E8C51C285D
0x78a2b8,90E867C7255D
0x78a309,90E816C7255D
0x78a34f,90E8E51B285D
0x78a3a8,90E877C6255D
0x78a3f9,90E826C6255D
0x78a43f,90E8F51A285D
0x78a4bf,90E8751A285D
0x78a521,90E8131A285D
0x78a5b1,90E88319285D
0x78a648,90E8D7C3255D
0x78a699,90E886C3255D
0x78a6df,90E85518285D
0x78a74f,90E8E517285D
0x78a7af,90E88517285D
0x78a898,90E887C1255D
0x78a8e9,90E836C1255D
0x78a95f,90E8D515285D
0x78a9ef,90E84515285D
0x78ab1f,90E81514285D
0x78abbf,90E87513285D
0x78ac9f,90E89512285D
0x78b183,90E832AD2D5D
0x78b193,90E822AD2D5D
0x78b1f8,90E888C02D5D
0x78b2ff,90E881BF2D5D
0x78b383,90E932AB2D5D
0x78b393,90E922AB2D5D
0x78bfd1,90E84EAA255D
0x78c01c,90E803AA255D
0x78c06c,90E8B3A9255D
0x78c0a1,90E87EA9255D
0x78c0ec,90E833A9255D
0x78c16c,90E8B3A8255D
0x78c20c,90E813A8255D
0x78c28c,90E893A7255D
0x78c2fc,90E823A7255D
0x78c598,90E887A4255D
0x78c5f9,90E826A4255D
0x78c628,90E8F7A3255D
0x78c689,90E896A3255D
0x78c6c8,90E857A3255D
0x78c729,90E8F6A2255D
0x78c768,90E8B7A2255D
0x78c7c9,90E856A2255D
0x78c838,90E8E7A1255D
0x78c899,90E886A1255D
0x78c978,90E8A7A0255D
0x78c9d9,90E846A0255D
0x78cb21,90E8A201295D
0x78d6f8,90E82793255D
0x78d758,90E8C792255D
0x78d908,90E81791255D
0x78d928,90E8F790255D
0x78d948,90E8D790255D
0x78d978,90E8A790255D
0x78d998,90E88790255D
0x78d9c8,90E85790255D
0x78d9e8,90E83790255D
0x78da18,90E80790255D
0x78da38,90E8E78F255D
0x78dad8,90E8478F255D
0x78de78,90E8A78B255D
0x78deb8,90E8678B255D
0x78e018,90E8078A255D
0x78e048,90E8D789255D
0x78e078,90E8A789255D
0x78e0a8,90E87789255D
0x78e1ac,90E87388255D
0x78e1cc,90E85388255D
0x78e2ac,90E87387255D
0x78e2cc,90E85387255D
0x78e2ec,90E83387255D
0x78e30c,90E81387255D
0x78ee92,90E84C5F255D
0x78efb2,90E8C659255D
0x78f1cc,90E8E96C2D5D
0x78f204,90E8B16C2D5D
0x78f29b,90E8A87E2D5D
0x78f2ad,90E8086C2D5D
0x78f364,90E8516B2D5D
0x78f3e8,90E85B7D2D5D
0x78f433,90E840662D5D
0x78f447,90E87E662D5D
0x78f45f,90E814662D5D
0x78f56a,90E84B692D5D
0x78f5f8,90E84B7B2D5D
0x78f643,90E830642D5D
0x78f657,90E86E642D5D
0x78f66f,90E804642D5D
0x78f792,90E823672D5D
0x790261,90E8E26E2D5D
0x790270,90E80B5C2D5D
0x7902a9,90E89A6E2D5D
0x7902ec,90E8C46F2D5D
0x790305,90E83E6E2D5D
0x790333,90E87D6F2D5D
0x790342,90E8966F2D5D
0x790351,90E8876F2D5D
0x79035e,90E8226F2D5D
0x790377,90E83E5B2D5D
0x7905d0,90E8F3C6285D
0x790608,90E8BBC6285D
0x7906e2,90E89642255D
0x791112,90E86638255D
0x791b61,90E8E46E2E5D
0x791b8d,90E8E2442E5D
0x791ba4,90E81FB1285D
0x791bb6,90E80DB1285D
0x791bc1,90E802B1285D
0x791e54,90E86FAE285D
0x791e64,90E85FAE285D
0x792766,90E85DA5285D
0x792778,90E84BA5285D
0x792788,90E83BA5285D
0x792e7f,90E8449E285D
0x792e9f,90E8249E285D
0x792f29,90E89A9D285D
0x792f66,90E85D9D285D
0x792f7a,90E8499D285D
0x792fdc,90E8E79C285D
0x792ff3,90E8D09C285D
0x793002,90E85F2B2E5D
0x79307a,90E8499C285D
0x7930fa,90E8C99B285D
0x793192,90E8319B285D
0x7931a6,90E81D9B285D
0x7931e0,90E8E39A285D
0x793405,90E8BE98285D
0x79344d,90E87698285D
0x79349a,90E82998285D
0x7934d9,90E8EA97285D
0x79355a,90E86997285D
0x793588,90E83B97285D
0x793872,90E8D1382D5D
0x79398d,90E83693285D
0x7939f9,90E8CA92285D
0x793a1a,90E8A992285D
0x793d5f,90E8D581275D
0x795898,90E8E3052D5D
0x7958ab,90E898182D5D
0x79590b,90E812FB2C5D
0x79591d,90E8571C2D5D
0x79592a,90E8F3FA2C5D
0x79593f,90E8351C2D5D
0x79594f,90E84E1C2D5D
0x79595e,90E857052D5D
0x795a04,90E819FA2C5D
0x795a16,90E85E1B2D5D
0x795a2f,90E881182D5D
0x795a3e,90E877042D5D
0x795a50,90E865042D5D
0x795ba2,90E80F35275D
0x795e8e,90E8760E255D
0x796950,90E87363285D
0x796962,90E86163285D
0x796971,90E85263285D
0x796a10,90E8B362285D
0x796a31,90E89262285D
0x796a3c,90E88762285D
0x796a90,90E83362285D
0x796c91,90E83260285D
0x796d6e,90E8D5032D5D
0x797059,90E86A5C285D
0x7970da,90E8E95B285D
0x7970fa,90E8C95B285D
0x797279,90E84A5A285D
0x79734c,90E8F7FD2C5D
0x79766d,90E85656285D
0x79773c,90E88755285D
0x79775d,90E86655285D
0x7977ba,90E80955285D
0x7978fd,90E8C653285D
0x797bef,90E84543275D
0x799edb,90E868D22C5D
0x79a144,90E87F2B285D
0x79a1ba,90E8092B285D
0x79a1ca,90E8F92A285D
0x79a314,90E8AF29285D
0x79a3b1,90E81229285D
0x79a671,90E85226285D
0x79aa5f,90E86422285D
0x79aaab,90E81822285D
0x79ab3c,90E88721285D
0x79ab93,90E83021285D
0x79abc1,90E80221285D
0x79abd1,90E8F220285D
0x79ac6f,90E85420285D
0x79ac98,90E82B20285D
0x79ace2,90E8E11F285D
0x79acf6,90E8CD1F285D
0x79ad30,90E8931F285D
0x79af09,90E8BA1D285D
0x79b1d2,90E871BF2C5D
0x79b289,90E83A1A285D
0x79b2fa,90E8C919285D
0x79b32a,90E89919285D
0x79b37a,90E84919285D
0x79b4af,90E8850A275D
0x79bbdd,90E8E610285D
0x79bc4d,90E87610285D
0x79bcad,90E81610285D
0x79bd1d,90E8A60F285D
0x79bd3f,90E8840F285D
0x79bd60,90E8630F285D
0x79bd70,90E8530F285D
0x79be41,90E8820E285D
0x79be65,90E85E0E285D
0x79c0a1,90E8220C285D
0x79c0c8,90E8FB0B285D
0x79c0e5,90E83AA9245D
0x79c0fe,90E8C50B285D
0x79c1ff,90E8C40A285D
0x79c22d,90E8960A285D
0x79c285,90E83E0A285D
0x79c2cb,90E854A7245D
0x79c2ee,90E8D509285D
0x79c326,90E89D09285D
0x79c33a,90E88909285D
0x79c3df,90E8E408285D
0x79c408,90E8BB08285D
0x79c447,90E87C08285D
0x79c45b,90E86808285D
0x79c488,90E83B08285D
0x79c535,90E8EAA4245D
0x79c649,90E87A06285D
0x79c71e,90E801A3245D
0x79c743,90E8DCA2245D
0x79c852,90E8F1A82C5D
0x79c909,90E8BA03285D
0x79c97a,90E84903285D
0x79c99a,90E82903285D
0x79c9ea,90E8D902285D
0x79ca18,90E807A0245D
0x79ca68,90E8B79F245D
0x79cab9,90E8669F245D
0x79caff,90E835F4265D
0x79cb6c,90E8B39E245D
0x79cbb8,90E8679E245D
0x79cc19,90E8069E245D
0x79cc68,90E8B79D245D
0x79cc88,90E8979D245D
0x79ccd8,90E8479D245D
0x79cd0c,90E8139D245D
0x79eb30,90E893E1275D
0x79ec1e,90E8A5E0275D
0x79ec34,90E88FE0275D
0x79ec3f,90E884E0275D
0x79ee10,90E8B3DE275D
0x79ee24,90E89FDE275D
0x79ee33,90E890DE275D
0x79f365,90E85ED9275D
0x79f3a0,90E823D9275D
0x79f3ad,90E816D9275D
0x79fb47,90E87CD1275D
0x79fb5f,90E864D1275D
0x79fb6e,90E855D1275D
0x79fc6a,90E859D0275D
0x79fc82,90E841D0275D
0x79fc8d,90E836D0275D
0x79fdc8,90E8FBCE275D
0x79fdd3,90E8F0CE275D
0x79fe5a,90E869CE275D
0x79fe68,90E85BCE275D
0x79fe73,90E850CE275D
0x7a0020,90E8A3CC275D
0x7a0032,90E891CC275D
0x7a003d,90E886CC275D
0x7a009a,90E829CC275D
0x7a00b4,90E80FCC275D
0x7a00c1,90E802CC275D
0x7a00d0,90E8F3CB275D
0x7a00dd,90E8E6CB275D
0x7a015a,90E869CB275D
0x7a0174,90E84FCB275D
0x7a0181,90E842CB275D
0x7a0190,90E833CB275D
0x7a019d,90E826CB275D
0x7a0264,90E85FCA275D
0x7a0288,90E83BCA275D
0x7a0295,90E82ECA275D
0x7a0410,90E8B3C8275D
0x7a042d,90E896C8275D
0x7a0438,90E88BC8275D
0x7a0671,90E852C6275D
0x7a074a,90E8F9692C5D
0x7a0a69,90E85AC2275D
0x7a0afa,90E8C9C1275D
0x7a0b1a,90E8A9C1275D
0x7a0c79,90E84AC0275D
0x7a0d5a,90E8E9632C5D
0x7a108d,90E836BC275D
0x7a115c,90E867BB275D
0x7a117d,90E846BB275D
0x7a11da,90E8E9BA275D
0x7a138d,90E836B9275D
0x7a173f,90E8F5A7265D
0x7a1a3f,90E8F5A4265D
0x7a54d6,90E8ED77275D
0x7a54e8,90E8DB77275D
0x7a54f3,90E8D077275D
0x7a72ae,90E8155A275D
0x7a72bc,90E8075A275D
0x7a72c7,90E8FC59275D
0x7a735b,90E86859275D
0x7a7369,90E85A59275D
0x7a7374,90E84F59275D
0x7a73fe,90E8C558275D
0x7a740c,90E8B758275D
0x7a7417,90E8AC58275D
0x7a74ab,90E81858275D
0x7a74b9,90E80A58275D
0x7a74c4,90E8FF57275D
0x7a7aa7,90E81C52275D
0x7a7b62,90E86151275D
0x7a7b6d,90E85651275D
0x7a7b99,90E82A51275D
0x7a7e09,90E8BA4E275D
0x7a7e56,90E86D4E275D
0x7a7f39,90E88A4D275D
0x7a7f4b,90E8784D275D
0x7a7f56,90E86D4D275D
0x7a814c,90E8774B275D
0x7a815e,90E8654B275D
0x7a8169,90E85A4B275D
0x7a82d5,90E8EE49275D
0x7a82e6,90E8DD49275D
0x7a8300,90E8C349275D
0x7a830d,90E8B649275D
0x7a906d,90E8563C275D
0x7a9085,90E83E3C275D
0x7a9092,90E8313C275D
0x7a90ae,90E8153C275D
0x7a90bb,90E8083C275D
0x7a90cf,90E8F43B275D
0x7a90da,90E8E93B275D
0x7a91ba,90E8093B275D
0x7a91d2,90E8F13A275D
0x7a91dd,90E8E63A275D
0x7a9208,90E8BB3A275D
0x7a9220,90E8A33A275D
0x7a922d,90E8963A275D
0x7a9249,90E87A3A275D
0x7a9256,90E86D3A275D
0x7a926a,90E8593A275D
0x7a9275,90E84E3A275D
0x7a93ba,90E80939275D
0x7a93db,90E8E838275D
0x7a93e6,90E8DD38275D
0x7a94ca,90E8F937275D
0x7a94e0,90E8E337275D
0x7a94eb,90E8D837275D
0x7a9632,90E89136275D
0x7a9640,90E88336275D
0x7a964b,90E87836275D
0x7a9752,90E87135275D
0x7a9760,90E86335275D
0x7a976b,90E85835275D
0x7a982e,90E89534275D
0x7a984f,90E87434275D
0x7a985a,90E86934275D
0x7a988b,90E83834275D
0x7a989d,90E82634275D
0x7a98a8,90E81B34275D
0x7a9a2e,90E89532275D
0x7a9a4f,90E87432275D
0x7a9a5a,90E86932275D
0x7a9a8b,90E83832275D
0x7a9a9d,90E82632275D
0x7a9aa8,90E81B32275D
0x7a9c80,90E84330275D
0x7a9c94,90E82F30275D
0x7a9c9f,90E82430275D
0x7a9e43,90E8802E275D
0x7a9e5d,90E8662E275D
0x7a9e6a,90E8592E275D
0x7a9e97,90E82C2E275D
0x7aa1e7,90E8DC2A275D
0x7aa203,90E8C02A275D
0x7aa20e,90E8B52A275D
0x7aa3a1,90E82229275D
0x7aa3b9,90E80A29275D
0x7aa3c6,90E8FD28275D
0x7aa3d7,90E8EC28275D
0x7aa3e4,90E8DF28275D
0x7aa42c,90E89728275D
0x7aa43c,90E88728275D
0x7aa447,90E87C28275D
0x7aa59e,90E82527275D
0x7aa5b6,90E80D27275D
0x7aa5c3,90E80027275D
0x7aa5d8,90E8EB26275D
0x7aa5e3,90E8E026275D
0x7aa618,90E8AB26275D
0x7aa65d,90E86626275D
0x7aa892,90E83124275D
0x7aa8a6,90E81D24275D
0x7aa8b1,90E81224275D
0x7aae5f,90E856B02B5D
0x7aae90,90E925B02B5D
0x7aaee5,90E8D0AF2B5D
0x7aaf55,90E860AF2B5D
0x7ab3bc,90E80719275D
0x7ab49a,90E8A9BC2B5D
0x7ab7d9,90E8EA14275D
0x7ab911,90E8B213275D
0x7aba29,90E89A12275D
0x7abab9,90E80A12275D
0x7abb76,90E84D11275D
0x7abbf1,90E8D210275D
0x7abbfc,90E8C710275D
0x7abd36,90E88D0F275D
0x7abdb1,90E8120F275D
0x7abdbc,90E8070F275D
0x7abeec,90E8D70D275D
0x7abf6a,90E8590D275D
0x7abfca,90E8F90C275D
0x7abfea,90E8D90C275D
0x7ac0fa,90E8C90B275D
0x7ac11a,90E8A90B275D
0x7ac221,90E8A20A275D
0x7ac2fa,90E849AE2B5D
0x7ac639,90E88A06275D
0x7ac6c9,90E8FA05275D
0x7ac801,90E8C204275D
0x7ac91a,90E8A903275D
0x7ac93a,90E88903275D
0x7ac99a,90E82903275D
0x7ac9fa,90E8C902275D
0x7acca9,90E81A00275D
0x7acdaa,90E899A32B5D
0x7ad30a,90E8399E2B5D
0x7add8d,90E836EF265D
0x7addda,90E8E9EE265D
0x7ade0d,90E8B6EE265D
0x7ade8d,90E836EE265D
0x7adebd,90E806EE265D
0x7ae049,90E87AEC265D
0x7ae18a,90E8B98F2B5D
0x7ae64a,90E8F98A2B5D
0x7ae82d,90E896E4265D
0x7ae89a,90E829E4265D
0x7ae8cd,90E8F6E3265D
0x7ae8ea,90E8D9E3265D
0x7ae90d,90E8B6E3265D
0x7ae96a,90E859E3265D
0x7ae9bd,90E806E3265D
0x7aea1a,90E8A9E2265D
0x7aeb2c,90E897E1265D
0x7aeb4d,90E876E1265D
0x7aebaa,90E819E1265D
0x7aed8c,90E837DF265D
0x7aedad,90E816DF265D
0x7aee0a,90E8B9DE265D
0x7af121,90E8A2DB265D
0x7af1dc,90E8E7DA265D
0x7af1fd,90E8C6DA265D
0x7af25a,90E869DA265D
0x7af30a,90E8397E2B5D
0x7af5e1,90E8E2D6265D
0x7af69c,90E827D6265D
0x7af6bd,90E806D6265D
0x7af71a,90E8A9D5265D
0x7af7ca,90E879792B5D
0x7afa4d,90E876D2265D
0x7afa6d,90E856D2265D
0x7afbcc,90E8F7D0265D
0x7afbed,90E8D6D0265D
0x7afc4a,90E879D0265D
0x7b016d,90E856CB265D
0x7b021d,90E8A6CA265D
0x7b02cd,90E8F6C9265D
0x7b0489,90E83AC8265D
0x7b04da,90E8696C2B5D
0x7b0849,90E87AC4265D
0x7b08aa,90E899682B5D
0x7b0d49,90E87ABF265D
0x7b0daa,90E899632B5D
0x7b15ec,90E8D7B6265D
0x7b160d,90E8B6B6265D
0x7b166a,90E859B6265D
0x7b1d49,90E87AAF265D
0x7b1dae,90E895532B5D
0x7b2b2f,90E80594255D
0x7b2b9f,90E89593255D
0x7b2c1f,90E81593255D
0x7b2c7f,90E8B592255D
0x7b2d2f,90E80592255D
0x7b2d9f,90E89591255D
0x7b34bf,90E8758A255D
0x7b5b4c,90E87771265D
0x7b5b5c,90E86771265D
0x7b5b69,90E85A71265D
0x7b5b81,90E84271265D
0x7b5b8c,90E83771265D
0x7b5e73,90E8506E265D
0x7b5fc7,90E8FC6C265D
0x7b5fe6,90E8DD6C265D
0x7b5ff7,90E8CC6C265D
0x7b6012,90E8B16C265D
0x7b6023,90E8A06C265D
0x7b6c21,90E8A260265D
0x7b6c33,90E89060265D
0x7b6c3e,90E88560265D
0x7b7449,90E81ABF225D
0x7b763a,90E88956265D
0x7b7652,90E87156265D
0x7b765f,90E86456265D
0x7b767f,90E84456265D
0x7b768c,90E83756265D
0x7b76ac,90E81756265D
0x7b76b9,90E80A56265D
0x7b76c6,90E8FD55265D
0x7b76d1,90E8F255265D
0x7b776a,90E85955265D
0x7b7782,90E84155265D
0x7b778f,90E83455265D
0x7b77a9,90E81A55265D
0x7b77b6,90E80D55265D
0x7b77d6,90E8ED54265D
0x7b77e3,90E8E054265D
0x7b77f0,90E8D354265D
0x7b77fb,90E8C854265D
0x7b7869,90E85A54265D
0x7b7877,90E84C54265D
0x7b7882,90E84154265D
0x7b7960,90E86353265D
0x7b796b,90E85853265D
0x7b7b41,90E88251265D
0x7b7cc9,90E8FA4F265D
0x7b7e4c,90E8774E265D
0x7b7e6d,90E8564E265D
0x7b7eca,90E8F94D265D
0x7b7fdc,90E867F12A5D
0x7b820d,90E8B64A265D
0x7b8259,90E86A4A265D
0x7b82be,90E885EE2A5D
0x7b8a1f,90E81535255D
0x7bb048,90E87B1C265D
0x7bb088,90E83B1C265D
0x7bb94a,90E87913265D
0x7bb962,90E86113265D
0x7bb96d,90E85613265D
0x7bcc3f,90E8F5F2245D
0x7bcd82,90E85C80225D
0x7bd52a,90E899F7255D
0x7bd542,90E881F7255D
0x7bd54d,90E876F7255D
0x7bd88e,90E835F4255D
0x7bdad8,90E8EBF1255D
0x7bdae6,90E8DDF1255D
0x7bdaf1,90E8D2F1255D
0x7bdbaf,90E814F1255D
0x7bdbcf,90E8F4F0255D
0x7be515,90E8AEE7255D
0x7be529,90E89AE7255D
0x7be654,90E86FE6255D
0x7be668,90E85BE6255D
0x7be70a,90E8B9E5255D
0x7be763,90E860E5255D
0x7be777,90E84CE5255D
0x7be79d,90E826E5255D
0x7be9ca,90E8F9E2255D
0x7bea47,90E87CE2255D
0x7bea57,90E86CE2255D
0x7bf028,90E89BDC255D
0x7bf12f,90E894DB255D
0x7bf17a,90E849DB255D
0x7bf207,90E8BCDA255D
0x7bf276,90E84DDA255D
0x7bf2a6,90E81DDA255D
0x7bf2ba,90E809DA255D
0x7bf35f,90E864D9255D
0x7bf388,90E83BD9255D
0x7bf3d1,90E8F2D8255D
0x7bf3e5,90E8DED8255D
0x7bf41e,90E8A5D8255D
0x7bf5f9,90E8CAD6255D
0x7bf8ec,90E857782A5D
0x7bf999,90E82AD3255D
0x7bfa0a,90E8B9D2255D
0x7bfa3a,90E889D2255D
0x7bfa8a,90E839D2255D
0x7bfc3f,90E8F5C2245D
0x7c012f,90E805BE245D
0x7c02c2,90E81C4B225D
0x7c0860,90E8E3682A5D
0x7c09b9,90E88A672A5D
0x7c10ca,90E8F9BB255D
0x7c10d8,90E8EBBB255D
0x7c10e3,90E8E0BB255D
0x7c16f5,90E8CEB5255D
0x7c1707,90E8BCB5255D
0x7c1718,90E8ABB5255D
0x7c1bb4,90E80FB1255D
0x7c1bd0,90E8F3B0255D
0x7c1bdd,90E8E6B0255D
0x7c1e6b,90E858AE255D
0x7c1e96,90E82DAE255D
0x7c1ea1,90E822AE255D
0x7c1fa6,90E81DAD255D
0x7c202c,90E897AC255D
0x7c3530,90E89397255D
0x7c3928,90E81B382A5D
0x7c3d49,90E87A8F255D
0x7c3dd9,90E8EA8E255D
0x7c3e7f,90E8448E255D
0x7c3ec5,90E8FE8D255D
0x7c3ed0,90E8F38D255D
0x7c3f8e,90E8B5312A5D
0x7c4279,90E84A8A255D
0x7c42fa,90E8C989255D
0x7c44b9,90E80A88255D
0x7c48cd,90E8F683255D
0x7c492a,90E89983255D
0x7c4a21,90E8A282255D
0x7c4adc,90E8E781255D
0x7c4afd,90E8C681255D
0x7c4b5a,90E86981255D
0x7c4c0c,90E837252A5D
0x7c4e1d,90E8A67E255D
0x7c51ff,90E8356D245D
0x7c54bf,90E8756A245D
0x7c5f2a,90E8996D255D
0x7c5f42,90E8816D255D
0x7c5f4d,90E8766D255D
0x7c6122,90E8BCEC215D
0x7c65da,90E8E966255D
0x7c65f2,90E8D166255D
0x7c65fd,90E8C666255D
0x7c6e28,90E89B5E255D
0x7c6e3c,90E8875E255D
0x7c718e,90E8355B255D
0x7c719e,90E8255B255D
0x7c723a,90E8895A255D
0x7c7293,90E8305A255D
0x7c72a7,90E81C5A255D
0x7c72cd,90E8F659255D
0x7c74fa,90E8C957255D
0x7c7577,90E84C57255D
0x7c7587,90E83C57255D
0x7c7bb8,90E80B51255D
0x7c7cbf,90E80450255D
0x7c7d0a,90E8B94F255D
0x7c7d97,90E82C4F255D
0x7c7e06,90E8BD4E255D
0x7c7e36,90E88D4E255D
0x7c7e4a,90E8794E255D
0x7c7eef,90E8D44D255D
0x7c7f18,90E8AB4D255D
0x7c7f61,90E8624D255D
0x7c7f75,90E84E4D255D
0x7c7fae,90E8154D255D
0x7c8189,90E83A4B255D
0x7c847c,90E8C7EC295D
0x7c8529,90E89A47255D
0x7c859a,90E82947255D
0x7c85ca,90E8F946255D
0x7c861a,90E8A946255D
0x7c87cf,90E86537245D
0x7c8cbf,90E87532245D
0x7c8e52,90E88CBF215D
0x7c9aba,90E80932255D
0x7c9ad2,90E8F131255D
0x7c9add,90E8E631255D
0x7ca894,90E82F24255D
0x7cb338,90E80BBE295D
0x7cb75f,90E8D507245D
0x7cc8cf,90E865F6235D
0x7cf212,90E86657215D
0x7d084f,90E8E5B6235D
0x7d0fdf,90E855AF235D
0x7d1cea,90E87916215D
0x7d311f,90E8158E235D
0x7d42ff,90E8357C235D
0x7d49ff,90E83575235D
0x7d5051,90E82A0E295D
0x7d5078,90E83822295D
0x7d5087,90E8F921295D
0x7d50c3,90E8F20D295D
0x7d50d5,90E8E00D295D
0x7d5144,90E8710D295D
0x7d5156,90E85F0D295D
0x7d5204,90E83F1F295D
0x7d65e4,90E897F8285D
0x7d6617,90E8990C295D
0x7d6626,90E85A0C295D
0x7d6655,90E860F8285D
0x7d6667,90E84EF8285D
0x7d67cc,90E8F764245D
0x7d6801,90E8C264245D
0x7d680c,90E8B764245D
0x7d6e8b,90E8385E245D
0x7d7811,90E832F9285D
0x7d788a,90E8B9F8285D
0x7d7952,90E8F1F7285D
0x7d79c9,90E8FA52245D
0x7d7a24,90E89F52245D
0x7d7a2f,90E89452245D
0x7d7b1a,90E8A951245D
0x7d7ebd,90E8064E245D
0x7d7f1a,90E8A94D245D
0x7d80dc,90E8E74B245D
0x7d818c,90E8374B245D
0x7d81ad,90E8164B245D
0x7d820a,90E8B94A245D
0x7d82bf,90E884EE285D
0x7d84ed,90E8D647245D
0x7d85b9,90E80A47245D
0x7d861e,90E825EB285D
0x7d8cc1,90E87332235D
0x7d9357,90E8ECDD285D
0x7d938d,90E823DF285D
0x7d94f9,90E8BCC9285D
0x7d9eb4,90E88FD2285D
0x7da1ef,90E8451D235D
0x7da884,90E8DF8A205D
0x7db3eb,90E8D818245D
0x7dc198,90E82B0B245D
0x7dc1a3,90E8200B245D
0x7dc228,90E89B0A245D
0x7dc349,90E87A09245D
0x7dc357,90E86C09245D
0x7dc362,90E86109245D
0x7dc765,90E85E05245D
0x7dca51,90E87202245D
0x7dcb69,90E85A01245D
0x7dcc3a,90E88900245D
0x7dceea,90E859A2285D
0x7dd10d,90E8B6FB235D
0x7dd18a,90E839FB235D
0x7dd2ac,90E817FA235D
0x7dd2cd,90E8F6F9235D
0x7dd32a,90E899F9235D
0x7dd5bd,90E806F7235D
0x7dd659,90E86AF6235D
0x7dd6aa,90E8999A285D
0x7ddc9f,90E895E2225D
0x7deb9a,90E8A985285D
0x7ded92,90E8B183285D
0x7df418,90E8ABD8235D
0x7df468,90E85BD8235D
0x7df4a8,90E81BD8235D
0x7df858,90E86BD4235D
0x7e027a,90E849CA235D
0x7e028b,90E838CA235D
0x7e02a2,90E821CA235D
0x7e02b0,90E813CA235D
0x7e02bd,90E806CA235D
0x7e02f4,90E8CFC9235D
0x7e0301,90E8C2C9235D
0x7e035a,90E869C9235D
0x7e036b,90E858C9235D
0x7e0382,90E841C9235D
0x7e0390,90E833C9235D
0x7e039d,90E826C9235D
0x7e03d4,90E8EFC8235D
0x7e03e1,90E8E2C8235D
0x7e09df,90E855B5225D
0x7e0a3f,90E8F5B4225D
0x7e0f28,90E89BBD235D
0x7e0f68,90E85BBD235D
0x7e0fa8,90E81BBD235D
0x7e167f,90E8B5A8225D
0x7e1a9a,90E8A956285D
0x7e1b2a,90E81956285D
0x7e25d4,90E8EFA6235D
0x7e25e6,90E8DDA6235D
0x7e25f1,90E8D2A6235D
0x7e26e6,90E8DDA5235D
0x7e274e,90E875A5235D
0x7e2e5a,90E8699E235D
0x7e2e6a,90E8599E235D
0x7e2e75,90E84E9E235D
0x7e2fb6,90E80D9D235D
0x7e33d1,90E8F298235D
0x7e3559,90E86A97235D
0x7e361a,90E8A996235D
0x7e363a,90E88996235D
0x7e378c,90E83795235D
0x7e37ad,90E81695235D
0x7e380a,90E8B994235D
0x7e391a,90E82938285D
0x7e3b3d,90E88691235D
0x7e3c09,90E8BA90235D
0x7e3c6e,90E8D534285D
0x7e411d,90E8A68B235D
0x7e447f,90E8B57A225D
0x7e5ada,90E8E971235D
0x7e5aee,90E8D571235D
0x7e5af9,90E8CA71235D
0x7e5cbf,90E80470235D
0x7e5cd0,90E8F36F235D
0x7e5d5a,90E8696F235D
0x7e5e8a,90E8396E235D
0x7e5e98,90E82B6E235D
0x7e5ea3,90E8206E235D
0x7e6555,90E86E67235D
0x7e6c34,90E88F60235D
0x7e6c46,90E87D60235D
0x7e6c51,90E87260235D
0x7e6d56,90E86D5F235D
0x7e6dbe,90E8055F235D
0x7e74ca,90E8F957235D
0x7e74da,90E8E957235D
0x7e74e5,90E8DE57235D
0x7e762c,90E89756235D
0x7e792c,90E89753235D
0x7e7b51,90E87251235D
0x7e7cd9,90E8EA4F235D
0x7e7d9a,90E8294F235D
0x7e7dba,90E8094F235D
0x7e7f0c,90E8B74D235D
0x7e7f2d,90E8964D235D
0x7e7f8a,90E8394D235D
0x7e809a,90E8A9F0275D
0x7e82bd,90E8064A235D
0x7e8389,90E83A49235D
0x7e83ee,90E855ED275D
0x7e889d,90E82644235D
0x7e8bff,90E83533225D
0x7e942a,90E89938235D
0x7e9438,90E88B38235D
0x7e9443,90E88038235D
0x7e9b2a,90E819D6275D
0x7e9d06,90E83DD4275D
0x7eaa4b,90E8B9C21F5D
0x7eac7a,90E88AC01F5D
0x7eae25,90E8DFBE1F5D
0x7eae3a,90E888BD1F5D
0x7eaf7e,90E886BD1F5D
0x7eaf93,90E82FBC1F5D
0x7eb25b,90E8A9BA1F5D
0x7eb2f3,90E811BA1F5D
0x7eb901,90E803B41F5D
0x7ebc00,90E8C2AF1F5D
0x7ebdfd,90E874AF1F5D
0x7ebf82,90E840AC1F5D
0x7ec2c1,90E8B0AA1F5D
0x7ec835,90E83CA51F5D
0x7ed6cb,90E8789A275D
0x7ed6d8,90E8DD87275D
0x7ed73b,90E8089A275D
0x7ed756,90E8ED99275D
0x7ed771,90E8D299275D
0x7ed78f,90E8B499275D
0x7ed7ad,90E89699275D
0x7ed7c8,90E87B99275D
0x7ed7e3,90E86099275D
0x7ed7fe,90E84599275D
0x7ed816,90E82D99275D
0x7ed831,90E81299275D
0x7ed84c,90E8F798275D
0x7ed867,90E8DC98275D
0x7ed882,90E8C198275D
0x7ed89d,90E8A698275D
0x7ed8aa,90E80B86275D
0x7ed8f3,90E85098275D
0x7ed925,90E81E98275D
0x7ed953,90E8F097275D
0x7ed985,90E8BE97275D
0x7ed9b7,90E88C97275D
0x7ed9e9,90E85A97275D
0x7eda1b,90E82897275D
0x7eda4d,90E8F696275D
0x7eda7f,90E8C496275D
0x7edab1,90E89296275D
0x7edae3,90E86096275D
0x7edb15,90E82E96275D
0x7edb44,90E8FF95275D
0x7edb73,90E8D095275D
0x7edb92,90E8B195275D
0x7edbc2,90E88195275D
0x7edbdf,90E86495275D
0x7edbf7,90E8BE82275D
0x7edc0b,90E8AA82275D
0x7ee6d7,90E8A477275D
0x7ee6ee,90E8C28B275D
0x7ee716,90E99F77275D
0x7ee7a9,90E8F48D275D
0x7ee7bb,90E8C58A275D
0x7ee7d2,90E8068B275D
0x7eea09,90E84BDF285D
0x7eea25,90E898AD285D
0x7eea3a,90E87B74275D
0x7eebab,90E80A73275D
0x7eebed,90E8C872275D
0x7eec05,90E8B072275D
0x7eec21,90E89472275D
0x7f024b,90E83570275D
0x7f0261,90E81F70275D
0x7f02b4,90E8AD26235D
0x7f02c6,90E81270275D
0x7f02d5,90E80370275D
0x7f02e4,90E8F46F275D
0x7f02f3,90E8E56F275D
0x7f0302,90E8D66F275D
0x7f033c,90E8795B275D
0x7f0351,90E8645B275D
0x7f3307,90E8BC99225D
0x7f33ae,90E81599225D
0x7f4b7e,90E84581225D
0x7f4d65,90E85E7F225D
0x7f4d85,90E83E7F225D
0x7f4d96,90E82D7F225D
0x7f4dd2,90E8F17E225D
0x7f4f4a,90E8797D225D
0x7f4f59,90E86A7D225D
0x7f50fa,90E8C97B225D
0x7f5118,90E8AB7B225D
0x7f5125,90E89E7B225D
0x7f5159,90E86A7B225D
0x7f5289,90E83A7A225D
0x7f536a,90E8A6DB1E5D
0x7f5571,90E85277225D
0x7f5589,90E83A77225D
0x7f5638,90E88B76225D
0x7f579c,90E82775225D
0x7f57d6,90E8ED74225D
0x7f57f7,90E8CC74225D
0x7f5c88,90E83B70225D
0x7f5c9e,90E82570225D
0x7f5cab,90E81870225D
0x7f5cc2,90E80170225D
0x7f6431,90E89268225D
0x7f644d,90E87668225D
0x7f646a,90E85968225D
0x7f6482,90E84168225D
0x7f648d,90E83668225D
0x7f64bb,90E80868225D
0x7f64d3,90E8F067225D
0x7f64e2,90E8E167225D
0x7f6515,90E8AE67225D
0x7f6555,90E86E67225D
0x7f6566,90E85D67225D
0x7f65a0,90E82367225D
0x7f65b0,90E81367225D
0x7f67bd,90E80665225D
0x7f7217,90E8F9BC1E5D
0x7fa0cd,90E8F62B225D
0x7fa120,90E8A32B225D
0x7fa156,90E86D2B225D
0x7fa16a,90E8592B225D
0x7fa27d,90E8462A225D
0x7fa2eb,90E8D829225D
0x7fa321,90E8A229225D
0x7fa331,90E89229225D
0x7fa45a,90E86928225D
0x7fa51a,90E829CC265D
0x7fa819,90E8AA24225D
0x7fa830,90E89324225D
0x7fa91f,90E8A423225D
0x7fa93f,90E88423225D
0x7fa9af,90E81423225D
0x7fa9e6,90E8DD22225D
0x7fa9fa,90E8C922225D
0x7fac2c,90E89720225D
0x7facaa,90E81920225D
0x7fad0a,90E8B91F225D
0x7fad2a,90E8991F225D
0x7fae8c,90E8371E225D
0x7faf61,90E8E2C1265D
0x7fb279,90E84A1A225D
0x7fb290,90E8331A225D
0x7fb32a,90E89919225D
0x7fb34a,90E87919225D
0x7fb3ea,90E8D918225D
0x7fb8af,90E81414225D
0x7fb8cf,90E8F413225D
0x7fb917,90E8AC13225D
0x7fb92b,90E89813225D
0x7fb956,90E86D13225D
0x7fba05,90E81AB01E5D
0x7fbb3f,90E88411225D
0x7fbb5f,90E86411225D
0x7fbba7,90E81C11225D
0x7fbbbb,90E80811225D
0x7fbbe7,90E8DC10225D
0x7fbeb9,90E80A0E225D
0x7fbef9,90E8CA0D225D
0x7fbfea,90E859B1265D
0x7fc374,90E84F09225D
0x7fc388,90E83B09225D
0x7fc3b4,90E80F09225D
0x7fc7bd,90E80605225D
0x7fc80a,90E8B904225D
0x7fc83d,90E88604225D
0x7fca49,90E87A02225D
0x7fca89,90E83A02225D
0x7fcada,90E869A6265D
0x7fce2d,90E896FE215D
0x7fcef9,90E8CAFD215D
0x7fcf7a,90E849FD215D
0x7fcfbd,90E806FD215D
0x7fd00d,90E8B6FC215D
0x7fd058,90E86BFC215D
0x7fd27c,90E8C79E265D
0x7fd328,90E89BF9215D
0x7fd6cc,90E8779A265D
0x7fd79c,90E827F5215D
0x7fd7bd,90E806F5215D
0x7fd81a,90E8A9F4215D
0x7fd9d8,90E8EBF2215D
0x7fdc6c,90E8D794265D
0x7fdd11,90E8B2EF215D
0x7fdd9b,90E8A893265D
0x7fdead,90E816EE215D
0x7fdecd,90E8F6ED215D
0x7fdfbc,90E807ED215D
0x7fdfdd,90E8E6EC215D
0x7fe03a,90E889EC215D
0x7fe28d,90E836EA215D
0x7fe343,90E880E9215D
0x7fe368,90E85BE9215D
0x7fe399,90E82AE9215D
0x7fe3ba,90E809E9215D
0x7fe489,90E83AE8215D
0x7fe4ea,90E8D9E7215D
0x7fe50a,90E8B9E7215D
0x7fe539,90E88AE7215D
0x7fe59a,90E829E7215D
0x7fe5ba,90E809E7215D
0x7fea89,90E83AE2215D
0x7feaaa,90E819E2215D
0x7feae9,90E8DAE1215D
0x7feb0a,90E8B9E1215D
0x7ff083,90E8C54A215D
0x7ff0e3,90E8654A215D
0x7ffc20,90E8A3D0215D
0x7ffc48,90E8D76D1E5D
0x7ffd98,90E8876C1E5D
0x7ffde9,90E8366C1E5D
0x7ffe2f,90E805C1205D
0x7fff2f,90E805C0205D
0x80002f,90E805BF205D
0x80008f,90E8A5BE205D
0x80011f,90E815BE205D
0x8001b1,90E883BD205D
0x800b00,90E8C3C1215D
0x800b4c,90E8D35E1E5D
0x800d08,90E8175D1E5D
0x800d69,90E8B65C1E5D
0x80141e,90E81B29215D
0x801988,90E897501E5D
0x8019a8,90E877501E5D
0x801d28,90E8F74C1E5D
0x801e4c,90E8D34B1E5D
0x803ffb,90E8FFBF1D5D
0x804017,90E8E3BF1D5D
0x804033,90E8C7BF1D5D
0x80494c,90E8C4B81D5D
0x804971,90E89FB81D5D
0x804978,90E882B61D5D
0x80549b,90E85FAB1D5D
0x8054b7,90E843AB1D5D
0x8054e4,90E816AB1D5D
0x80550e,90E8ECAA1D5D
0x805532,90E8C8AA1D5D
0x80554e,90E8ACAA1D5D
0x805569,90E8A7AC1D5D
0x805570,90E88AAA1D5D
0x805737,90E8D9D71D5D
0x8072b7,90E859BC1D5D
0x8072db,90E8E0AD1D5D
0x80731d,90E889311E5D
0x807328,90E8692D1E5D
0x807341,90E8AF48205D
0x807661,90E8302A1E5D
0x807671,90E8352E1E5D
0x807687,90E8158B1D5D
0x80769b,90E889931D5D
0x8076a2,90E8ED961D5D
0x8076f9,90E882E7255D
0x80770a,90E871E7255D
0x80771a,90E861E7255D
0x80772a,90E851E7255D
0x80773a,90E841E7255D
0x80774a,90E831E7255D
0x80775a,90E821E7255D
0x80776a,90E811E7255D
0x80777a,90E801E7255D
0x8077a7,90E809FB255D
0x8077b7,90E8F9FA255D
0x8077c7,90E8E9FA255D
0x8077e1,90E8CFFA255D
0x8077f1,90E8BFFA255D
0x807801,90E8AFFA255D
0x807811,90E89FFA255D
0x807821,90E88FFA255D
0x807831,90E87FFA255D
0x8078f5,90E8C0E5255D
0x807906,90E8AFE5255D
0x807917,90E89EE5255D
0x807928,90E88DE5255D
0x807939,90E87CE5255D
0x807947,90E86EE5255D
0x807955,90E860E5255D
0x807963,90E852E5255D
0x807974,90E841E5255D
0x807bdf,90E8BD851D5D
0x807bf3,90E8318E1D5D
0x807bfd,90E892911D5D
0x807c15,90E891281E5D
0x807c23,90E86E241E5D
0x807c3c,90E8B43F205D
0x807c42,90E825D3215D
0x807d30,90E86C841D5D
0x807d44,90E8E08C1D5D
0x807d4b,90E844901D5D
0x808038,90E80BF1255D
0x808053,90E8F5BA205D
0x808070,90E8FDAD1D5D
0x808178,90E83DDD255D
0x8081a9,90E80CDD255D
0x808378,90E86DED255D
0x8083b4,90E801DB255D
0x808532,90E846C41D5D
0x808571,90E8201B1E5D
0x808581,90E8251F1E5D
0x808628,90E87E1E1E5D
0x808662,90E888C71E5D
0x8086ab,90E817E51D5D
0x808897,90E86DE41D5D
0x8088bb,90E807E31D5D
0x8088e0,90E875C21D5D
0x8088f3,90E8F7C41E5D
0x808903,90E8E7C41E5D
0x808911,90E8951B1E5D
0x8089a0,90E8A8B1205D
0x808c31,90E850DE1D5D
0x809175,90E8C4AB205D
0x8091ed,90E85BA9205D
0x8092b4,90E894A8205D
0x8092c2,90E886A8205D
0x809355,90E8E4A9205D
0x8093ae,90E89AA7205D
0x8093c5,90E883A7205D
0x809491,90E8B7A6205D
0x809572,90E8D6A5205D
0x8095d0,90E878A5205D
0x809651,90E8E8A6205D
0x809909,90E83FA2205D
0x809b59,90E8E0A1205D
0x80a081,90E8C79A205D
0x80a306,90E8FEC91D5D
0x80a4d7,90E8EBC61D5D
0x80a4f7,90E80DC81D5D
0x80a525,90E85EA71D5D
0x80a5a7,90E8B4561D5D
0x80a635,90E85A671D5D
0x80a67a,90E826601D5D
0x80a90a,90E8B923215D
0x80a91e,90E8A523215D
0x80a941,90E88223215D
0x80a952,90E87123215D
0x80a95f,90E86423215D
0x80a9c2,90E8DA571D5D
0x80a9fd,90E85E521D5D
0x80aa18,90E8AB22215D
0x80aa2c,90E89722215D
0x80b15c,90E815BC1D5D
0x80b4a6,90E85EB81D5D
0x80b541,90E8C3B71D5D
0x80b55b,90E8A9B71D5D
0x80b57e,90E886B71D5D
0x80b880,90E884B41D5D
0x80b8c4,90E83BDB1F5D
0x80beb1,90E892B2255D
0x80bece,90E8A59B255D
0x80bee5,90E8E09B255D
0x80bf00,90E8739B255D
0x80bf42,90E801B2255D
0x80bf5e,90E8BF94255D
0x80bf74,90E8A994255D
0x80bf97,90E84FB5255D
0x80bfb6,90E830B5255D
0x80bfc6,90E839D41F5D
0x80c02c,90E8899E255D
0x80c044,90E8719E255D
0x80c0ce,90E8E79D255D
0x80c0e6,90E8CF9D255D
0x80c0fd,90E8B89D255D
0x80c115,90E8A09D255D
0x80c6a1,90E863A61D5D
0x80ca91,90E873A21D5D
0x80d06f,90E84EC7265D
0x80d0f3,90E8C28D255D
0x80d23c,90E881C5265D
0x80d2b0,90E8058C255D
0x80d3b3,90E80AC4265D
0x80d3da,90E8C22D1D5D
0x80d412,90E8A38A255D
0x80d454,90E8618A255D
0x80d4d5,90E8A689255D
0x80d4e8,90E8C89D255D
0x80d540,90E87589255D
0x80d5a5,90E8D688255D
0x80d5b8,90E8F89C255D
0x80d60b,90E8AA88255D
0x80d6bf,90E840BD1F5D
0x80d6fb,90E82D981D5D
0x80d98a,90E820E51D5D
0x80d9a2,90E808E51D5D
0x80d9b5,90E8F5E41D5D
0x80d9c7,90E87C97255D
0x80d9e9,90E8CC84255D
0x80da75,90E8CE96255D
0x80dabd,90E8C397255D
0x80dad4,90E89F7F255D
0x80dae5,90E8E07F255D
0x80daf6,90E87D7F255D
0x80db35,90E80A78255D
0x80db45,90E8FA77255D
0x80db7e,90E83783255D
0x80db95,90E828BC265D
0x80dbab,90E8F299255D
0x80dbbd,90E8F882255D
0x80dbf3,90E8C282255D
0x80dc59,90E8EA94255D
0x80dcbb,90E802BB265D
0x80dcce,90E8CF98255D
0x80dcdd,90E8D881255D
0x80dd11,90E8A481255D
0x80de35,90E871C61D5D
0x80de3c,90E81471215D
0x80df72,90E8F56F215D
0x80df90,90E833ED205D
0x80dfac,90E817ED205D
0x80dfcf,90E8F4EC205D
0x80dfea,90E8D9EC205D
0x80e0f2,90E8B4C31D5D
0x810e19,90E86250255D
0x810e2a,90E85150255D
0x810e89,90E82C50255D
0x810e9a,90E81B50255D
0x81109f,90E8655C1D5D
0x811247,90E81A17215D
0x8112d9,90E82B5A1D5D
0x8112e4,90E81B811F5D
0x812ee9,90E8922F255D
0x812efc,90E8B443255D
0x812f47,90E86943255D
0x812fb0,90E8CB2E255D
0x812fc1,90E8BA2E255D
0x812fe5,90E8CB42255D
0x812ff2,90E8BE42255D
0x81303d,90E87342255D
0x81304b,90E86542255D
0x813676,90E84D96205D
0x813688,90E83B96205D
0x813693,90E83096205D
0x813796,90E82D95205D
0x8137a8,90E81B95205D
0x8137b3,90E81095205D
0x81380e,90E8B594205D
0x813937,90E88C93205D
0x816ca7,90E81C60205D
0x816cb7,90E80C60205D
0x816cc4,90E8FF5F205D
0x816e0e,90E8B55E205D
0x816e20,90E8A35E205D
0x816e2d,90E8965E205D
0x816ec9,90E8FA5D205D
0x816ed6,90E8ED5D205D
0x818b39,90E82EC4205D
0x81bb86,90E8E193205D
0x81bd13,90E85492205D
0x81beea,90E87D90205D
0x81c0f1,90E8768E205D
0x81c268,90E8FF8C205D
0x81c405,90E8628B205D
0x81c5e8,90E87F89205D
0x81c7c9,90E89E87205D
0x81c8eb,90E87C86205D
0x830a1c,90E8A7C21E5D
0x830ab1,90E812C21E5D
0x830b42,90E881C11E5D
0x830bce,90E8F5C01E5D
0x832202,90E8C1AA1E5D
0x832370,90E853A91E5D
0x83fee0,90E887501E5D
0x840590,90E8B36B225D
0x8406b7,90E88C6A225D
0x841545,90E87882235D
0x841684,90E83148225D
0x8432e5,90E8B8361A5D
0x848a1e,90E849C51D5D
0x848a87,90E8E0C41D5D
0x84a3e6,90E82A8B195D
0x84a7e6,90E895B6215D
0x84a830,90E880CA215D
0x84a848,90E85821235D
0x84a867,90E856EF225D
0x84a87c,90E839B6215D
0x84a8e0,90E8D5B5215D
0x84a8f8,90E8BDB5215D
0x84a936,90E845B5215D
0x84a981,90E82FC9215D
0x84a999,90E80720235D
0x84a9b8,90E805EE225D
0x84a9cd,90E8E8B4215D
0x84aa30,90E885B4215D
0x84aa48,90E86DB4215D
0x84aa8d,90E8EEB3215D
0x84aad3,90E8DDC7215D
0x84aaeb,90E8B51E235D
0x84ab0a,90E8B3EC225D
0x84ab1f,90E896B3215D
0x84abe4,90E897B2215D
0x84ac2e,90E882C6215D
0x84ac46,90E85A1D235D
0x84ac65,90E858EB225D
0x84ac7a,90E83BB2215D
0x84ad01,90E87AB1215D
0x84ad4c,90E864C5215D
0x84ad67,90E8391C235D
0x84ad86,90E837EA225D
0x84ad9e,90E817B1215D
0x84b6c9,90E8ECA7215D
0x84b6db,90E8DAA7215D
0x84b873,90E842A6215D
0x84b885,90E830A6215D
0x84e3e1,90E8E2E81C5D
0x84e3f4,90E8CFE81C5D
0x84e404,90E8BFE81C5D
0x84e440,90E883E81C5D
0x84e450,90E873E81C5D
0x84e4e3,90E8E0E71C5D
0x84e4f3,90E8D0E71C5D
0x84e500,90E8C3E71C5D
0x84f211,90E8A46C215D
0x84f223,90E8926C215D
0x8525e3,90E884291D5D
0x856171,90E8526B1C5D
0x856181,90E8426B1C5D
0x85618e,90E8356B1C5D
0x8561c4,90E8FF6A1C5D
0x8561d1,90E8F26A1C5D
0x856224,90E89F6A1C5D
0x85623a,90E8896A1C5D
0x856247,90E87C6A1C5D
0x85632e,90E895691C5D
0x85633f,90E884691C5D
0x856393,90E830691C5D
0x8563a3,90E820691C5D
0x8563b0,90E813691C5D
0x857a13,90E8A2E4205D
0x857a25,90E890E4205D
0x85836d,90E856491C5D
0x858413,90E8B0481C5D
0x858423,90E8A0481C5D
0x858430,90E893481C5D
0x8590c1,90E8F4CD205D
0x8590d3,90E8E2CD205D
0x85c1c3,90E8A48D1C5D
0x85fc51,90E872D01B5D
0x85fc61,90E862D01B5D
0x85fc6e,90E855D01B5D
0x85fca4,90E81FD01B5D
0x85fcb1,90E812D01B5D
0x85fd04,90E8BFCF1B5D
0x85fd1a,90E8A9CF1B5D
0x85fd27,90E89CCF1B5D
0x85fe0e,90E8B5CE1B5D
0x85fe1f,90E8A4CE1B5D
0x85fe73,90E850CE1B5D
0x85fe83,90E840CE1B5D
0x85fe90,90E833CE1B5D
0x861303,90E8B24B205D
0x861315,90E8A04B205D
0x8619bd,90E806B31B5D
0x861a63,90E860B21B5D
0x861a73,90E850B21B5D
0x861a80,90E843B21B5D
0x861ed6,90E8C756205D
0x861ee4,90E8D13F205D
0x861f08,90E89556205D
0x861f16,90E89F3F205D
0x861fe2,90E8D33E205D
0x861ff4,90E8C13E205D
0x8629d9,90E8EAA21B5D
0x8629ed,90E8D6A21B5D
0x862c5c,90E85932205D
0x862c6e,90E84732205D
0x863392,90E831991B5D
0x8633ab,90E818991B5D
0x8633be,90E805991B5D
0x8633cf,90E8F4981B5D
0x863438,90E88B981B5D
0x863449,90E87A981B5D
0x864109,90E8AC1D205D
0x86411b,90E89A1D205D
0x8645d6,90E8DF18205D
0x8645e8,90E8CD18205D
0x8649f6,90E8BF14205D
0x864a08,90E8AD14205D
0x865016,90E89F0E205D
0x865028,90E88D0E205D
0x865359,90E85C0B205D
0x86536b,90E84A0B205D
0x866a42,90E839F41F5D
0x866a59,90E85708205D
0x866abb,90E8FAF31F5D
0x867d8b,90E8B8F31F5D
0x867d95,90E820E11F5D
0x867db6,90E88DF31F5D
0x867dd5,90E86EF31F5D
0x867df3,90E850F31F5D
0x867dfd,90E8B8E01F5D
0x867e21,90E822F31F5D
0x867e40,90E803F31F5D
0x86d44a,90E89196175D
0x86d484,90E8BF9C1F5D
0x86d49d,90E8807F1F5D
0x86d4c4,90E839851F5D
0x86d505,90E8187F1F5D
0x86d5c5,90E8F0881F5D
0x86d6c5,90E87E9A1F5D
0x86d72a,90E8F37C1F5D
0x86d7f2,90E8C3861F5D
0x86d855,90E860861F5D
0x874c95,90E8E6111F5D
0x874ca7,90E8E3121F5D
0x874d04,90E8AC251F5D
0x874d1a,90E896251F5D
0x874d30,90E880251F5D
0x874d43,90E86D251F5D
0x874d56,90E85A251F5D
0x874d69,90E847251F5D
0x874d7c,90E834251F5D
0x874d8f,90E821251F5D
0x874da2,90E80E251F5D
0x874e18,90E868241F5D
0x874e33,90E882101F5D
0x8792c1,90E8023A1A5D
0x879342,90E881391A5D
0x8793ce,90E8F5381A5D
0x879dad,90E8162F1A5D
0x879f20,90E8A32D1A5D
0x879f4c,90E8772D1A5D
0x879f5b,90E8682D1A5D
0x87d9ab,90E8F28F165D
0x87f5fb,90E880681E5D
0x87f609,90E872681E5D
0x87f65c,90E8547C1E5D
0x87f66a,90E8467C1E5D
0x87f6cb,90E8EA671E5D
0x87f6d9,90E8DC671E5D
0x87f86e,90E8427A1E5D
0x87f880,90E8307A1E5D
0x87f892,90E81E7A1E5D
0x87f929,90E857791E5D
0x87f951,90E82F791E5D
0x87faec,90E8C9631E5D
0x88053d,90E8436D1E5D
0x880550,90E8886D1E5D
0x880648,90E8686C1E5D
0x880657,90E8596C1E5D
0x8806a1,90E814581E5D
0x8808e2,90E861681E5D
0x8808f9,90E8DF691E5D
0x880954,90E861551E5D
0x880980,90E835551E5D
0x880e53,90E828501E5D
0x880e64,90E817501E5D
0x880edb,90E8D5631E5D
0x8810d2,90E8E34D1E5D
0x8810e3,90E8D24D1E5D
0x881b1e,90E86C441E5D
0x881b27,90E863441E5D
0x882ad9,90E8D193165D
0x882bda,90E8D092165D
0x882df9,90E8A43B165D
0x883507,90E8A93D1E5D
0x883555,90E85589165D
0x884a2a,90E84723165D
0x884c7e,90E84580195D
0x884c91,90E83280195D
0x884e36,90E88D7E195D
0x884e48,90E87B7E195D
0x884e58,90E86B7E195D
0x884eab,90E8187E195D
0x884ebb,90E8087E195D
0x884ef3,90E8D07D195D
0x884f08,90E8BB7D195D
0x884f19,90E8AA7D195D
0x884fdb,90E8A00E1E5D
0x884fed,90E88E0E1E5D
0x885044,90E86C221E5D
0x885053,90E85D221E5D
0x8850b0,90E8050E1E5D
0x8850c2,90E8F30D1E5D
0x885166,90E8150D1E5D
0x885191,90E8240D1E5D
0x8851e3,90E8E07A195D
0x8851f3,90E8D07A195D
0x885203,90E8C07A195D
0x885256,90E86D7A195D
0x88526a,90E8597A195D
0x88527a,90E8497A195D
0x885292,90E8317A195D
0x8852a1,90E8227A195D
0x885ae6,90E895031E5D
0x885af5,90E886031E5D
0x885bb1,90E8FF161E5D
0x885d37,90E87E011E5D
0x885d48,90E86D011E5D
0x885e14,90E8890B165D
0x885ffd,90E8B3121E5D
0x886858,90E8EB081E5D
0x886892,90E823F61D5D
0x8868ba,90E8E300165D
0x89052e,90E895C7185D
0x8905be,90E805C7185D
0x8906a1,90E822C6185D
0x8906b1,90E812C6185D
0x8906be,90E805C6185D
0x8906f4,90E8CFC5185D
0x890701,90E8C2C5185D
0x891481,90E8C25C1D5D
0x89148b,90E82A4A1D5D
0x891557,90E8EC5B1D5D
0x891576,90E8CD5B1D5D
0x891594,90E8AF5B1D5D
0x89159e,90E817491D5D
0x8915cc,90E8775B1D5D
0x8915eb,90E8585B1D5D
0x893e48,90E8FB321D5D
0x893e7e,90E837201D5D
0x893ec4,90E87F321D5D
0x893efa,90E8BB1F1D5D
0x893f40,90E803321D5D
0x893f76,90E83F1F1D5D
0x893fbc,90E887311D5D
0x893ff2,90E8C31E1D5D
0x894038,90E80B311D5D
0x89406e,90E8471E1D5D
0x8940b4,90E88F301D5D
0x8940ea,90E8CB1D1D5D
0x896436,90E80D0D1D5D
0x896459,90E893F41D5D
0x8965c2,90E8F3F81C5D
0x896634,90E80F0B1D5D
0x89664c,90E8F70A1D5D
0x896664,90E8DF0A1D5D
0x89667c,90E8C70A1D5D
0x896962,90E8E1071D5D
0x896a17,90E82C071D5D
0x896a34,90E818EF1D5D
0x896a55,90E860F41C5D
0x896d4f,90E82CF11C5D
0x896d64,90E817F11C5D
0x896db5,90E8FB041D5D
0x896dc6,90E8EA041D5D
0x896e26,90E88A041D5D
0x896e61,90E84F041D5D
0x896e72,90E83E041D5D
0x896e99,90E817041D5D
0x896ea9,90E807041D5D
0x896f37,90E879031D5D
0x896f94,90E81C031D5D
0x896fa5,90E80B031D5D
0x8971ab,90E80AED1C5D
0x8971c0,90E8F5EC1C5D
0x897426,90E81DFD1C5D
0x897459,90E85CEA1C5D
0x89a96e,90E80DB51C5D
0x89a981,90E82FC91C5D
0x89aa56,90E85AC81C5D
0x89ab22,90E893B31C5D
0x89ab9e,90E8DDB21C5D
0x89abb1,90E8FFC61C5D
0x89ac86,90E82AC61C5D
0x89ad52,90E863B11C5D
0x89adce,90E8ADB01C5D
0x89ade1,90E8CFC41C5D
0x89aeb6,90E8FAC31C5D
0x89af82,90E833AF1C5D
0x89affe,90E87DAE1C5D
0x89b011,90E89FC21C5D
0x89b0e6,90E8CAC11C5D
0x89b1b2,90E803AD1C5D
0x89b22e,90E84DAC1C5D
0x89b241,90E86FC01C5D
0x89b316,90E89ABF1C5D
0x89b3e2,90E8D3AA1C5D
0x89bab1,90E892B61C5D
0x89bda7,90E89CB31C5D
0x89be26,90E81DB31C5D
0x89bea5,90E89EB21C5D
0x89bf28,90E81BB21C5D
0x89bfac,90E897B11C5D
0x89c02b,90E818B11C5D
0x89c0aa,90E899B01C5D
0x89c12d,90E816B01C5D
0x89c2c1,90E882AE1C5D
0x89c328,90E81BAE1C5D
0x89c38e,90E8B5AD1C5D
0x89c3f9,90E84AAD1C5D
0x89c50d,90E836AC1C5D
0x8a394a,90E8F9371C5D
0x8a3a15,90E82E371C5D
0x8a3e85,90E8BE321C5D
0x8a3eb1,90E804201C5D
0x8a3f9d,90E8A6311C5D
0x8a3fc9,90E8EC1E1C5D
0x8a4091,90E8B2301C5D
0x8a40bd,90E8F81D1C5D
0x8a4271,90E8D22E1C5D
0x8a429e,90E8171C1C5D
0x8a45ba,90E8C1181C5D
0x8a45ea,90E8C62C1C5D
0x8a4604,90E8AC2C1C5D
0x8a465f,90E8512C1C5D
0x8a4694,90E821181C5D
0x8a4749,90E832171C5D
0x8a477a,90E8362B1C5D
0x8a4792,90E81E2B1C5D
0x8a47ed,90E8C32A1C5D
0x8a4820,90E895161C5D
0x8a49a8,90E81B83175D
0x8a49ce,90E8F582175D
0x8a49e2,90E8E182175D
0x8a4a6d,90E85682175D
0x8a4a7f,90E84482175D
0x8a4a8f,90E83482175D
0x8a4b08,90E8BB81175D
0x8a4b2e,90E89581175D
0x8a4b42,90E88181175D
0x8a4b87,90E8981E145D
0x8a4c31,90E89280175D
0x8a4c70,90E85380175D
0x8a4c8e,90E83580175D
0x8a4ca2,90E82180175D
0x8a4d3d,90E8867F175D
0x8a4d4f,90E8747F175D
0x8a4d5f,90E8647F175D
0x8a4dd8,90E8EB7E175D
0x8a4dfe,90E8C57E175D
0x8a4e12,90E8B17E175D
0x8a4e57,90E8C81B145D
0x8a4f01,90E8C27D175D
0x8a7639,90E88A56175D
0x8a7c5e,90E86550175D
0x8a8871,90E8D4011D5D
0x8a889d,90E8D2D71C5D
0x8a88b4,90E80F44175D
0x8a88c6,90E8FD43175D
0x8a88d1,90E8F243175D
0x8ac5fd,90E8C606175D
0x8ac618,90E8AB06175D
0x8ac628,90E89B06175D
0x8acbfd,90E8C600175D
0x8acc0b,90E8B800175D
0x8acc16,90E8AD00175D
0x8acc8d,90E83600175D
0x8acc9d,90E82600175D
0x8accac,90E81700175D
0x8acd4e,90E875FF165D
0x8acd60,90E863FF165D
0x8acd6d,90E856FF165D
0x8ace1d,90E8A6FE165D
0x8ace2f,90E894FE165D
0x8ace3a,90E889FE165D
0x8acec8,90E8FBFD165D
0x8ad10c,90E8B7FB165D
0x8ad11c,90E8A7FB165D
0x8ad12c,90E897FB165D
0x8ad13e,90E885FB165D
0x8ad14b,90E878FB165D
0x8ad267,90E85CFA165D
0x8ad2b6,90E80DFA165D
0x8ad2c6,90E8FDF9165D
0x8ae13c,90E8797D1B5D
0x8ae169,90E94C7D1B5D
0x8ae3b6,90E8B16B175D
0x8aed8d,90E8DA61175D
0x8af921,90E85A651B5D
0x8af946,90E86A791B5D
0x8af97c,90E839651B5D
0x8af9a9,90E90C651B5D
0x8b0135,90E88ECB165D
0x8b014d,90E876CB165D
0x8b33d6,90E8911B175D
0x8b36cb,90E89C18175D
0x8b3f5c,90E80B10175D
0x8b441c,90E84B0B175D
0x8b48de,90E8C85B135D
0x8b48e5,90E86B06175D
0x8b48ee,90E87906175D
0x8b4c33,90E83403175D
0x8b4ed4,90E89300175D
0x8b4f52,90E81500175D
0x8b4f91,90E8D6FF165D
0x8b5a2a,90E886181B5D
0x8b5a38,90E878181B5D
0x8b5b30,90E985031B5D
0x8b5b73,90E842031B5D
0x8b5b84,90E831031B5D
0x8b5cc2,90E8EE151B5D
0x8b5cd0,90E8E0151B5D
0x8b644c,90E8640E1B5D
0x8b645a,90E8560E1B5D
0x8b6903,90E878F51A5D
0x8b696f,90E841091B5D
0x8b6984,90E81C601C5D
0x8b699c,90E8010C1B5D
0x8b69ae,90E807F51A5D
0x8b69c9,90E8ECF41A5D
0x8b6a19,90E897081B5D
0x8b6a2e,90E8725F1C5D
0x8b6a46,90E8570B1B5D
0x8b6a58,90E85DF41A5D
0x8b6aaa,90E806081B5D
0x8b6abf,90E8E15E1C5D
0x8b6ad7,90E8C60A1B5D
0x8b6ae9,90E8CCF31A5D
0x8b6b3d,90E873071B5D
0x8b6b7d,90E833071B5D
0x8b6bc4,90E8EC061B5D
0x8b6f0c,90E8A4031B5D
0x8b7074,90E83C021B5D
0x8b7231,90E84F001B5D
0x8b7248,90E890001B5D
0x8b7271,90E82C031B5D
0x8b7280,90E858001B5D
0x8b72ab,90E80AEC1A5D
0x8b72c1,90E8BFFF1A5D
0x8b72d8,90E800001B5D
0x8b731a,90E883021B5D
0x8b7329,90E8AFFF1A5D
0x8b736b,90E815FF1A5D
0x8b7382,90E856FF1A5D
0x8b73ab,90E8F2011B5D
0x8b73ba,90E81EFF1A5D
0x8b7400,90E8B5EA1A5D
0x8b77c7,90E87CF91A5D
0x8b77de,90E865F91A5D
0x8b7b96,90E81FE31A5D
0x8b7ba8,90E80DE31A5D
0x8b80a6,90E89DF01A5D
0x8b80c2,90E8DE481C5D
0x8b812e,90E8954B165D
0x8b8191,90E8324B165D
0x8b81a7,90E81C4B165D
0x8b81f0,90E8C5DC1A5D
0x8b8205,90E8B0DC1A5D
0x8b8384,90E8F7DA1A5D
0x8b83b0,90E800EF1A5D
0x8b841b,90E865EE1A5D
0x8b8432,90E8A6EE1A5D
0x8b846d,90E830F11A5D
0x8b847c,90E85CEE1A5D
0x8b84b5,90E800DA1A5D
0x8b84c6,90E8EFD91A5D
0x8b84db,90E8DAD91A5D
0x8b8b1a,90E80AE7125D
0x8ba286,90E82FBC1A5D
0x8bcb4a,90E8F9A51A5D
0x8bcdb2,90E891A31A5D
0x8bce33,90E810A31A5D
0x8bdc22,90E84B52125D
0x8bdc65,90E8DE941A5D
0x8bdca7,90E89C941A5D
0x8be028,90E8B38A125D
0x8be25c,90E8E78E1A5D
0x8be2d2,90E8718E1A5D
0x8be9fe,90E86F44125D
0x8bea44,90E8FF861A5D
0x8beaa6,90E89D861A5D
0x8c007e,90E8FD5D1A5D
0x8c00b9,90E8F7711A5D
0x8c00ce,90E8EF961B5D
0x8c015a,90E85B5D1A5D
0x8c016f,90E8465D1A5D
0x8c01d0,90E8AB5C1A5D
0x8c020b,90E8A5701A5D
0x8c0220,90E89D951B5D
0x8c02ac,90E8095C1A5D
0x8c02c1,90E8F45B1A5D
0x8c032b,90E8505B1A5D
0x8c0366,90E84A6F1A5D
0x8c037b,90E842941B5D
0x8c0429,90E88C5A1A5D
0x8c043e,90E8775A1A5D
0x8c06ab,90E8D0571A5D
0x8c06e6,90E8CA6B1A5D
0x8c06fb,90E8C2901B5D
0x8c0787,90E82E571A5D
0x8c079c,90E819571A5D
0x8c07ff,90E87C561A5D
0x8c083a,90E8766A1A5D
0x8c084f,90E86E8F1B5D
0x8c08db,90E8DA551A5D
0x8c08f0,90E8C5551A5D
0x8c1405,90E83E5D1A5D
0x8c1c08,90E83B551A5D
0x8c1c54,90E8EF541A5D
0x8c1ecd,90E876521A5D
0x8c20ef,90E854501A5D
0x8c215c,90E8E74F1A5D
0x8c225e,90E8E54E1A5D
0x8c22cb,90E8784E1A5D
0x8c231f,90E8244E1A5D
0x8c2515,90E82E4C1A5D
0x8c2675,90E8CE4A1A5D
0x8c2784,90E8BF491A5D
0x8c2a23,90E820471A5D
0x8c2b06,90E83D461A5D
0x8c2c1d,90E826451A5D
0x8c2cd8,90E86B441A5D
0x8c2fd5,90E86E411A5D
0x8c305a,90E8E9401A5D
0x8c313c,90E807401A5D
0x8c320a,90E8393F1A5D
0x8c38bc,90E8F9251A5D
0x8c3da9,90E8BE11165D
0x8c3ff8,90E8B8321A5D
0x8c45ed,90E8D686155D
0x8c45ff,90E8C486155D
0x8c460a,90E8B986155D
0x8c4702,90E8412A1A5D
0x8c4730,90E885171A5D
0x8c47fe,90E87D161A5D
0x8c49fd,90E8B8141A5D
0x8c4a14,90E8A1141A5D
0x8c557f,90E8311D1A5D
0x8c59c1,90E882171A5D
0x8c5af3,90E81DD4115D
0x8c6ba6,90E80FF3195D
0x8c739e,90E8A5FD195D
0x8c741d,90E826FD195D
0x8c747e,90E8C5FC195D
0x8c7a8f,90E821F8195D
0x8c7d36,90E80DF4195D
0x8c7d9f,90E8A4F3195D
0x8c83a6,90E80FDB195D
0x8c890c,90E837E8195D
0x8c8c60,90E8E3E4195D
0x8c8cd5,90E86EE4195D
0x8c8d3a,90E809E4195D
0x8c901b,90E828E1195D
0x8c9089,90E8BAE0195D
0x8c92fd,90E846DE195D
0x8c9ac4,90E87FD6195D
0x8c9bbf,90E8F1D6195D
0x8ca05d,90E8E6D0195D
0x8ca385,90E8BECD195D
0x8ca485,90E8BECC195D
0x8ca4f8,90E84BCC195D
0x8cb826,90E88FA6195D
0x8cbc3e,90E82993155D
0x8cbf4e,90E8F5B1195D
0x8cc326,90E81DAE195D
0x8cc4c1,90E8EFAD195D
0x8cc4d2,90E8DEAD195D
0x8cc9e6,90E85DA7195D
0x8cccb0,90E893A4195D
0x8cd5e4,90E85F9B195D
0x8cd8a2,90E8A198195D
0x8cd927,90E81C98195D
0x8cdaf3,90E85096195D
0x8cdb65,90E8DE95195D
0x8ceefc,90E8B96F195D
0x8cf3db,90E8D57E195D
0x8d00fa,90E86D4E155D
0x8d0148,90E81F4E155D
0x8d01c2,90E8A54D155D
0x8d0210,90E8574D155D
0x8d0280,90E8E74C155D
0x8d02ce,90E8994C155D
0x8d0322,90E8454C155D
0x8d0370,90E8F74B155D
0x8d085c,90E85956195D
0x8d0889,90E92C56195D
0x8d0af2,90E88953195D
0x8d0b99,90E81767195D
0x8d0c04,90E8AC66195D
0x8d0d16,90E89F51195D
0x8d15da,90E88D39155D
0x8d16f0,90E87738155D
0x8d1fea,90E85951195D
0x8d24fe,90E8454C195D
0x8d267b,90E8C84A195D
0x8d2886,90E8E126155D
0x8d2b8a,90E8F132195D
0x8d2bc2,90E8EE46195D
0x8d2cf9,90E8B745195D
0x8d2e29,90E88744195D
0x8d2f59,90E85743195D
0x8d3140,90E85D38115D
0x8d3809,90E8AC26195D
0x8d3f5d,90E8668D145D
0x8d4103,90E8C08B145D
0x8d4118,90E8AB8B145D
0x8d4128,90E89B8B145D
0x8d421e,90E8A58A145D
0x8d42be,90E8058A145D
0x8d4330,90E89389145D
0x8d4340,90E88389145D
0x8d436a,90E85989145D
0x8d437e,90E84589145D
0x8d44cd,90E8F687145D
0x8d4583,90E84087145D
0x8d46ef,90E8D485145D
0x8d47b5,90E80E85145D
0x8d47c9,90E8FA84145D
0x8d4832,90E89184145D
0x8d490e,90E8B583145D
0x8d49bd,90E80683145D
0x8d4a8d,90E83682145D
0x8d5172,90E8517B145D
0x8d5359,90E86A79145D
0x8d5428,90E89B78145D
0x8d67cd,90E8F664145D
0x8d6912,90E869F5185D
0x8d6929,90E88709195D
0x8d693b,90E87AF5185D
0x8d69c1,90E80263145D
0x8d69d8,90E8EB62145D
0x8d69e9,90E8DA62145D
0x8d69ff,90E8C462145D
0x8d6a0c,90E8B762145D
0x8d6b00,90E81FFF105D
0x8d6b19,90E8AA61145D
0x8d6b35,90E88E61145D
0x8d6b42,90E88161145D
0x8d6b63,90E86061145D
0x8d6b78,90E84B61145D
0x8d6b89,90E83A61145D
0x8d6b9b,90E82861145D
0x8d6ba8,90E81B61145D
0x8d6bd6,90E8ED60145D
0x8d6be3,90E8E060145D
0x8d6c93,90E83060145D
0x8d6ca8,90E81B60145D
0x8d6cb8,90E80B60145D
0x8d6ccc,90E8F75F145D
0x8d6cdd,90E8E65F145D
0x8d6d00,90E8C35F145D
0x8d6d11,90E8B25F145D
0x8d6f49,90E8FA01195D
0x8d70cf,90E8F45B145D
0x8d714b,90E830ED185D
0x8d7189,90E82701195D
0x8d719e,90E81F261A5D
0x8d720f,90E8A6EC185D
0x8d7224,90E891EC185D
0x8d74cb,90E878FC185D
0x8d7cfb,90E8C84F145D
0x8d7f3c,90E82BD0145D
0x8d7f67,90E85C4D145D
0x8d7f97,90E82C4D145D
0x8d7fad,90E8164D145D
0x8d8252,90E8714A145D
0x8d8282,90E8414A145D
0x8d8298,90E82B4A145D
0x8d88b1,90E81244145D
0x8d88ca,90E8F943145D
0x8d88df,90E8E443145D
0x8d98a8,90E89BD8185D
0x8d98db,90E8DAC5185D
0x8d9948,90E8FBD7185D
0x8d997d,90E838C5185D
0x8d9a33,90E810D7185D
0x8d9a64,90E851C4185D
0x8d9b78,90E8CBD5185D
0x8d9bab,90E80AC3185D
0x8d9c18,90E82BD5185D
0x8d9c4d,90E868C2185D
0x8d9cfa,90E849D4185D
0x8d9d2b,90E88AC1185D
0x8d9fce,90E875D1185D
0x8da0e5,90E8D0BD185D
0x8da158,90E8EBCF185D
0x8da18d,90E828BD185D
0x8da33d,90E88629145D
0x8da373,90E85029145D
0x8da395,90E82E29145D
0x8da3dd,90E8E628145D
0x8da413,90E8B028145D
0x8da435,90E88E28145D
0x8dae2e,90E8951E145D
0x8daf6f,90E8541D145D
0x8daf85,90E83E1D145D
0x8daf90,90E8331D145D
0x8db18a,90E81CF3105D
0x8db66c,90E85716145D
0x8db711,90E8B215145D
0x8db8ad,90E81614145D
0x8db8f3,90E8D013145D
0x8db9d2,90E8F112145D
0x8dba01,90E8C212145D
0x8dbbf3,90E8D010145D
0x8dbc05,90E8BE10145D
0x8dbc10,90E8B310145D
0x8dbcdc,90E8E70F145D
0x8dbce9,90E8DA0F145D
0x8dbd0c,90E8B70F145D
0x8dbdec,90E8D70E145D
0x8dbdf9,90E8CA0E145D
0x8dbe1c,90E8A70E145D
0x8dbea7,90E81C0E145D
0x8dbebd,90E8060E145D
0x8dbeca,90E8F90D145D
0x8dbfc5,90E8FE0C145D
0x8dbfd7,90E8EC0C145D
0x8dbfe2,90E8E10C145D
0x8dc040,90E8830C145D
0x8dc063,90E8600C145D
0x8dc210,90E8B30A145D
0x8dc23c,90E8870A145D
0x8dc3b3,90E81009145D
0x8dc408,90E8BB08145D
0x8dc415,90E8AE08145D
0x8dc452,90E87108145D
0x8dc45d,90E86608145D
0x8dc964,90E85F03145D
0x8dc978,90E84B03145D
0x8dc987,90E83C03145D
0x8dcabe,90E80502145D
0x8dcc2a,90E89900145D
0x8dccfa,90E8C9FF135D
0x8dcd0c,90E8B7FF135D
0x8dcd19,90E8AAFF135D
0x8dcd3c,90E887FF135D
0x8dcd49,90E87AFF135D
0x8dcd9e,90E825FF135D
0x8dcdac,90E817FF135D
0x8dcdb7,90E80CFF135D
0x8dceae,90E815FE135D
0x8dcebc,90E807FE135D
0x8dcec7,90E8FCFD135D
0x8dcf32,90E891FD135D
0x8dcf9c,90E827FD135D
0x8dcfa9,90E81AFD135D
0x8dd016,90E8ADFC135D
0x8dd023,90E8A0FC135D
0x8dd166,90E85DFB135D
0x8dd35b,90E868F9135D
0x8dd36d,90E856F9135D
0x8dd378,90E84BF9135D
0x8dd3d2,90E8F1F8135D
0x8dd3e4,90E8DFF8135D
0x8dd3ef,90E8D4F8135D
0x8de545,90E87EE7135D
0x8de556,90E86DE7135D
0x8de5ee,90E8D5E6135D
0x8de5fc,90E8C7E6135D
0x8de607,90E8BCE6135D
0x8ded0a,90E8B9DF135D
0x8deffc,90E8C7DC135D
0x8e1d6a,90E8C680125D
0x8e270b,90E8B8A5135D
0x8e272c,90E897A5135D
0x8e2737,90E88CA5135D
0x8e28f1,90E8D2A3135D
0x8e290f,90E8B4A3135D
0x8e291a,90E8A9A3135D
0x8e2c1d,90E8A6A0135D
0x8e2c2a,90E899A0135D
0x8e2dab,90E8189F135D
0x8e2db8,90E80B9F135D
0x8e3358,90E86B99135D
0x8e336a,90E85999135D
0x8e3377,90E84C99135D
0x8e360b,90E8B896135D
0x8e3636,90E88D96135D
0x8e3641,90E88296135D
0x8e36e1,90E8E295135D
0x8e3708,90E8BB95135D
0x8e3713,90E8B095135D
0x8e3c75,90E80622185D
0x8e3c8c,90E82436185D
0x8e3ca9,90E8D735185D
0x8e3cde,90E8D721185D
0x8e5c66,90E8DD14185D
0x8e5c97,90E8E915185D
0x8e5d1a,90E89B01185D
0x8e64b2,90E8910C185D
0x8e64fd,90E8B8F9175D
0x8e6693,90E8B00A185D
0x8e66e2,90E8D3F7175D
0x8e6c95,90E8AE04185D
0x8e6cbb,90E8C505185D
0x8e6cf0,90E8C5F1175D
0x8e7173,90E8D0FF175D
0x8eda1f,90E85C84175D
0x8eda3c,90E87498175D
0x8eda70,90E84098175D
0x8edabb,90E8FA83175D
0x8edbdd,90E86695175D
0x8edc49,90E8FA94175D
0x8edd6c,90E8D793175D
0x8eddda,90E86993175D
0x8eddfe,90E8B780175D
0x8ede98,90E8CF70135D
0x8edfe8,90E8B5890F5D
0x8ee280,90E8E76C135D
0x8ee306,90E8616C135D
0x8ee327,90E8406C135D
0x8ef32c,90E8177E175D
0x8ef595,90E82ED7125D
0x8ef5ae,90E815D7125D
0x8ef5bf,90E804D7125D
0x8ef715,90E82E7A175D
0x8f09f2,90E8D1C2125D
0x8f0a06,90E8BDC2125D
0x8f0b0d,90E8B6C1125D
0x8f0b1e,90E8A5C1125D
0x8f0b2f,90E894C1125D
0x8f0ba1,90E822C1125D
0x8f0bb8,90E80BC1125D
0x8f0bc9,90E8FAC0125D
0x8f0bd7,90E8ECC0125D
0x8f0be4,90E8DFC0125D
0x8f0c11,90E8B2C0125D
0x8f0c1e,90E8A5C0125D
0x8f0de2,90E8E1BE125D
0x8f0df9,90E8CABE125D
0x8f0e0a,90E8B9BE125D
0x8f0e1c,90E8A7BE125D
0x8f0e29,90E89ABE125D
0x8f0e82,90E841BE125D
0x8f0e8f,90E834BE125D
0x8f0f4e,90E875BD125D
0x8f0f68,90E85BBD125D
0x8f0f78,90E84BBD125D
0x8f0f88,90E83BBD125D
0x8f0f99,90E82ABD125D
0x8f0fbc,90E807BD125D
0x8f0fcd,90E8F6BC125D
0x8f1058,90E86BBC125D
0x8f1070,90E853BC125D
0x8f111d,90E8A6BB125D
0x8f112e,90E895BB125D
0x8f113f,90E884BB125D
0x8f11c1,90E802BB125D
0x8f11d8,90E8EBBA125D
0x8f11e9,90E8DABA125D
0x8f1373,90E8084B175D
0x8f158c,90E8EF48175D
0x8f159a,90E8E148175D
0x8f16e8,90E89347175D
0x8f16f9,90E88247175D
0x8f1912,90E8B1B3125D
0x8f1926,90E89DB3125D
0x8f19b0,90E80545175D
0x8f19c1,90E8F444175D
0x8f1de1,90E8D440175D
0x8f2160,90E85D76185D
0x8f2198,90E81D3D175D
0x8f2607,90E8A94C175D
0x8f2614,90E89C4C175D
0x8f26fd,90E8B34B175D
0x8f270b,90E8A54B175D
0x8f288b,90E8254A175D
0x8f2899,90E8174A175D
0x8f2f7d,90E83343175D
0x8f2f8b,90E82543175D
0x8f309b,90E81542175D
0x8f30a9,90E80742175D
0x8f3650,90E8603C175D
0x8f3661,90E84F3C175D
0x8f38c6,90E8FD93125D
0x8f38da,90E8E993125D
0x8f3fab,90E8188D125D
0x8f3fd1,90E8F28C125D
0x8f3fe8,90E8DB8C125D
0x8f4257,90E85930175D
0x8f4269,90E8DA2E175D
0x8f427b,90E8001C175D
0x8f42c8,90E8ED1B175D
0x8f42da,90E8DB1B175D
0x8f42ea,90E8C62F175D
0x8f4c44,90E8FF24175D
0x8f4c50,90E82B12175D
0x8f4c66,90E84729175D
0x8f4c75,90E86326175D
0x8f4c83,90E82A29175D
0x8f4c90,90E8F025175D
0x8f4ca7,90E80E12175D
0x8f4d81,90E8B8EF115D
0x8f4d92,90E87D16125D
0x8f4da1,90E8A7ED115D
0x8f5050,90E85A6E0F5D
0x8f5293,90E84520175D
0x8f5461,90E8540A175D
0x8f54a2,90E8130A175D
0x8f559f,90E82477125D
0x8f55bf,90E80477125D
0x8f5625,90E89E76125D
0x8f566b,90E8B4130F5D
0x8f568e,90E83576125D
0x8f56c1,90E80276125D
0x8f56d1,90E8F275125D
0x8f5811,90E8B274125D
0x8f5929,90E89A73125D
0x8f59ba,90E80973125D
0x8f59da,90E8E972125D
0x8f5ad1,90E8F271125D
0x8f5be9,90E8DA70125D
0x8f5e5f,90E8646E125D
0x8f5e7f,90E8446E125D
0x8f5ead,90E8166E125D
0x8f5f05,90E8BE6D125D
0x8f5f4b,90E8D40A0F5D
0x8f5f6e,90E8556D125D
0x8f5fa6,90E81D6D125D
0x8f5fba,90E8096D125D
0x8f607f,90E8446C125D
0x8f609f,90E8246C125D
0x8f610b,90E8B86B125D
0x8f616e,90E8556B125D
0x8f61a6,90E81D6B125D
0x8f61ba,90E8096B125D
0x8f6221,90E8A26A125D
0x8f62df,90E8E469125D
0x8f62ff,90E8C469125D
0x8f6360,90E86369125D
0x8f639b,90E884060F5D
0x8f63be,90E80569125D
0x8f63f1,90E8D268125D
0x8f6401,90E8C268125D
0x8f64bf,90E80468125D
0x8f64df,90E8E467125D
0x8f6593,90E83067125D
0x8f6601,90E8C266125D
0x8f6636,90E88D66125D
0x8f664a,90E87966125D
0x8f670f,90E8B465125D
0x8f672f,90E89465125D
0x8f67dc,90E8E764125D
0x8f6846,90E87D64125D
0x8f6876,90E84D64125D
0x8f688a,90E83964125D
0x8f694f,90E87463125D
0x8f696f,90E85463125D
0x8f69bb,90E80863125D
0x8f6a49,90E87A62125D
0x8f6aa3,90E82062125D
0x8f6ad6,90E8ED61125D
0x8f6aea,90E8D961125D
0x8f6c1c,90E8A760125D
0x8f6c9a,90E82960125D
0x8f6d0c,90E8B75F125D
0x8f6dca,90E8F95E125D
0x8f6e50,90E8735E125D
0x8f6f7f,90E8445D125D
0x8f6f9f,90E8245D125D
0x8f7033,90E8905C125D
0x8f7076,90E84D5C125D
0x8f708a,90E8395C125D
0x8f714f,90E8745B125D
0x8f716f,90E8545B125D
0x8f71fc,90E8C75A125D
0x8f7261,90E8625A125D
0x8f7296,90E82D5A125D
0x8f72aa,90E8195A125D
0x8f73d0,90E8F358125D
0x8f7403,90E8C058125D
0x8f75e1,90E8E256125D
0x8f76f9,90E8CA55125D
0x8f77c0,90E80355125D
0x8f77f3,90E8D054125D
0x8f79d1,90E8F252125D
0x8f7ae9,90E8DA51125D
0x8f7eca,90E8F94D125D
0x8f80ba,90E8094C125D
0x8f811c,90E8A74B125D
0x8f819a,90E8294B125D
0x8f823a,90E8894A125D
0x8f82ef,90E8D449125D
0x8f830f,90E8B449125D
0x8f833d,90E88649125D
0x8f83ab,90E81849125D
0x8f840e,90E8B548125D
0x8f8441,90E88248125D
0x8f8451,90E87248125D
0x8f84da,90E8E947125D
0x8f853a,90E88947125D
0x8f859a,90E82947125D
0x8f85ba,90E80947125D
0x8f863a,90E88946125D
0x8f86ca,90E8F945125D
0x8f87fe,90E8C544125D
0x8f880c,90E8B744125D
0x8f89ff,90E8C442125D
0x8f8a4d,90E87642125D
0x8f8af3,90E8D041125D
0x8f8b61,90E86241125D
0x8f8cfe,90E845E4165D
0x8f8fe9,90E8DA3C125D
0x8f90a6,90E81D3C125D
0x8f9162,90E8613B125D
0x8f916d,90E8563B125D
0x8f9239,90E88A3A125D
0x8f92c0,90E8033A125D
0x8f9329,90E89A39125D
0x8f9338,90E88B39125D
0x8f93fc,90E8C738125D
0x8f95a9,90E81A37125D
0x8f96d1,90E8F235125D
0x8f9859,90E86A34125D
0x8f9906,90E8BD33125D
0x8f99fb,90E8C832125D
0x8f9a06,90E8BD32125D
0x8f9adc,90E8E731125D
0x8fa051,90E8722C125D
0x8fa169,90E85A2B125D
0x8fa1f9,90E8CA2A125D
0x8fa2b6,90E80D2A125D
0x8fa32a,90E89929125D
0x8fa335,90E88E29125D
0x8fa44a,90E87928125D
0x8fa46a,90E85928125D
0x8fa4cc,90E8F727125D
0x8fa54a,90E87927125D
0x8fa60a,90E8B926125D
0x8fa62a,90E89926125D
0x8fa88a,90E83924125D
0x8fa8ec,90E8D723125D
0x8fa903,90E8C023125D
0x8fa912,90E84FB2175D
0x8fa98a,90E83923125D
0x8faa3f,90E88422125D
0x8faa5f,90E86422125D
0x8faab0,90E81322125D
0x8faaeb,90E834BF0E5D
0x8fab0e,90E8B521125D
0x8fab41,90E88221125D
0x8fab51,90E87221125D
0x8fabc1,90E80221125D
0x8fac28,90E89B20125D
0x8fac33,90E89020125D
0x8fae0e,90E835C3165D
0x8fb0f9,90E8CA1B125D
0x8fb1aa,90E8191B125D
0x8fb20a,90E8B91A125D
0x8fb25a,90E8691A125D
0x8fb2da,90E8E919125D
0x8fb359,90E86A19125D
0x8fb3da,90E8E918125D
0x8fb45a,90E86918125D
0x8fb4da,90E8E917125D
0x8fb601,90E8C216125D
0x8fb719,90E8AA15125D
0x8fb7d6,90E8ED14125D
0x8fb851,90E87214125D
0x8fb85c,90E86714125D
0x8fb98a,90E83913125D
0x8fb9aa,90E81913125D
0x8fba0a,90E8B912125D
0x8fba2a,90E89912125D
0x8fbafa,90E8C911125D
0x8fbbba,90E80911125D
0x8fbc0a,90E8B910125D
0x8fbc2a,90E89910125D
0x8fbd0a,90E8B90F125D
0x8fbd5a,90E8690F125D
0x8fbdda,90E8E90E125D
0x8fbe5a,90E8690E125D
0x8fbeea,90E8D90D125D
0x8fc718,90E8AB05125D
0x8fc757,90E86C05125D
0x8fc76b,90E85805125D
0x8fc796,90E82D05125D
0x8fc845,90E8DAA10E5D
0x8fcacc,90E877A6165D
0x8fccfd,90E8C6FF115D
0x8fceec,90E857A2165D
0x8fd141,90E882FB115D
0x8fd258,90E86BFA115D
0x8fd297,90E82CFA115D
0x8fd2ab,90E818FA115D
0x8fd2d6,90E8EDF9115D
0x8fd385,90E89A960E5D
0x8fd4c8,90E8FBF7115D
0x8fd517,90E8ACF7115D
0x8fd52b,90E898F7115D
0x8fd558,90E86BF7115D
0x8fd738,90E88BF5115D
0x8fd777,90E84CF5115D
0x8fd78b,90E838F5115D
0x8fd7b6,90E80DF5115D
0x8fd865,90E8BA910E5D
0x8fd9c8,90E8FBF2115D
0x8fda14,90E8AFF2115D
0x8fda28,90E89BF2115D
0x8fda64,90E85FF2115D
0x8fdc58,90E86BF0115D
0x8fdca2,90E821F0115D
0x8fdcb6,90E80DF0115D
0x8fdcf0,90E8D3EF115D
0x8fdee8,90E8DBED115D
0x8fdf32,90E891ED115D
0x8fdf46,90E87DED115D
0x8fdf80,90E843ED115D
0x8fe1ed,90E8D6EA115D
0x8fe23a,90E889EA115D
0x8fe32d,90E896E9115D
0x8fe38a,90E839E9115D
0x8fe420,90E8A3E8115D
0x8fe5d4,90E8EFE6115D
0x8fe5e8,90E8DBE6115D
0x8fe624,90E89FE6115D
0x8fe818,90E8ABE4115D
0x8fe882,90E841E4115D
0x8fe896,90E82DE4115D
0x8fe8d0,90E8F3E3115D
0x8feab8,90E80BE2115D
0x8feae8,90E8DBE1115D
0x8feb9c,90E8837E0E5D
0x8febc9,90E8567E0E5D
0x8fec0f,90E8107E0E5D
0x8fec3b,90E8E47D0E5D
0x8feecc,90E87782165D
0x8ff0f8,90E8CBDB115D
0x8ff128,90E89BDB115D
0x8ff1dc,90E843780E5D
0x8ff209,90E816780E5D
0x8ff24f,90E8D0770E5D
0x8ff27b,90E8A4770E5D
0x8ff50c,90E8377C165D
0x8ff831,90E892D4115D
0x8ff91d,90E8A6D3115D
0x8ff9ea,90E8D9D2115D
0x8ffa41,90E882D2115D
0x8ffb4d,90E876D1115D
0x8ffbba,90E809D1115D
0x8ffcbd,90E806D0115D
0x8ffd0a,90E8B9CF115D
0x8ffd3d,90E886CF115D
0x8ffe0a,90E8B9CE115D
0x8ffe68,90E85BCE115D
0x8ffea7,90E81CCE115D
0x8ffebb,90E808CE115D
0x8ffee8,90E8DBCD115D
0x9000b9,90E80ACC115D
0x90013a,90E889CB115D
0x90017d,90E846CB115D
0x9001ea,90E8D9CA115D
0x90023d,90E886CA115D
0x9002c9,90E8FAC9115D
0x90034a,90E879C9115D
0x90036d,90E856C9115D
0x90043a,90E889C8115D
0x90049f,90E824C8115D
0x9004bf,90E804C8115D
0x9004df,90E8E4C7115D
0x900508,90E8BBC7115D
0x900554,90E86FC7115D
0x900568,90E85BC7115D
0x9005a4,90E81FC7115D
0x9005f1,90E8D2C6115D
0x900601,90E8C2C6115D
0x900819,90E8AAC4115D
0x9015fc,90E8C7B6115D
0x90161d,90E8A6B6115D
0x90167a,90E849B6115D
0x9017ba,90E88959165D
0x901d51,90E872AF115D
0x901e61,90E862AE115D
0x9021da,90E8694F165D
0x9027ad,90E816A5115D
0x9028ad,90E816A4115D
0x9028fa,90E8C9A3115D
0x90294d,90E876A3115D
0x90297d,90E846A3115D
0x902b0d,90E8B6A1115D
0x902b6a,90E859A1115D
0x902bd5,90E8EEA0115D
0x902c1d,90E8A6A0115D
0x902c6a,90E859A0115D
0x902cc8,90E8FB9F115D
0x902d17,90E8AC9F115D
0x902d2b,90E8989F115D
0x902d56,90E86D9F115D
0x902e05,90E81A3C0E5D
0x903329,90E89A99115D
0x903749,90E87A95115D
0x9037ca,90E8F994115D
0x9037ed,90E8D694115D
0x90384a,90E87994115D
0x903899,90E82A94115D
0x9038ea,90E8D993115D
0x903919,90E8AA93115D
0x90397a,90E84993115D
0x903a4d,90E87692115D
0x903a9a,90E82992115D
0x903ad9,90E8EA91115D
0x903b5a,90E86991115D
0x903b89,90E83A91115D
0x903c0a,90E8B990115D
0x903e1a,90E82933165D
0x90441d,90E8A688115D
0x9044ad,90E81688115D
0x904549,90E87A87115D
0x90457d,90E84687115D
0x9045cd,90E8F686115D
0x90461d,90E8A686115D
0x90466a,90E85986115D
0x9046bd,90E80686115D
0x90472d,90E89685115D
0x9047ed,90E8D684115D
0x90482d,90E89684115D
0x90485d,90E86684115D
0x904899,90E82A84115D
0x9048ea,90E8D983115D
0x904919,90E8AA83115D
0x90499a,90E82983115D
0x9049c9,90E8FA82115D
0x904a4a,90E87982115D
0x904a79,90E84A82115D
0x904afa,90E8C981115D
0x904bca,90E8F980115D
0x904c4a,90E87980115D
0x904cca,90E8F97F115D
0x905062,90E8E120165D
0x90515c,90E8677B115D
0x90517d,90E8467B115D
0x9051da,90E8E97A115D
0x9053cd,90E8F678115D
0x9054ec,90E8D777115D
0x90550d,90E8B677115D
0x90556a,90E85977115D
0x90581b,90E82819165D
0x905ad2,90E87116165D
0x905dd2,90E87113165D
0x90606c,90E8D710165D
0x9063dc,90E8670D165D
0x906762,90E8E109165D
0x906b02,90E84106165D
0x906bfd,90E8C660115D
0x906c6d,90E85660115D
0x906d18,90E8AB5F115D
0x906dec,90E833FC0D5D
0x906e19,90E806FC0D5D
0x906e5f,90E8C0FB0D5D
0x906e8b,90E894FB0D5D
0x906f28,90E89B5D115D
0x907222,90E821FF155D
0x9075b2,90E891FB155D
0x9076b2,90E891FA155D
0x9077cc,90E8F754115D
0x9077ed,90E8D654115D
0x90784a,90E87954115D
0x907a92,90E8B1F6155D
0x907bac,90E81751115D
0x907bcd,90E8F650115D
0x907c2a,90E89950115D
0x907f0b,90E838F2155D
0x907fcd,90E8F64C115D
0x9080eb,90E858F0155D
0x9081ad,90E8164B115D
0x9082cd,90E8F649115D
0x9082ed,90E8D649115D
0x90859c,90E8A7EB155D
0x908689,90E83A46115D
0x9086aa,90E81946115D
0x9086cd,90E8F645115D
0x90879d,90E82645115D
0x9088b9,90E80A44115D
0x9088da,90E8E943115D
0x9088fd,90E8C643115D
0x908cbc,90E887E4155D
0x908da1,90E8223F115D
0x908e5c,90E8673E115D
0x908e7d,90E8463E115D
0x908eda,90E8E93D115D
0x908f8c,90E8B7E1155D
0x909251,90E8723A115D
0x90930c,90E8B739115D
0x90932d,90E89639115D
0x90938a,90E83939115D
0x90943a,90E809DD155D
0x9096cd,90E8F635115D
0x90978c,90E83735115D
0x9097ad,90E81635115D
0x90980a,90E8B934115D
0x9098ba,90E889D8155D
0x909b71,90E85231115D
0x909c2c,90E89730115D
0x909c4d,90E87630115D
0x909caa,90E81930115D
0x909d5c,90E8E7D3155D
0x909f89,90E83A2D115D
0x909fea,90E859D1155D
0x90a60d,90E8B626115D
0x90a6cc,90E8F725115D
0x90a6ed,90E8D625115D
0x90a74a,90E87925115D
0x90a7fa,90E849C9155D
0x90aa9b,90E8A8C6155D
0x90abcb,90E878C5155D
0x90acec,90E8D71F115D
0x90ad0d,90E8B61F115D
0x90ad6a,90E8591F115D
0x90b0c1,90E8021C115D
0x90b17c,90E8471B115D
0x90b19d,90E8261B115D
0x90b1fa,90E8C91A115D
0x90b2aa,90E899BE155D
0x90b5bd,90E80617115D
0x90b7db,90E868B9155D
0x90b8bd,90E80614115D
0x90b9cd,90E8F612115D
0x90bbdc,90E867B5155D
0x90bd41,90E8820F115D
0x90bdfc,90E8C70E115D
0x90be1d,90E8A60E115D
0x90be7a,90E8490E115D
0x90bf2a,90E819B2155D
0x90c1c1,90E8020B115D
0x90c27c,90E8470A115D
0x90c29d,90E8260A115D
0x90c2fa,90E8C909115D
0x90c3ac,90E897AD155D
0x90c5f9,90E8CA06115D
0x90c61a,90E8A906115D
0x90c64d,90E87606115D
0x90c769,90E85A05115D
0x90c78a,90E83905115D
0x90c819,90E8AA04115D
0x90c83a,90E88904115D
0x90c8bd,90E80604115D
0x90c929,90E89A03115D
0x90c94a,90E87903115D
0x90c9b9,90E80A03115D
0x90c9da,90E8E902115D
0x90cafc,90E8C701115D
0x90cb1d,90E8A601115D
0x90cb7a,90E84901115D
0x90cee1,90E8E2FD105D
0x90cf9c,90E827FD105D
0x90cfbd,90E806FD105D
0x90d01a,90E8A9FC105D
0x90d0ca,90E879A0155D
0x90d2fd,90E8C6F9105D
0x90d41d,90E8A6F8105D
0x90d499,90E82AF8105D
0x90d51a,90E8A9F7105D
0x90d62d,90E896F6105D
0x90d7a9,90E81AF5105D
0x90d7ca,90E8F9F4105D
0x90d849,90E87AF4105D
0x90d86a,90E859F4105D
0x90d8d9,90E8EAF3105D
0x90d8fa,90E8C9F3105D
0x90d979,90E84AF3105D
0x90d9ca,90E8F9F2105D
0x90da0f,90E8B4F2105D
0x90daef,90E8D4F1105D
0x90dbbd,90E806F1105D
0x90dc3d,90E886F0105D
0x90dcbd,90E806F0105D
0x90e179,90E84AEB105D
0x90e1ce,90E8758F155D
0x90e599,90E82AE7105D
0x90e5ee,90E8558B155D
0x90ea02,90E84187155D
0x90ead9,90E8EAE1105D
0x90eb2e,90E81586155D
0x90ee79,90E84ADE105D
0x90eece,90E87582155D
0x90f5d9,90E8EAD6105D
0x90f63a,90E8097B155D
0x90fb09,90E8BAD1105D
0x90fb71,90E8D275155D
0x910039,90E88ACC105D
0x91009e,90E8A570155D
0x910559,90E86AC7105D
0x9105bd,90E8866B155D
0x910b69,90E85AC1105D
0x910bba,90E88965155D
0x910f39,90E88ABD105D
0x910f9a,90E8A961155D
0x911519,90E8AAB7105D
0x91157e,90E8C55B155D
0x911b89,90E83AB1105D
0x911bfa,90E84955155D
0x911fe9,90E8DAAC105D
0x91204a,90E8F950155D
0x91260a,90E8B9A6105D
0x91298a,90E839A3105D
0x912a9f,90E824A2105D
0x912aef,90E8D4A1105D
0x912b4d,90E876A1105D
0x912b8a,90E839A1105D
0x912cbd,90E806A0105D
0x912cfa,90E8C99F105D
0x912e2d,90E8969E105D
0x912e6a,90E8599E105D
0x912fff,90E8C49C105D
0x91406a,90E8598C105D
0x91429f,90E8248A105D
0x9154b1,90E853180D5D
0x9159f1,90E813130D5D
0x918e21,90E8A23E105D
0x918e2e,90E8953E105D
0x9190fe,90E8C53B105D
0x9191b1,90E8123B105D
0x9191be,90E8053B105D
0x919477,90E84C38105D
0x9194fe,90E8C537105D
0x919587,90E83C37105D
0x919627,90E89C36105D
0x91974d,90E87635105D
0x91975a,90E86935105D
0x919a88,90E897CF0C5D
0x919ab8,90E867CF0C5D
0x919b18,90E807CF0C5D
0x919d28,90E8F7CC0C5D
0x919f38,90E8E7CA0C5D
0x919f9f,90E8951F0F5D
0x91a008,90E817CA0C5D
0x91a06f,90E8C51E0F5D
0x91a258,90E8C7C70C5D
0x91a2a9,90E876C70C5D
0x91a2ef,90E8451C0F5D
0x91a38f,90E8A51B0F5D
0x91a3f8,90E827C60C5D
0x91a449,90E8D6C50C5D
0x91a48f,90E8A51A0F5D
0x91a58f,90E8A5190F5D
0x91a5d8,90E847C40C5D
0x91a629,90E8F6C30C5D
0x91a66f,90E8C5180F5D
0x91a75f,90E8D5170F5D
0x91a861,90E8D3160F5D
0x91a93f,90E8F5150F5D
0x91a988,90E897C00C5D
0x91aa9f,90E895140F5D
0x91ab8f,90E8A5130F5D
0x91abef,90E845130F5D
0x91ac7f,90E8B5120F5D
0x91ad0f,90E825120F5D
0x91ad8f,90E8A5110F5D
0x91aeaf,90E885100F5D
0x91af9f,90E8950F0F5D
0x91b0b1,90E8830E0F5D
0x91b141,90E8F30D0F5D
0x91b26f,90E8C50C0F5D
0x91b2d8,90E847B70C5D
0x91b329,90E8F6B60C5D
0x91b36f,90E8C50B0F5D
0x91b45f,90E8D50A0F5D
0x91b4cf,90E8650A0F5D
0x91b55f,90E8D5090F5D
0x91b5cf,90E865090F5D
0x91b64f,90E8E5080F5D
0x91b73f,90E8F5070F5D
0x91b7ff,90E835070F5D
0x91b90f,90E825060F5D
0x91ba4f,90E8E5040F5D
0x91bacf,90E865040F5D
0x91bb71,90E8C3030F5D
0x91bbff,90E835030F5D
0x91bcb1,90E883020F5D
0x91bd8f,90E8A5010F5D
0x91be0f,90E825010F5D
0x91be8f,90E8A5000F5D
0x91bf2f,90E805000F5D
0x91e153,90E8F08F145D
0x91e413,90E8308D145D
0x91e6d3,90E8708A145D
0x91e771,90E852E50F5D
0x91f053,90E8B7C20C5D
0x91f07a,90E890C20C5D
0x91f0d1,90E839C20C5D
0x91f2e8,90E8DBD90F5D
0x91f302,90E8C1D90F5D
0x91f31a,90E8A9D90F5D
0x91f327,90E89CD90F5D
0x91f335,90E88ED90F5D
0x91f342,90E881D90F5D
0x91f370,90E853D90F5D
0x91f37d,90E846D90F5D
0x91f3cd,90E8F6D80F5D
0x91f3da,90E8E9D80F5D
0x91f3fc,90E8C7D80F5D
0x91f4aa,90E819D80F5D
0x91f508,90E8BBD70F5D
0x91f522,90E8A1D70F5D
0x91f53a,90E889D70F5D
0x91f547,90E87CD70F5D
0x91f551,90E872D70F5D
0x91f55e,90E865D70F5D
0x91f576,90E84DD70F5D
0x91f583,90E840D70F5D
0x91f5cd,90E8F6D60F5D
0x91f5da,90E8E9D60F5D
0x91f5fc,90E8C7D60F5D
0x91f6aa,90E819D60F5D
0x91f72a,90E899D50F5D
0x91f7aa,90E819D50F5D
0x91fa28,90E89BD20F5D
0x91fa46,90E87DD20F5D
0x91fa5c,90E867D20F5D
0x91fa6b,90E858D20F5D
0x91faf4,90E8CFD10F5D
0x91fb01,90E8C2D10F5D
0x91fb91,90E832D10F5D
0x91fb9e,90E825D10F5D
0x91fbf3,90E8D0D00F5D
0x91fc04,90E8BFD00F5D
0x91fc2f,90E894D00F5D
0x91fe9c,90E8836B0C5D
0x91feec,90E8336B0C5D
0x91ff9c,90E8836A0C5D
0x9203ac,90E873660C5D
0x92068c,90E893630C5D
0x9206fc,90E823630C5D
0x920818,90E807620C5D
0x920879,90E8A6610C5D
0x9208a8,90E877610C5D
0x920909,90E816610C5D
0x9209d8,90E847600C5D
0x920a39,90E8E65F0C5D
0x920c3c,90E8E35D0C5D
0x921048,90E8D7590C5D
0x9210a9,90E876590C5D
0x921468,90E85BB80F5D
0x921498,90E82BB80F5D
0x9214c8,90E8FBB70F5D
0x9214f8,90E8CBB70F5D
0x921afe,90E80C980C5D
0x921b1f,90E8EB970C5D
0x9220c8,90E857490C5D
0x9220e8,90E837490C5D
0x922118,90E807490C5D
0x922138,90E8E7480C5D
0x9221c8,90E857480C5D
0x9221e8,90E837480C5D
0x922598,90E887440C5D
0x9225b8,90E867440C5D
0x922c7e,90E88C860C5D
0x922c9f,90E86B860C5D
0x922ee8,90E8373B0C5D
0x922f18,90E8073B0C5D
0x922f98,90E8873A0C5D
0x923218,90E807380C5D
0x92326e,90E89C800C5D
0x92328f,90E87B800C5D
0x92355c,90E8C3340C5D
0x92357c,90E8A3340C5D
0x9235cc,90E853340C5D
0x92374c,90E8D3320C5D
0x9238a7,90E8637A0C5D
0x9238d4,90E8367A0C5D
0x923e42,90E843130C5D
0x923ea1,90E805660C5D
0x924462,90E816050C5D
0x924baf,90E855210C5D
0x9261e2,90E896E70B5D
0x9266f6,90E8A7020C5D
0x928308,90E895E60B5D
0x9286f6,90E877A70B5D
0x92b574,90E807A9135D
0x92b591,90E82CE2145D
0x92b5a4,90E8F9BF135D
0x92b5b3,90E802A9135D
0x92b62a,90E88BA8135D
0x92b700,90E8B5A7135D
0x92b71e,90E897A7135D
0x92b7ae,90E8CDA6135D
0x92b831,90E892140F5D
0x92ba37,90E87EA4135D
0x92c0af,90E894B0135D
0x92c267,90E836A70B5D
0x92d184,90E819980B5D
0x92f45f,90E83E750B5D
0x92f8b9,90E80AD40E5D
0x92f93a,90E889D30E5D
0x92fa0d,90E8B6D20E5D
0x92fa5a,90E869D20E5D
0x92fadd,90E8E6D10E5D
0x92ffd2,90E8A6490B5D
0x930441,90E882C80E5D
0x93052d,90E896C70E5D
0x93131e,90E8255E135D
0x931609,90E8BAB60E5D
0x9316fd,90E8C6B50E5D
0x931750,90E873B50E5D
0x9317a6,90E81DB50E5D
0x9317ba,90E809B50E5D
0x93182a,90E899B40E5D
0x931979,90E84AB30E5D
0x931daf,90E814AF0E5D
0x931dcf,90E8F4AE0E5D
0x931e17,90E8ACAE0E5D
0x931e2b,90E898AE0E5D
0x931e56,90E86DAE0E5D
0x931f05,90E81A4B0B5D
0x93201d,90E8A6AC0E5D
0x93207a,90E849AC0E5D
0x932131,90E892AB0E5D
0x9321ec,90E8D7AA0E5D
0x93220d,90E8B6AA0E5D
0x93226a,90E859AA0E5D
0x93231c,90E8274E135D
0x932528,90E89BA70E5D
0x932742,90E8014A135D
0x9327fd,90E8C6A40E5D
0x9328d9,90E8EAA30E5D
0x93293a,90E889A30E5D
0x93295a,90E869A30E5D
0x932b39,90E88AA10E5D
0x932b5a,90E869A10E5D
0x932ce8,90E8373D0B5D
0x932d58,90E8C73C0B5D
0x932da9,90E8763C0B5D
0x932def,90E845910D5D
0x932e5f,90E8D5900D5D
0x932efc,90E8233B0B5D
0x932f58,90E8C73A0B5D
0x932fb9,90E8663A0B5D
0x933018,90E8073A0B5D
0x933038,90E8E7390B5D
0x933098,90E887390B5D
0x9330dc,90E843390B5D
0x933c13,90E8A222135D
0x933c24,90E89122135D
0x933c35,90E88022135D
0x933c46,90E86F22135D
0x933c5a,90E85B22135D
0x93416f,90E80C1D135D
0x934180,90E8FB1C135D
0x934191,90E8EA1C135D
0x934336,90E87F1B135D
0x934347,90E86E1B135D
0x934358,90E85D1B135D
0x93505d,90E85322135D
0x935074,90E83C22135D
0x9350ca,90E8E621135D
0x935118,90E89821135D
0x935264,90E8DF1E135D
0x93527e,90E85A20135D
0x93528d,90E84B20135D
0x93529e,90E80F23135D
0x9352f4,90E8C10B135D
0x93530d,90E8A80B135D
0x9353d4,90E86F1D135D
0x9353ee,90E8C21E135D
0x9353fd,90E8DB1E135D
0x93540c,90E8CC1E135D
0x93541d,90E89021135D
0x935471,90E8440A135D
0x93552f,90E88609135D
0x93563b,90E8751C135D
0x935687,90E8291C135D
0x9357a5,90E89E19135D
0x935835,90E8A31A135D
0x935844,90E8941A135D
0x935853,90E8851A135D
0x935930,90E88505135D
0x9363a6,90E81D690E5D
0x9363b8,90E80B690E5D
0x9363c3,90E800690E5D
0x9367ab,90E8D0F6125D
0x9367bf,90E8BCF6125D
0x9367d0,90E8ABF6125D
0x9367e1,90E89AF6125D
0x9367f2,90E889F6125D
0x936acb,90E8E507135D
0x936b19,90E89707135D
0x936b2c,90E88407135D
0x936b73,90E83D07135D
0x936df3,90E85003135D
0x936e10,90E8C804135D
0x936e1f,90E8B904135D
0x936e2e,90E8AA04135D
0x936e71,90E844F0125D
0x936e8a,90E82BF0125D
0x937033,90E81001135D
0x937050,90E88802135D
0x93705f,90E87902135D
0x93706e,90E86A02135D
0x9370b7,90E8FEED125D
0x9370d0,90E8E5ED125D
0x9371f3,90E850FF125D
0x937210,90E8C800135D
0x93721f,90E8B900135D
0x93722e,90E8AA00135D
0x937275,90E840EC125D
0x93728e,90E827EC125D
0x9385ff,90E881EC125D
0x93866a,90E816EC125D
0x9386cf,90E8B1EB125D
0x9387f8,90E888EA125D
0x93887c,90E804EA125D
0x939085,90E8E2BE0E5D
0x939121,90E846BE0E5D
0x939973,90E8F4B50E5D
0x939a0c,90E85BB50E5D
0x939aa0,90E8C7B40E5D
0x93bb5b,90E842BA125D
0x93bb6e,90E82FBA125D
0x93bb81,90E81CBA125D
0x93bb94,90E809BA125D
0x93bba7,90E8F6B9125D
0x93c3b3,90E8FDAE125D
0x93c404,90E8ACAE125D
0x93c86f,90E8F8860E5D
0x93ca58,90E80F850E5D
0x93e1a1,90E8A28F125D
0x93e1ba,90E84378125D
0x93e1cb,90E85272125D
0x93e283,90E82D90125D
0x93e2a5,90E87871125D
0x93e2c4,90E85971125D
0x93e378,90E8A570125D
0x93e396,90E86776125D
0x93e3de,90E8FA8E125D
0x93e496,90E81F7A125D
0x93e57a,90E8C98B125D
0x93e593,90E86A74125D
0x93e5a4,90E8796E125D
0x93e613,90E89D8C125D
0x93e63c,90E8E16D125D
0x93e65b,90E8C26D125D
0x93e701,90E81C6D125D
0x93e71f,90E8DE72125D
0x93e766,90E8728B125D
0x93e7ea,90E8CB76125D
0x93fba9,90E81AD10D5D
0x93fbc7,90E8FCD00D5D
0x93fbd4,90E8EFD00D5D
0x940743,90E8006A125D
0x94083e,90E80569125D
0x940887,90E8BC68125D
0x940950,90E8F367125D
0x94097f,90E8C467125D
0x941b1a,90E82E200D5D
0x9425f5,90E88B4C125D
0x94272b,90E8554B125D
0x942797,90E8E94A125D
0x942901,90E87F49125D
0x942967,90E81949125D
0x945078,90E8CB20125D
0x945095,90E84322125D
0x9450a4,90E83422125D
0x9450b3,90E82522125D
0x9450f1,90E8C40D125D
0x94519e,90E8A51F125D
0x9451bb,90E81D21125D
0x9451ca,90E80E21125D
0x9451dc,90E8FC20125D
0x94521a,90E89B0C125D
0x945384,90E8BF1D125D
0x94539e,90E83A1F125D
0x9453ad,90E82B1F125D
0x9453bf,90E8191F125D
0x9453fd,90E8B80A125D
0x9454aa,90E8991C125D
0x9454c7,90E8111E125D
0x9454d6,90E8021E125D
0x9454e8,90E8F01D125D
0x945526,90E88F09125D
0x9455db,90E8E8760D5D
0x94563e,90E885760D5D
0x945654,90E86F760D5D
0x945758,90E86B750D5D
0x9457bb,90E808750D5D
0x9457d1,90E8F2740D5D
0x945812,90E8A306125D
0x94599a,90E8A917125D
0x9459b7,90E82119125D
0x9459c6,90E81219125D
0x9459d5,90E80319125D
0x945a13,90E8A204125D
0x945ac0,90E88316125D
0x945add,90E8FB17125D
0x945aec,90E8EC17125D
0x945afe,90E8DA17125D
0x945b3c,90E87903125D
0x945cdd,90E86614125D
0x945cfa,90E8DE15125D
0x945d09,90E8CF15125D
0x945d1b,90E8BD15125D
0x945d56,90E85F01125D
0x945e15,90E82E13125D
0x945e2f,90E88114125D
0x945e41,90E89714125D
0x945e50,90E88814125D
0x945e5f,90E87914125D
0x945e9a,90E81B00125D
0x947210,90E85DBC095D
0x9474e3,90E88AB9095D
0x9478f8,90E8B8F9115D
0x947909,90E8A7F9115D
0x947aa3,90E8A0F6115D
0x947ac0,90E818F8115D
0x947acf,90E809F8115D
0x947ade,90E8FAF7115D
0x947b27,90E88EE3115D
0x947b40,90E875E3115D
0x947c63,90E8E0F4115D
0x947c80,90E858F6115D
0x947c8f,90E849F6115D
0x947c9e,90E83AF6115D
0x947ce5,90E8D0E1115D
0x947cfe,90E8B7E1115D
0x947dbb,90E8F5F4115D
0x947e07,90E8A9F4115D
0x94a6d5,90E8EE250D5D
0x94ae1b,90E838B2125D
0x94ae45,90E8ECDC125D
0x94ae50,90E8E1DC125D
0x94ae5f,90E8D2DC125D
0x94ae6a,90E8C7DC125D
0x94af67,90E808B1125D
0x94afb3,90E8BCB0125D
0x94affb,90E858B0125D
0x94b025,90E80CDB125D
0x94b030,90E801DB125D
0x94b03f,90E8F2DA125D
0x94b04a,90E8E7DA125D
0x94b147,90E828AF125D
0x94b18f,90E8E0AE125D
0x94c11c,90E8A70B0D5D
0x94c19a,90E8290B0D5D
0x94c41d,90E8A6080D5D
0x94c47a,90E849080D5D
0x94c52c,90E897070D5D
0x94c54d,90E876070D5D
0x94c5aa,90E819070D5D
0x94c6cd,90E8F6050D5D
0x94c739,90E88A050D5D
0x94c78e,90E8B5A9115D
0x94cbed,90E8D6000D5D
0x94cc2a,90E899000D5D
0x94cc4a,90E879000D5D
0x94ce2d,90E896FE0C5D
0x94db0f,90E825E40B5D
0x94e4b2,90E8C664095D
0x94e994,90E8E774115D
0x94ea22,90E88E88115D
0x94ebcd,90E8E872115D
0x94f894,90E8AF78115D
0x94f8ad,90E8705B115D
0x94f8c9,90E8EC65115D
0x94f8f9,90E8B779115D
0x94f953,90E8AA60115D
0x94f99d,90E81865115D
0x94fa59,90E8EA76115D
0x94fa75,90E8A859115D
0x94fab0,90E80078115D
0x94fb72,90E84363115D
0x94fc09,90E8F45D115D
0x94fc3a,90E8C35D115D
0x94fdb7,90E8FE60115D
0x94ffcf,90E8AC5E115D
0x95007b,90E83572115D
0x950814,90E8A156115D
0x95293f,90E86B95095D
0x952979,90E8CA47115D
0x9529a6,90E80F35115D
0x952bbb,90E8FA32115D
0x952bdd,90E82741095D
0x952bf5,90E8C032115D
0x952d22,90E8561C095D
0x952d89,90E8F230115D
0x952d9c,90E81445115D
0x952de7,90E8C944115D
0x952e4b,90E83030115D
0x952e5c,90E81F30115D
0x952ea6,90E80A44115D
0x952eb4,90E8FC43115D
0x9530c3,90E8ED41115D
0x9530d1,90E8DF41115D
0x953120,90E9952D115D
0x953163,90E8522D115D
0x953174,90E8412D115D
0x953286,90E82A40115D
0x953294,90E81C40115D
0x953326,90E88A3F115D
0x953334,90E87C3F115D
0x953b33,90E84823115D
0x953b8d,90E82337115D
0x953ba2,90E8FE8D125D
0x953bba,90E8E339115D
0x953bcc,90E8E922115D
0x953c1e,90E89236115D
0x953c33,90E86D8D125D
0x953c4b,90E85239115D
0x953c5d,90E85822115D
0x953c78,90E83D22115D
0x953d02,90E87E35115D
0x953d19,90E8BF35115D
0x953d43,90E86D35115D
0x953d4e,90E84F38115D
0x953d5d,90E87B35115D
0x953d94,90E8EC34115D
0x953dc9,90E8EC20115D
0x953e3d,90E87334115D
0x95420a,90E85D0D0D5D
0x954a01,90E84227115D
0x954bf0,90E8D3800C5D
0x954cb1,90E812800C5D
0x954cff,90E8C47F0C5D
0x954d52,90E8717F0C5D
0x954e42,90E8DD1B095D
0x955031,90E8927C0C5D
0x9550d6,90E8ED7B0C5D
0x955106,90E8BD7B0C5D
0x955154,90E86F7B0C5D
0x95519f,90E8247B0C5D
0x9551bb,90E8087B0C5D
0x95538a,90E839790C5D
0x9556f2,90E8511A115D
0x9557b6,90E80D750C5D
0x9557e5,90E8DE740C5D
0x95580d,90E8B6740C5D
0x95583a,90E889740C5D
0x9558e6,90E8DD730C5D
0x95590a,90E8B9730C5D
0x955a8f,90E8A5640B5D
0x956288,90E8CBFD115D
0x9562b0,90E85928125D
0x9562cb,90E888FD115D
0x9562f3,90E81628125D
0x956311,90E85EFD115D
0x9563d5,90E87EFC115D
0x9563f1,90E81827125D
0x95640f,90E860FC115D
0x95648e,90E8C5FB115D
0x956559,90E8B025125D
0x956577,90E8F8FA115D
0x9565f6,90E85DFA115D
0x956652,90E871660C5D
0x95666c,90E857660C5D
0x956679,90E84A660C5D
0x9566b9,90E80A660C5D
0x9566f7,90E8CC650C5D
0x95671e,90E8EB23125D
0x95673c,90E833F9115D
0x9567e2,90E871F8115D
0x956822,90E8A1640C5D
0x956837,90E88C640C5D
0x95687b,90E848640C5D
0x95688d,90E836640C5D
0x9568b2,90E811640C5D
0x9568bd,90E806640C5D
0x956912,90E8B1630C5D
0x956927,90E89C630C5D
0x95696e,90E855630C5D
0x956980,90E843630C5D
0x9569a5,90E81E630C5D
0x9569b0,90E813630C5D
0x956cd6,90E8ED5F0C5D
0x956ce3,90E8E05F0C5D
0x956df8,90E8CB5E0C5D
0x956e0a,90E8B95E0C5D
0x956e17,90E8AC5E0C5D
0x957186,90E83D5B0C5D
0x9571b6,90E80D5B0C5D
0x9571e6,90E8DD5A0C5D
0x957216,90E8AD5A0C5D
0x95728f,90E8345A0C5D
0x957392,90E831590C5D
0x95748a,90E839580C5D
0x9574aa,90E819580C5D
0x9577a4,90E81F550C5D
0x9577b8,90E80B550C5D
0x9577f4,90E8CF540C5D
0x957876,90E84D540C5D
0x9578a6,90E81D540C5D
0x9578fa,90E8C9530C5D
0x957c62,90E8E1F4105D
0x957f6d,90E84C0E125D
0x958001,90E8B80D125D
0x958046,90E829E0115D
0x9580ba,90E8094C0C5D
0x95811a,90E8A94B0C5D
0x95836f,90E8C53B0B5D
0x9583e3,90E8C917125D
0x9586b0,90E80907125D
0x9586d2,90E89DD9115D
0x958883,90E82913125D
0x958c1e,90E88E0F125D
0x958da9,90E8030E125D
0x959048,90E87B3C0C5D
0x959056,90E86D3C0C5D
0x959061,90E8623C0C5D
0x959118,90E8AB3B0C5D
0x959126,90E89D3B0C5D
0x959131,90E8923B0C5D
0x9591d8,90E8EB3A0C5D
0x9591e6,90E8DD3A0C5D
0x9591f1,90E8D23A0C5D
0x95933b,90E888390C5D
0x95934d,90E876390C5D
0x959358,90E86B390C5D
0x95a059,90E86A2C0C5D
0x95a289,90E83A2A0C5D
0x95a299,90E82A2A0C5D
0x95a533,90E890270C5D
0x95a54d,90E876270C5D
0x95a563,90E860270C5D
0x95a574,90E84F270C5D
0x95a5b8,90E80B270C5D
0x95a5c9,90E8FA260C5D
0x95a69d,90E826260C5D
0x95a6ae,90E815260C5D
0x95a786,90E83D250C5D
0x95a836,90E88D240C5D
0x95a841,90E882240C5D
0x95a990,90E833230C5D
0x95aa1a,90E8A9220C5D
0x95aeff,90E8C41D0C5D
0x95af37,90E88C1D0C5D
0x95af4b,90E8781D0C5D
0x95af76,90E84D1D0C5D
0x95afea,90E8D91C0C5D
0x95b0e1,90E8E21B0C5D
0x95b1ba,90E889BF105D
0x95b3e1,90E8E2180C5D
0x95b4ba,90E889BC105D
0x95b63f,90E884160C5D
0x95b82a,90E899140C5D
0x95b899,90E82A140C5D
0x95bbb8,90E867AE085D
0x95bc09,90E816AE085D
0x95bc58,90E8C7AD085D
0x95bcd9,90E846AD085D
0x95bd28,90E8F7AC085D
0x95bd58,90E8C7AC085D
0x95bdb8,90E867AC085D
0x95bdfc,90E823AC085D
0x95ce3c,90E887FE0B5D
0x95ce49,90E87AFE0B5D
0x95d036,90E88DFC0B5D
0x95d043,90E880FC0B5D
0x95d212,90E8B1FA0B5D
0x95d224,90E89FFA0B5D
0x95d22f,90E894FA0B5D
0x95d385,90E83EF90B5D
0x95d392,90E831F90B5D
0x95d618,90E8ABF60B5D
0x95d630,90E893F60B5D
0x95d63d,90E886F60B5D
0x95db8e,90E835F10B5D
0x95dba2,90E821F10B5D
0x95dbaf,90E814F10B5D
0x95dc6c,90E857F00B5D
0x95dc79,90E84AF00B5D
0x95dd9c,90E827EF0B5D
0x95ddc4,90E8FFEE0B5D
0x95ddcf,90E8F4EE0B5D
0x95de6e,90E855EE0B5D
0x95dfa5,90E81EED0B5D
0x95dfc1,90E802ED0B5D
0x95dfce,90E8F5EC0B5D
0x95eac6,90E8FDE10B5D
0x95eaf1,90E8D2E10B5D
0x95eafc,90E8C7E10B5D
0x95eb8d,90E836E10B5D
0x95ebb8,90E80BE10B5D
0x95ebc3,90E800E10B5D
0x95ee91,90E832DE0B5D
0x95efa9,90E81ADD0B5D
0x95f03a,90E889DC0B5D
0x95f4ca,90E8797C105D
0x95f76d,90E856D50B5D
0x95f7ad,90E816D50B5D
0x95f8bb,90E88878105D
0x95f9ac,90E817D30B5D
0x95f9cd,90E8F6D20B5D
0x95fa2a,90E899D20B5D
0x95fd39,90E88ACF0B5D
0x95fd8a,90E8B973105D
0x96034f,90E874C90B5D
0x96035c,90E867C90B5D
0x960681,90E842C60B5D
0x96070f,90E825B80A5D
0x96084f,90E8E5B60A5D
0x960de3,90E86063105D
0x960e41,90E882BE0B5D
0x960fe8,90E8DBBC0B5D
0x961006,90E8BDBC0B5D
0x96101c,90E8A7BC0B5D
0x96102b,90E898BC0B5D
0x9610b4,90E80FBC0B5D
0x9610c1,90E802BC0B5D
0x961151,90E872BB0B5D
0x96115e,90E865BB0B5D
0x9611b3,90E810BB0B5D
0x9611c4,90E8FFBA0B5D
0x9611ef,90E8D4BA0B5D
0x9614fa,90E8C9B70B5D
0x961568,90E85BB70B5D
0x961e8e,90E835AE0B5D
0x961ea3,90E820AE0B5D
0x9620ab,90E818AC0B5D
0x96216b,90E858AB0B5D
0x962261,90E862AA0B5D
0x96230f,90E8B4A90B5D
0x9623da,90E8E9A80B5D
0x9624fe,90E8C5A70B5D
0x9625d8,90E8EBA60B5D
0x9626dd,90E8E6A50B5D
0x962788,90E83BA50B5D
0x96282c,90E897A40B5D
0x9628ed,90E8D6A30B5D
0x962a21,90E8A2A20B5D
0x962b39,90E88AA10B5D
0x962bf6,90E8CDA00B5D
0x962c71,90E852A00B5D
0x962c7c,90E847A00B5D
0x962d79,90E84A9F0B5D
0x962ec4,90E8FF9D0B5D
0x962f9e,90E8A541105D
0x96325e,90E8659A0B5D
0x963275,90E84E9A0B5D
0x9632da,90E8E9990B5D
0x96335a,90E869990B5D
0x9633da,90E8E9980B5D
0x9633fa,90E8C9980B5D
0x963451,90E872980B5D
0x9634aa,90E819980B5D
0x9634b5,90E80E980B5D
0x96352a,90E899970B5D
0x96358a,90E839970B5D
0x9637fa,90E84939105D
0x963ee9,90E8DA8D0B5D
0x963f29,90E89A8D0B5D
0x963fbc,90E88731105D
0x96431d,90E8A6890B5D
0x96435a,90E869890B5D
0x9643ea,90E8D9880B5D
0x96442d,90E896880B5D
0x96477d,90E846850B5D
0x9647ed,90E8D6840B5D
0x96480a,90E8B9840B5D
0x9649bc,90E807830B5D
0x9649dd,90E8E6820B5D
0x964a3a,90E889820B5D
0x964ce1,90E8E27F0B5D
0x964d9c,90E8277F0B5D
0x964dbd,90E8067F0B5D
0x964e1a,90E8A97E0B5D
0x964eca,90E87922105D
0x96511c,90E8A77B0B5D
0x96513d,90E8867B0B5D
0x96519a,90E8297B0B5D
0x9652dd,90E8E6790B5D
0x96537d,90E846790B5D
0x965601,90E8C2760B5D
0x9656da,90E8691A105D
0x96593d,90E886730B5D
0x96599d,90E826730B5D
0x965a19,90E8AA720B5D
0x965a6e,90E8D516105D
0x965d99,90E82A6F0B5D
0x965dfa,90E84913105D
0x96649c,90E827680B5D
0x9664bd,90E806680B5D
0x96651a,90E8A9670B5D
0x96679a,90E829650B5D
0x966b19,90E8AA610B5D
0x966b6e,90E8D505105D
0x96722f,90E8054D0A5D
0x96729f,90E8954C0A5D
0x96733f,90E8F54B0A5D
0x9673cf,90E8654B0A5D
0x967e4d,90E8764E0B5D
0x967e61,90E8624E0B5D
0x967e6e,90E8554E0B5D
0x967fcd,90E8F64C0B5D
0x967fe1,90E8E24C0B5D
0x967fee,90E8D54C0B5D
0x968277,90E84C4A0B5D
0x96828b,90E8384A0B5D
0x96829c,90E8274A0B5D
0x968317,90E8AC490B5D
0x96832b,90E898490B5D
0x96833c,90E887490B5D
0x9683e4,90E8DF480B5D
0x9684b9,90E80A480B5D
0x9684c4,90E8FF470B5D
0x968593,90E830470B5D
0x9685a9,90E81A470B5D
0x9685b6,90E80D470B5D
0x968647,90E87C460B5D
0x968659,90E86A460B5D
0x96866a,90E859460B5D
0x968e1a,90E8A93E0B5D
0x968e27,90E89C3E0B5D
0x968f2a,90E8993D0B5D
0x968f37,90E88C3D0B5D
0x9694ad,90E816380B5D
0x96959b,90E8A8DB0F5D
0x9697b1,90E812350B5D
0x96985d,90E866340B5D
0x96986a,90E859340B5D
0x969b1f,90E815240A5D
0x96a083,90E8C0D00F5D
0x96a0e1,90E8E22B0B5D
0x96a3aa,90E819290B5D
0x96a428,90E89B280B5D
0x96a446,90E87D280B5D
0x96a45c,90E867280B5D
0x96a46b,90E858280B5D
0x96a4f4,90E8CF270B5D
0x96a501,90E8C2270B5D
0x96a591,90E832270B5D
0x96a59e,90E825270B5D
0x96a5f3,90E8D0260B5D
0x96a604,90E8BF260B5D
0x96a62f,90E894260B5D
0x96a6d8,90E8EB250B5D
0x96addf,90E864C30F5D
0x96af5f,90E81CAF0F5D
0x96af71,90E82CC60F5D
0x96af8a,90E82BAF0F5D
0x96ddc9,90E87A930F5D
0x96de48,90E8FB920F5D
0x96de6e,90E812940F5D
0x96de87,90E896750F5D
0x96dead,90E839960F5D
0x96debe,90E85F750F5D
0x96ded7,90E87DEA105D
0x96deed,90E8B0960F5D
0x96deff,90E8B67F0F5D
0x96df1c,90E8A7ED0A5D
0x96df29,90E89AED0A5D
0x96df58,90E86BED0A5D
0x96df65,90E85EED0A5D
0x96df7a,90E83B7F0F5D
0x96df8c,90E8297F0F5D
0x96dfdc,90E8E7EC0A5D
0x96e08b,90E8B8900F5D
0x96e10b,90E8B8EB0A5D
0x96e118,90E8ABEB0A5D
0x96e15f,90E864EB0A5D
0x96e16c,90E857EB0A5D
0x96e183,90E840EB0A5D
0x96e194,90E82FEB0A5D
0x96e1fc,90E8C7EA0A5D
0x96e2a4,90E89F8E0F5D
0x96e337,90E8498F0F5D
0x96e354,90E800E6105D
0x96e36a,90E833920F5D
0x96e37c,90E8397B0F5D
0x96e3cb,90E8EA7A0F5D
0x96e3fc,90E8B97A0F5D
0x96e497,90E82CE80A5D
0x96e4ab,90E818E80A5D
0x96e506,90E8AF790F5D
0x96e547,90E86E790F5D
0x96e588,90E82D790F5D
0x96e5c9,90E8EC780F5D
0x96e60a,90E8AB780F5D
0x96e64b,90E86A780F5D
0x96e68c,90E829780F5D
0x96e6cd,90E8E8770F5D
0x96e70e,90E8A7770F5D
0x96e74f,90E866770F5D
0x96e790,90E825770F5D
0x96e7d1,90E8E4760F5D
0x96e812,90E8A3760F5D
0x96e853,90E862760F5D
0x96e894,90E821760F5D
0x96e8d5,90E8E0750F5D
0x96e916,90E89F750F5D
0x96e957,90E85E750F5D
0x96e998,90E81D750F5D
0x96e9d9,90E8DC740F5D
0x96ea1a,90E89B740F5D
0x96ea5b,90E85A740F5D
0x96ea9c,90E819740F5D
0x96eadd,90E8D8730F5D
0x96eb1e,90E897730F5D
0x96eb5f,90E856730F5D
0x96eba0,90E815730F5D
0x96ebe1,90E8D4720F5D
0x96ec22,90E893720F5D
0x96ec63,90E852720F5D
0x96eca4,90E811720F5D
0x96ece5,90E8D0710F5D
0x96ed26,90E88F710F5D
0x96ed67,90E84E710F5D
0x96eda8,90E80D710F5D
0x96ede9,90E8CC700F5D
0x96ee2a,90E88B700F5D
0x96ee6b,90E84A700F5D
0x96eeac,90E809700F5D
0x96eeed,90E8C86F0F5D
0x96ef2e,90E8876F0F5D
0x96ef6f,90E8466F0F5D
0x96efb0,90E8056F0F5D
0x96eff1,90E8C46E0F5D
0x96f032,90E8836E0F5D
0x96f073,90E8426E0F5D
0x96f0b4,90E8016E0F5D
0x96f0f5,90E8C06D0F5D
0x96f136,90E87F6D0F5D
0x96f177,90E83E6D0F5D
0x96f1b8,90E8FD6C0F5D
0x96f1f9,90E8BC6C0F5D
0x96f23a,90E87B6C0F5D
0x96f27b,90E83A6C0F5D
0x96f2bc,90E8F96B0F5D
0x96f2fd,90E8B86B0F5D
0x96f33e,90E8776B0F5D
0x96f37f,90E8366B0F5D
0x96f3c0,90E8F56A0F5D
0x96f401,90E8B46A0F5D
0x96f442,90E8736A0F5D
0x96f483,90E8326A0F5D
0x96f4c4,90E8F1690F5D
0x96f505,90E8B0690F5D
0x96f546,90E86F690F5D
0x96f587,90E82E690F5D
0x96f5c8,90E8ED680F5D
0x96f609,90E8AC680F5D
0x96f64a,90E86B680F5D
0x96f68b,90E82A680F5D
0x96f6cc,90E8E9670F5D
0x96f70d,90E8A8670F5D
0x96f74e,90E867670F5D
0x96f78f,90E826670F5D
0x96f7d0,90E8E5660F5D
0x96f811,90E8A4660F5D
0x96f852,90E863660F5D
0x96f893,90E822660F5D
0x96f8d4,90E8E1650F5D
0x96f915,90E8A0650F5D
0x96f956,90E85F650F5D
0x96f997,90E81E650F5D
0x96f9d8,90E8DD640F5D
0x96fa19,90E89C640F5D
0x96fa5a,90E85B640F5D
0x96fa9b,90E81A640F5D
0x96faad,90E808640F5D
0x96fad0,90E9E5630F5D
0x96fb20,90E89D9C105D
0x970087,90E82E5E0F5D
0x97032f,90E894C90A5D
0x97034f,90E874C90A5D
0x9703be,90E805C90A5D
0x9703f1,90E8D2C80A5D
0x970401,90E8C2C80A5D
0x97048a,90E839C80A5D
0x970504,90E8BFC70A5D
0x970518,90E8ABC70A5D
0x970543,90E880C70A5D
0x970612,90E8A3580F5D
0x9706a7,90E80E580F5D
0x970769,90E85AC50A5D
0x9707ea,90E8D9C40A5D
0x970818,90E8ABC40A5D
0x970849,90E86C560F5D
0x970a44,90E83C680F5D
0x970ac6,90E8BA670F5D
0x970b14,90E8A1530F5D
0x970b6c,90E8D7650F5D
0x970c13,90E8B0C00A5D
0x970c38,90E88BC00A5D
0x970c69,90E85AC00A5D
0x970cba,90E809C00A5D
0x970cd3,90E8AD650F5D
0x970e29,90E88C500F5D
0x970e83,90E81A670F5D
0x970f0f,90E825B0095D
0x971000,90E880620F5D
0x971027,90E88E4E0F5D
0x971059,90E85C4E0F5D
0x9710b3,90E8EA640F5D
0x971123,90E87A640F5D
0x971150,90E9654D0F5D
0x971183,90E81A640F5D
0x97124a,90E836600F5D
0x971270,90E9454C0F5D
0x971282,90E8334C0F5D
0x9712d9,90E8C4620F5D
0x97133e,90E8425F0F5D
0x971364,90E8514B0F5D
0x97140c,90E83976105D
0x971428,90E84B95095D
0x9714a4,90E81FB80A5D
0x971529,90E8464B105D
0x9715d2,90E8F1B60A5D
0x9715fd,90E8B193095D
0x97161b,90E82A74105D
0x97166d,90E8024A105D
0x971709,90E83C73105D
0x97171c,90E82973105D
0x97173d,90E83692095D
0x9717cc,90E8B560075D
0x9717fd,90E87248105D
0x97180f,90E86048105D
0x971822,90E84D48105D
0x971834,90E83B48105D
0x9718b7,90E88E71105D
0x9718ca,90E87B71105D
0x9718eb,90E88890095D
0x971914,90E8AFB30A5D
0x97197a,90E8075F075D
0x97198b,90E838B30A5D
0x971998,90E82BB30A5D
0x9719e6,90E88946105D
0x9719f8,90E87746105D
0x971b85,90E8EA44105D
0x971c0a,90E8B9B00A5D
0x971c9a,90E829B00A5D
0x971da3,90E9CC42105D
0x971dcd,90E8F6AE0A5D
0x971e2a,90E899AE0A5D
0x971e4d,90E876AE0A5D
0x971eda,90E8E9AD0A5D
0x971fdb,90E868510F5D
0x9720ad,90E816AC0A5D
0x97214d,90E876AB0A5D
0x9722c2,90E801AA0A5D
0x9722cf,90E8F4A90A5D
0x9724f5,90E87A3B105D
0x972553,90E91C3B105D
0x97258f,90E8A599095D
0x9725f3,90E87C3A105D
0x972603,90E96C3A105D
0x9729f3,90E850470F5D
0x972a41,90E882A20A5D
0x972aac,90E8C335105D
0x972b68,90E85BA10A5D
0x972b82,90E841A10A5D
0x972b9a,90E829A10A5D
0x972ba7,90E81CA10A5D
0x972bb1,90E812A10A5D
0x972bbe,90E805A10A5D
0x972bd6,90E8EDA00A5D
0x972be3,90E8E0A00A5D
0x972c2d,90E896A00A5D
0x972c3a,90E889A00A5D
0x972c5c,90E867A00A5D
0x9730b9,90E88A400F5D
0x9730e4,90E8F4410F5D
0x9730f1,90E8E7410F5D
0x97310a,90E8CE410F5D
0x973117,90E8C1410F5D
0x973130,90E8A8410F5D
0x973147,90E891410F5D
0x973154,90E884410F5D
0x97316d,90E86B410F5D
0x97317a,90E85E410F5D
0x973193,90E845410F5D
0x9731a0,90E838410F5D
0x9731b9,90E81F410F5D
0x9731c6,90E812410F5D
0x9731df,90E8F9400F5D
0x9731ec,90E8EC400F5D
0x973202,90E8D6400F5D
0x97320f,90E8C9400F5D
0x973225,90E8B3400F5D
0x973232,90E8A6400F5D
0x973248,90E890400F5D
0x973255,90E883400F5D
0x973264,90E874400F5D
0x9733ef,90E8F844075D
0x9733f6,90E87E2F065D
0x973486,90E82F2A0F5D
0x973546,90E87D970A5D
0x973558,90E86B970A5D
0x973563,90E860970A5D
0x973714,90E8AF950A5D
0x973788,90E83B950A5D
0x973797,90E82C950A5D
0x97386c,90E857940A5D
0x973d4d,90E8768F0A5D
0x973e0c,90E8B78E0A5D
0x973e2d,90E8968E0A5D
0x973e8a,90E8398E0A5D
0x973f3a,90E809320F5D
0x974199,90E82A8B0A5D
0x974201,90E8422F0F5D
0x974891,90E8A376095D
0x9748f2,90E8CB28075D
0x97556f,90E854770A5D
0x975601,90E8C2760A5D
0x975771,90E852750A5D
0x9758f0,90E8D3730A5D
0x97598a,90E839730A5D
0x975e31,90E8926E0A5D
0x975ef1,90E8D26D0A5D
0x975f3f,90E8846D0A5D
0x975fb1,90E8126D0A5D
0x9762f3,90E8B341075D
0x9762fe,90E8933D075D
0x9765e1,90E8E2660A5D
0x9769a1,90E822630A5D
0x976b79,90E82D39075D
0x976b87,90E80A35075D
0x976d5f,90E8645F0A5D
0x976dab,90E8185F0A5D
0x976e3c,90E8875E0A5D
0x976ea6,90E81D5E0A5D
0x976f3f,90E8845D0A5D
0x976f68,90E85B5D0A5D
0x976fb2,90E8115D0A5D
0x976fc6,90E8FD5C0A5D
0x977000,90E8C35C0A5D
0x977149,90E87A5B0A5D
0x977482,90E8C1FC0E5D
0x977539,90E88A570A5D
0x9775aa,90E819570A5D
0x9777a1,90E89347095D
0x977caf,90E88542095D
0x977dc1,90E8D022075D
0x977dd1,90E8D526075D
0x977e72,90E806CB065D
0x977f4d,90E87018105D
0x977f85,90E830DF0E5D
0x977f8f,90E826DF0E5D
0x977ffd,90E8C017105D
0x978038,90E87DDE0E5D
0x978042,90E873DE0E5D
0x978492,90E84CC9065D
0x97862d,90E89011105D
0x978665,90E850D80E5D
0x97866f,90E846D80E5D
0x9786dd,90E8E010105D
0x978718,90E89DD70E5D
0x978722,90E893D70E5D
0x978b2d,90E896410A5D
0x978d5a,90E8E9E30E5D
0x978fac,90E8173D0A5D
0x978fcd,90E8F63C0A5D
0x97902a,90E8993C0A5D
0x979209,90E8BA3A0A5D
0x979261,90E8E2DE0E5D
0x979701,90E83328095D
0x979802,90E8DCB5065D
0x9799ad,90E810FE0F5D
0x9799e5,90E8D0C40E5D
0x9799ef,90E8C6C40E5D
0x979a5d,90E860FD0F5D
0x979a98,90E81DC40E5D
0x979aa2,90E813C40E5D
0x979bd6,90E8ED300A5D
0x979bea,90E8D9300A5D
0x979bf9,90E8CA300A5D
0x979f72,90E8512D0A5D
0x979f82,90E8412D0A5D
0x979f91,90E8322D0A5D
0x97a029,90E89A2C0A5D
0x97a039,90E88A2C0A5D
0x97a048,90E87B2C0A5D
0x97a62d,90E896260A5D
0x97a85a,90E8E9C80E5D
0x97aabc,90E807220A5D
0x97aadd,90E8E6210A5D
0x97ab3a,90E889210A5D
0x97ad29,90E89A1F0A5D
0x97ad81,90E8C2C30E5D
0x97b2d1,90E8630C095D
0x97b48d,90E830E30F5D
0x97b4c5,90E8F0A90E5D
0x97b4cf,90E8E6A90E5D
0x97b53d,90E880E20F5D
0x97b578,90E83DA90E5D
0x97b582,90E833A90E5D
0x97baad,90E816120A5D
0x97bc41,90E882100A5D
0x97beda,90E869B20E5D
0x97c1ea,90E859AF0E5D
0x97c47c,90E847080A5D
0x97c49d,90E826080A5D
0x97c4fa,90E8C9070A5D
0x97c70c,90E8B7050A5D
0x97c72d,90E896050A5D
0x97c78a,90E839050A5D
0x97c969,90E85A030A5D
0x97c9c1,90E882A70E5D
0x97cd49,90E87AFF095D
0x97cd9e,90E8A5A30E5D
0x97d16a,90E859FB095D
0x97d561,90E8D3E9085D
0x97d5cf,90E865E9085D
0x97d6f2,90E8EC76065D
0x97d88d,90E830BF0F5D
0x97d8c5,90E8F0850E5D
0x97d8cf,90E8E6850E5D
0x97d93d,90E880BE0F5D
0x97d978,90E83D850E5D
0x97d982,90E833850E5D
0x97f84d,90E876D4095D
0x97fa8a,90E8B9760E5D
0x97fcfc,90E8C7CF095D
0x97fd1d,90E8A6CF095D
0x97fd7a,90E849CF095D
0x97ff69,90E85ACD095D
0x97ffc1,90E882710E5D
0x9805c1,90E873B9085D
0x9806c2,90E81C47065D
0x98081d,90E8A08F0F5D
0x980851,90E864560E5D
0x9808bd,90E8008F0F5D
0x9808f8,90E8BD550E5D
0x980902,90E8B3550E5D
0x980ced,90E8D6BF095D
0x980e26,90E89DBE095D
0x980e66,90E85DBE095D
0x980e7a,90E849BE095D
0x980eef,90E8D4BD095D
0x980f0f,90E8B4BD095D
0x980f54,90E86FBD095D
0x980f68,90E85BBD095D
0x980fa4,90E81FBD095D
0x981168,90E85BBB095D
0x9814b2,90E8915C0E5D
0x981569,90E85AB7095D
0x9815ca,90E8F9B6095D
0x9815fa,90E8C9B6095D
0x981649,90E87AB6095D
0x98166a,90E859B6095D
0x981811,90E823A7085D
0x981b64,90E85FB1095D
0x981b74,90E84FB1095D
0x981ced,90E8D07A0F5D
0x981d25,90E890410E5D
0x981d2f,90E886410E5D
0x981d9d,90E8207A0F5D
0x981dd8,90E8DD400E5D
0x981de2,90E8D3400E5D
0x98209f,90E824AC095D
0x9820d1,90E8F2AB095D
0x9820e1,90E8E2AB095D
0x98213f,90E884AB095D
0x98215f,90E864AB095D
0x982194,90E82FAB095D
0x9821a8,90E81BAB095D
0x9821d4,90E8EFAA095D
0x982388,90E83BA9095D
0x982622,90E8214B0E5D
0x9826d9,90E8EAA5095D
0x982703,90E8C0A5095D
0x982728,90E89BA5095D
0x98274a,90E879A5095D
0x98276a,90E859A5095D
0x9827f9,90E8CAA4095D
0x98281a,90E8A9A4095D
0x9829df,90E85595085D
0x982d72,90E86C20065D
0x982e4d,90E870690F5D
0x982e85,90E830300E5D
0x982e8f,90E826300E5D
0x982efd,90E8C0680F5D
0x982f38,90E87D2F0E5D
0x982f42,90E8732F0E5D
0x983132,90E8919B095D
0x983146,90E87D9B095D
0x983155,90E86E9B095D
0x983d80,90E8438F095D
0x983d90,90E8338F095D
0x983d9f,90E8248F095D
0x983e23,90E8A08E095D
0x983e33,90E8908E095D
0x983e42,90E8818E095D
0x983ec6,90E8FD8D095D
0x983ed6,90E8ED8D095D
0x983ee5,90E8DE8D095D
0x983f69,90E85A8D095D
0x983f79,90E84A8D095D
0x983f88,90E83B8D095D
0x984159,90E86A8B095D
0x984169,90E85A8B095D
0x984178,90E84B8B095D
0x984201,90E8C28A095D
0x984211,90E8B28A095D
0x984220,90E8A38A095D
0x9847b2,90E82C06065D
0x98498d,90E8304E0F5D
0x9849c5,90E8F0140E5D
0x9849cf,90E8E6140E5D
0x984a3d,90E8804D0F5D
0x984a78,90E83D140E5D
0x984a82,90E833140E5D
0x984cb7,90E80C80095D
0x984ccb,90E8F87F095D
0x984cda,90E8E97F095D
0x985156,90E86D7B095D
0x98516a,90E8597B095D
0x985179,90E84A7B095D
0x985296,90E82D7A095D
0x98539d,90E82679095D
0x9855ca,90E8791B0E5D
0x98581c,90E8A774095D
0x98583d,90E88674095D
0x98589a,90E82974095D
0x985a79,90E84A72095D
0x985ad1,90E872160E5D
0x985f71,90E8C35F085D
0x986072,90E86CED055D
0x98620d,90E8B0350F5D
0x986245,90E870FC0D5D
0x98624f,90E866FC0D5D
0x9862bd,90E800350F5D
0x9862f8,90E8BDFB0D5D
0x986302,90E8B3FB0D5D
0x986791,90E83265095D
0x98679f,90E82465095D
0x9867aa,90E81965095D
0x9868dd,90E8E663095D
0x986b1a,90E829060E5D
0x986d9c,90E8275F095D
0x986dbd,90E8065F095D
0x986e1a,90E8A95E095D
0x987089,90E83A5C095D
0x9870e1,90E862000E5D
0x987651,90E8E348085D
0x9876d4,90E8EF55095D
0x9876e4,90E8DF55095D
0x98785d,90E8601F0F5D
0x987895,90E820E60D5D
0x98789f,90E816E60D5D
0x98790d,90E8B01E0F5D
0x987948,90E86DE50D5D
0x987952,90E863E50D5D
0x987a66,90E85D52095D
0x987a78,90E84B52095D
0x987a83,90E84052095D
0x987b6b,90E85851095D
0x987b97,90E82C51095D
0x987be7,90E8DC50095D
0x987c39,90E88A50095D
0x987ddb,90E8E84E095D
0x987e69,90E85A4E095D
0x987ea1,90E8224E095D
0x987eb1,90E8124E095D
0x987f0f,90E8B44D095D
0x987f2f,90E8944D095D
0x987f72,90E8514D095D
0x987f86,90E83D4D095D
0x987fc0,90E8034D095D
0x988178,90E84B4B095D
0x98847c,90E8C7EC0D5D
0x988529,90E89A47095D
0x98858a,90E83947095D
0x9885ba,90E80947095D
0x988609,90E8BA46095D
0x98862a,90E89946095D
0x9887cf,90E86537085D
0x988c12,90E8CCC1055D
0x988ded,90E8D0090F5D
0x988e25,90E890D00D5D
0x988e2f,90E886D00D5D
0x988e9d,90E820090F5D
0x988ed8,90E8DDCF0D5D
0x988ee2,90E8D3CF0D5D
0x989271,90E8523A095D
0x98949a,90E8A9DC0D5D
0x98970c,90E8B735095D
0x98972d,90E89635095D
0x98978a,90E83935095D
0x9899c9,90E8FA32095D
0x989a1e,90E825D70D5D
0x989eef,90E84520085D
0x989fe2,90E8FCAD055D
0x98a093,90E822BE0D5D
0x98a0a4,90E811BE0D5D
0x98a0b8,90E8FDBD0D5D
0x98a20d,90E8B0F50E5D
0x98a245,90E870BC0D5D
0x98a24f,90E866BC0D5D
0x98a2bd,90E800F50E5D
0x98a2f8,90E8BDBB0D5D
0x98a302,90E8B3BB0D5D
0x98a497,90E82C28095D
0x98a4a7,90E81C28095D
0x98a4b6,90E80D28095D
0x98ab3a,90E876C70D5D
0x98aba9,90E807C70D5D
0x98ac18,90E898C60D5D
0x98b18a,90E8391B095D
0x98b19a,90E8291B095D
0x98b1a9,90E81A1B095D
0x98b238,90E88B1A095D
0x98b248,90E87B1A095D
0x98b257,90E86C1A095D
0x98b2e6,90E8DD19095D
0x98b2f6,90E8CD19095D
0x98b305,90E8BE19095D
0x98b394,90E82F19095D
0x98b3a4,90E81F19095D
0x98b3b3,90E81019095D
0x98b442,90E88118095D
0x98b452,90E87118095D
0x98b461,90E86218095D
0x98b4f0,90E8D317095D
0x98b500,90E8C317095D
0x98b50f,90E8B417095D
0x98b73b,90E840A70D5D
0x98b74f,90E82CA70D5D
0x98b760,90E81BA70D5D
0x98b9ed,90E8D612095D
0x98bcce,90E8B2B50D5D
0x98bce9,90E897B50D5D
0x98bd01,90E87FB50D5D
0x98c05a,90E8E9B00D5D
0x98c29c,90E8270A095D
0x98c2bd,90E8060A095D
0x98c31a,90E8A909095D
0x98c559,90E86A07095D
0x98c5ad,90E896AB0D5D
0x98ca91,90E8A3F4075D
0x98cbb2,90E82C82055D
0x98cd6d,90E850CA0E5D
0x98cda5,90E810910D5D
0x98cdaf,90E806910D5D
0x98ce1d,90E8A0C90E5D
0x98ce58,90E85D900D5D
0x98ce62,90E853900D5D
0x98d31e,90E8A5F9085D
0x98d332,90E891F9085D
0x98d341,90E882F9085D
0x98d3b1,90E812F9085D
0x98d3c8,90E8FBF8085D
0x98d3d7,90E8ECF8085D
0x98d472,90E851F8085D
0x98d489,90E83AF8085D
0x98d498,90E82BF8085D
0x98d532,90E891F7085D
0x98d549,90E87AF7085D
0x98d558,90E86BF7085D
0x98d5f3,90E8D0F6085D
0x98d60a,90E8B9F6085D
0x98d619,90E8AAF6085D
0x98d6b3,90E810F6085D
0x98d6ca,90E8F9F5085D
0x98d6d9,90E8EAF5085D
0x98d774,90E84FF5085D
0x98d78b,90E838F5085D
0x98d79a,90E829F5085D
0x98d834,90E88FF4085D
0x98d84b,90E878F4085D
0x98d85a,90E869F4085D
0x98d8f5,90E8CEF3085D
0x98d90c,90E8B7F3085D
0x98d91b,90E8A8F3085D
0x98d9b5,90E80EF3085D
0x98d9cc,90E8F7F2085D
0x98d9db,90E8E8F2085D
0x98da76,90E84DF2085D
0x98da8d,90E836F2085D
0x98da9c,90E827F2085D
0x98db36,90E88DF1085D
0x98db4d,90E876F1085D
0x98db5c,90E867F1085D
0x98f3bc,90E8A73F055D
0x98f88d,90E836D4085D
0x98faba,90E889760D5D
0x98fd0c,90E8B7CF085D
0x98fd2d,90E896CF085D
0x98fd8a,90E839CF085D
0x98ff69,90E85ACD085D
0x98ffc1,90E882710D5D
0x990461,90E8D3BA075D
0x9905fd,90E8C0910E5D
0x990631,90E884580D5D
0x99069d,90E820910E5D
0x9906d8,90E8DD570D5D
0x9906e2,90E8D3570D5D
0x9907dd,90E8E6C4085D
0x9908eb,90E8D8C3085D
0x990926,90E89DC3085D
0x99093a,90E889C3085D
0x99099f,90E824C3085D
0x9909bf,90E804C3085D
0x9909f7,90E8CCC2085D
0x990a0b,90E8B8C2085D
0x990a38,90E88BC2085D
0x990be8,90E8DBC0085D
0x990e72,90E8D1620D5D
0x990f29,90E89ABD085D
0x990f8a,90E839BD085D
0x990faa,90E819BD085D
0x990ff9,90E8CABC085D
0x99101a,90E8A9BC085D
0x9911cf,90E865AD075D
0x991532,90E8AC38055D
0x9916cd,90E8F0800E5D
0x991705,90E8B0470D5D
0x99170f,90E8A6470D5D
0x99177d,90E840800E5D
0x9917b8,90E8FD460D5D
0x9917c2,90E8F3460D5D
0x991b9d,90E826B1085D
0x991dca,90E879530D5D
0x99202c,90E897AC085D
0x99204d,90E876AC085D
0x9920aa,90E819AC085D
0x992299,90E82AAA085D
0x9922f1,90E8524E0D5D
0x992841,90E8F396075D
0x992942,90E89C24055D
0x992add,90E8E06C0E5D
0x992b15,90E8A0330D5D
0x992b1f,90E896330D5D
0x992b8d,90E8306C0E5D
0x992bc8,90E8ED320D5D
0x992bd2,90E8E3320D5D
0x992d14,90E8AF9F085D
0x992d24,90E89F9F085D
0x992d33,90E8909F085D
0x992ffd,90E8C69C085D
0x99300f,90E8B49C085D
0x99301a,90E8A99C085D
0x9930b2,90E8119C085D
0x9930c4,90E8FF9B085D
0x9930cf,90E8F49B085D
0x993159,90E80A02055D
0x993317,90E84C00055D
0x9936a1,90E82296085D
0x9936af,90E81496085D
0x9936ba,90E80996085D
0x9937ed,90E8D694085D
0x993a2a,90E819370D5D
0x993cac,90E81790085D
0x993ccd,90E8F68F085D
0x993d2a,90E8998F085D
0x993f99,90E82A8D085D
0x993ff1,90E852310D5D
0x994561,90E8D379075D
0x99464d,90E870510E5D
0x994685,90E830180D5D
0x99468f,90E826180D5D
0x9946fd,90E8C0500E5D
0x994738,90E87D170D5D
0x994742,90E873170D5D
0x994b62,90E87C02055D
0x994cfd,90E8C04A0E5D
0x994d35,90E880110D5D
0x994d3f,90E876110D5D
0x994dad,90E8104A0E5D
0x994de8,90E8CD100D5D
0x994df2,90E8C3100D5D
0x99533d,90E88679085D
0x99557a,90E8C91B0D5D
0x9957ec,90E8D774085D
0x99580d,90E8B674085D
0x99586a,90E85974085D
0x995a59,90E86A72085D
0x995ab1,90E892160D5D
0x9960b1,90E8835E075D
0x99627d,90E840350E5D
0x9962b5,90E800FC0C5D
0x9962bf,90E8F6FB0C5D
0x99632d,90E890340E5D
0x996368,90E84DFB0C5D
0x996372,90E843FB0C5D
0x99648c,90E83768085D
0x99649e,90E82568085D
0x9964a9,90E81A68085D
0x996523,90E8A067085D
0x996535,90E88E67085D
0x996540,90E88367085D
0x996681,90E84266085D
0x9968cc,90E877080D5D
0x996b2c,90E89761085D
0x996b4d,90E87661085D
0x996baa,90E81961085D
0x996d89,90E83A5F085D
0x996dde,90E865030D5D
0x99734f,90E8E54B075D
0x997452,90E88CD9045D
0x9975fd,90E8C0210E5D
0x997635,90E880E80C5D
0x99763f,90E876E80C5D
0x9976ad,90E810210E5D
0x9976e8,90E8CDE70C5D
0x9976f2,90E8C3E70C5D
0x997940,90E88353085D
0x997954,90E86F53085D
0x997963,90E86053085D
0x99996f,90E841D90C5D
0x9999de,90E8D2D80C5D
0x999a4d,90E863D80C5D
0x999abc,90E8F4D70C5D
0x999b2b,90E885D70C5D
0x99abd1,90E8F220085D
0x99abdf,90E8E420085D
0x99abea,90E8D920085D
0x99ad0d,90E8B61F085D
0x99b687,90E8F9BB0C5D
0x99b6a2,90E8DEBB0C5D
0x99b6ba,90E8C6BB0C5D
0x99b6d2,90E8AEBB0C5D
0x99b6ea,90E896BB0C5D
0x99bf9a,90E8A9B10C5D
0x99c1dc,90E8E70A085D
0x99c1fd,90E8C60A085D
0x99c25a,90E8690A085D
0x99c499,90E82A08085D
0x99c4ed,90E856AC0C5D
0x99c9d1,90E863F5065D
0x99caf2,90E8EC82045D
0x99cc8d,90E830CB0D5D
0x99ccc5,90E8F0910C5D
0x99cccf,90E8E6910C5D
0x99cd3d,90E880CA0D5D
0x99cd78,90E83D910C5D
0x99cd82,90E833910C5D
0x99d41d,90E8A6F8075D
0x99d65a,90E8E99A0C5D
0x99d8cc,90E8F7F3075D
0x99d8ed,90E8D6F3075D
0x99d94a,90E879F3075D
0x99db39,90E88AF1075D
0x99db91,90E8B2950C5D
0x99e191,90E8A3DD065D
0x99e292,90E84C6B045D
0x99e42d,90E890B30D5D
0x99e465,90E8507A0C5D
0x99e46f,90E8467A0C5D
0x99e4dd,90E8E0B20D5D
0x99e518,90E89D790C5D
0x99e522,90E893790C5D
0x99eb0d,90E8B6E1075D
0x99ed4a,90E8F9830C5D
0x99efbc,90E807DD075D
0x99efdd,90E8E6DC075D
0x99f03a,90E889DC075D
0x99f229,90E89ADA075D
0x99f281,90E8C27E0C5D
0x99f881,90E8B3C6065D
0x99f982,90E85C54045D
0x99fb3d,90E8809C0D5D
0x99fb75,90E840630C5D
0x99fb7f,90E836630C5D
0x99fbed,90E8D09B0D5D
0x99fc28,90E88D620C5D
0x99fc32,90E883620C5D
0x99fd72,90E851CF075D
0x99fd86,90E83DCF075D
0x99fd95,90E82ECF075D
0x9a0292,90E831CA075D
0x9a037e,90E845C9075D
0x9a038d,90E836C9075D
0x9a07fd,90E8C6C4075D
0x9a080b,90E8B8C4075D
0x9a0818,90E8ABC4075D
0x9a097d,90E846C3075D
0x9a098b,90E838C3075D
0x9a0998,90E82BC3075D
0x9a0acd,90E8F6C1075D
0x9a0c71,90E852C0075D
0x9a0d59,90E86ABF075D
0x9a0dda,90E8E9BE075D
0x9a107a,90E8C9600C5D
0x9a13ba,90E8895D0C5D
0x9a161d,90E8A6B6075D
0x9a179c,90E827B5075D
0x9a17bd,90E806B5075D
0x9a181a,90E8A9B4075D
0x9a1a4c,90E877B2075D
0x9a1a6d,90E856B2075D
0x9a1aca,90E8F9B1075D
0x9a1d4d,90E876AF075D
0x9a1e49,90E87AAE075D
0x9a1ea1,90E8A2520C5D
0x9a2229,90E89AAA075D
0x9a227a,90E8C94E0C5D
0x9a26ba,90E809A6075D
0x9a2b61,90E8D393065D
0x9a2bcf,90E86593065D
0x9a2d42,90E89C20045D
0x9a2edd,90E8E0680D5D
0x9a2f15,90E8A02F0C5D
0x9a2f1f,90E8962F0C5D
0x9a2f8d,90E830680D5D
0x9a2fc8,90E8ED2E0C5D
0x9a2fd2,90E8E32E0C5D
0x9a3156,90E86D9B075D
0x9a316a,90E8599B075D
0x9a3179,90E84A9B075D
0x9a320d,90E8B69A075D
0x9a321d,90E8A69A075D
0x9a322c,90E8979A075D
0x9a34ad,90E81698075D
0x9a36ea,90E8593A0C5D
0x9a396c,90E85793075D
0x9a398d,90E83693075D
0x9a39ea,90E8D992075D
0x9a3bc9,90E8FA90075D
0x9a3c21,90E822350C5D
0x9a40c1,90E8737E065D
0x9a427d,90E840550D5D
0x9a42b5,90E8001C0C5D
0x9a42bf,90E8F61B0C5D
0x9a432d,90E890540D5D
0x9a4368,90E84D1B0C5D
0x9a4372,90E8431B0C5D
0x9a45d6,90E8ED86075D
0x9a45e8,90E8DB86075D
0x9a45f3,90E8D086075D
0x9a4883,90E84084075D
0x9a48ff,90E8C483075D
0x9a491f,90E8A483075D
0x9a4964,90E85F83075D
0x9a4978,90E84B83075D
0x9a49b4,90E80F83075D
0x9a4dbc,90E887230C5D
0x9a4e69,90E85A7E075D
0x9a4eca,90E8F97D075D
0x9a4f29,90E89A7D075D
0x9a509f,90E8956E065D
0x9a53d2,90E80CFA035D
0x9a55dd,90E8E0410D5D
0x9a5615,90E8A0080C5D
0x9a561f,90E896080C5D
0x9a568d,90E830410D5D
0x9a56c8,90E8ED070C5D
0x9a56d2,90E8E3070C5D
0x9a59e6,90E87DD9035D
0x9a5cfd,90E8C66F075D
0x9a5e59,90E86A6E075D
0x9a5eda,90E8E96D075D
0x9a603a,90E809110C5D
0x9a632d,90E89669075D
0x9a637a,90E84969075D
0x9a63dc,90E8E768075D
0x9a63fd,90E8C668075D
0x9a645a,90E86968075D
0x9a669d,90E82666075D
0x9a66d9,90E8EA65075D
0x9a6731,90E8120A0C5D
0x9a6d31,90E80352065D
0x9a6e32,90E8ACDF035D
0x9a6fcd,90E8F0270D5D
0x9a7005,90E8B0EE0B5D
0x9a700f,90E8A6EE0B5D
0x9a707d,90E840270D5D
0x9a70b8,90E8FDED0B5D
0x9a70c2,90E8F3ED0B5D
0x9a749d,90E82658075D
0x9a76aa,90E899FA0B5D
0x9a790c,90E8B753075D
0x9a792d,90E89653075D
0x9a798a,90E83953075D
0x9a7b79,90E84A51075D
0x9a7bd1,90E872F50B5D
0x9a8121,90E8133E065D
0x9a8222,90E8BCCB035D
0x9a83bd,90E800140D5D
0x9a83f5,90E8C0DA0B5D
0x9a83ff,90E8B6DA0B5D
0x9a846d,90E850130D5D
0x9a84a8,90E80DDA0B5D
0x9a84b2,90E803DA0B5D
0x9a885d,90E86644075D
0x9a8a6a,90E8D9E60B5D
0x9a8ccc,90E8F73F075D
0x9a8ced,90E8D63F075D
0x9a8d4a,90E8793F075D
0x9a8f39,90E88A3D075D
0x9a8f91,90E8B2E10B5D
0x9a94e1,90E8532A065D
0x9a95ab,90E81837075D
0x9a95be,90E80537075D
0x9a973d,90E880000D5D
0x9a9775,90E840C70B5D
0x9a977f,90E836C70B5D
0x9a97ed,90E8D0FF0C5D
0x9a9828,90E88DC60B5D
0x9a9832,90E883C60B5D
0x9a9a9b,90E8D2DA035D
0x9a9af3,90E87ADA035D
0x9a9ef1,90E8D22D075D
0x9aa07d,90E8462C075D
0x9aa26c,90E8572A075D
0x9aa2a1,90E8222A075D
0x9aa2b1,90E8122A075D
0x9aa45a,90E8E9CC0B5D
0x9aa68f,90E83426075D
0x9aa6af,90E81426075D
0x9aa712,90E8B125075D
0x9aa726,90E89D25075D
0x9aa760,90E86325075D
0x9aa98c,90E83723075D
0x9aa9ad,90E81623075D
0x9aaa0a,90E8B922075D
0x9aabf8,90E8CB20075D
0x9aaf32,90E811C20B5D
0x9ab079,90E84A1C075D
0x9ab0da,90E8E91B075D
0x9ab10a,90E8B91B075D
0x9ab129,90E89A1B075D
0x9ab181,90E8C2BF0B5D
0x9ab609,90E8BA16075D
0x9ab62a,90E89916075D
0x9ab941,90E8F305065D
0x9ab9b1,90E88305065D
0x9abdbd,90E800DA0C5D
0x9abdf5,90E8C0A00B5D
0x9abdff,90E8B6A00B5D
0x9abe6d,90E850D90C5D
0x9abea8,90E80DA00B5D
0x9abeb2,90E803A00B5D
0x9ac29d,90E820D50C5D
0x9ac2d5,90E8E09B0B5D
0x9ac2df,90E8D69B0B5D
0x9ac34d,90E870D40C5D
0x9ac388,90E82D9B0B5D
0x9ac392,90E8239B0B5D
0x9ac5d1,90E89CAF035D
0x9ac71d,90E8A605075D
0x9ac93a,90E809A80B5D
0x9acbac,90E81701075D
0x9acbcd,90E8F600075D
0x9acc2a,90E89900075D
0x9ace19,90E8AAFE065D
0x9ace71,90E8D2A20B5D
0x9ad21a,90E8A9FA065D
0x9ad511,90E823EA055D
0x9ad70d,90E8B0C00C5D
0x9ad745,90E870870B5D
0x9ad74f,90E866870B5D
0x9ad7bd,90E800C00C5D
0x9ad7f8,90E8BD860B5D
0x9ad802,90E8B3860B5D
0x9ada13,90E85059035D
0x9ada5c,90E80759035D
0x9adf3d,90E886ED065D
0x9ae17a,90E8C98F0B5D
0x9ae3dc,90E8E7E8065D
0x9ae3fd,90E8C6E8065D
0x9ae45a,90E869E8065D
0x9ae649,90E87AE6065D
0x9ae6a1,90E8A28A0B5D
0x9aebf1,90E843D3055D
0x9aecf2,90E8EC60035D
0x9aee7d,90E840A90C5D
0x9aeeb5,90E800700B5D
0x9aeebf,90E8F66F0B5D
0x9aef2d,90E890A80C5D
0x9aef68,90E84D6F0B5D
0x9aef72,90E8436F0B5D
0x9af1cf,90E8F4DA065D
0x9af1e1,90E8E2DA065D
0x9af1ec,90E8D7DA065D
0x9af27e,90E845DA065D
0x9af290,90E833DA065D
0x9af29b,90E828DA065D
0x9af4ec,90E8D7D7065D
0x9af54f,90E874D7065D
0x9af56f,90E854D7065D
0x9af5b2,90E811D7065D
0x9af5c6,90E8FDD6065D
0x9af600,90E8C3D6065D
0x9afa3c,90E807770B5D
0x9afae9,90E8DAD1065D
0x9afb4a,90E879D1065D
0x9afba9,90E81AD1065D
0x9afd21,90E813C2055D
0x9b0072,90E86C4D035D
0x9b012d,90E890960C5D
0x9b0165,90E8505D0B5D
0x9b016f,90E8465D0B5D
0x9b01dd,90E8E0950C5D
0x9b0218,90E89D5C0B5D
0x9b0222,90E8935C0B5D
0x9b0355,90E86EC9065D
0x9b036d,90E856C9065D
0x9b037e,90E845C9065D
0x9b0892,90E84C45035D
0x9b0a2d,90E8908D0C5D
0x9b0a65,90E850540B5D
0x9b0a6f,90E846540B5D
0x9b0add,90E8E08C0C5D
0x9b0b18,90E89D530B5D
0x9b0b22,90E893530B5D
0x9b199d,90E826B3065D
0x9b1bda,90E869550B5D
0x9b1e4c,90E877AE065D
0x9b1e6d,90E856AE065D
0x9b1eca,90E8F9AD065D
0x9b20b9,90E80AAC065D
0x9b2111,90E832500B5D
0x9b2711,90E82398055D
0x9b2812,90E8CC25035D
0x9b29ad,90E8106E0C5D
0x9b29e5,90E8D0340B5D
0x9b29ef,90E8C6340B5D
0x9b2a5d,90E8606D0C5D
0x9b2a98,90E81D340B5D
0x9b2aa2,90E813340B5D
0x9b398d,90E83693065D
0x9b3bca,90E879350B5D
0x9b3e3c,90E8878E065D
0x9b3e5d,90E8668E065D
0x9b3eba,90E8098E065D
0x9b40a9,90E81A8C065D
0x9b4101,90E842300B5D
0x9b4701,90E83378055D
0x9b4802,90E8DC05035D
0x9b499d,90E8204E0C5D
0x9b49d5,90E8E0140B5D
0x9b49df,90E8D6140B5D
0x9b4a4d,90E8704D0C5D
0x9b4a88,90E82D140B5D
0x9b4a92,90E823140B5D
0x9b512d,90E8967B065D
0x9b536a,90E8D91D0B5D
0x9b55dc,90E8E776065D
0x9b55fd,90E8C676065D
0x9b565a,90E86976065D
0x9b5849,90E87A74065D
0x9b58a1,90E8A2180B5D
0x9b5ea1,90E89360055D
0x9b5fa2,90E83CEE025D
0x9b613d,90E880360C5D
0x9b6175,90E840FD0A5D
0x9b617f,90E836FD0A5D
0x9b61ed,90E8D0350C5D
0x9b6228,90E88DFC0A5D
0x9b6232,90E883FC0A5D
0x9b670d,90E8B665065D
0x9b694a,90E8F9070B5D
0x9b6bbc,90E80761065D
0x9b6bdd,90E8E660065D
0x9b6c3a,90E88960065D
0x9b6e29,90E89A5E065D
0x9b6e81,90E8C2020B5D
0x9b7481,90E8B34A055D
0x9b759d,90E820220C5D
0x9b75d5,90E8E0E80A5D
0x9b75df,90E8D6E80A5D
0x9b764d,90E870210C5D
0x9b7688,90E82DE80A5D
0x9b7692,90E823E80A5D
0x9b8657,90E80CAD025D
0x9b896d,90E8500E0C5D
0x9b89a8,90E80DD50A5D
0x9b89b2,90E803D50A5D
0x9b8a1d,90E8A00D0C5D
0x9b8a55,90E860D40A5D
0x9b8a5f,90E856D40A5D
0x9b9e0d,90E8B0F90B5D
0x9b9e45,90E870C00A5D
0x9b9e4f,90E866C00A5D
0x9b9ebd,90E800F90B5D
0x9b9ef8,90E8BDBF0A5D
0x9b9f02,90E8B3BF0A5D
0x9baf92,90E84C9E025D
0x9bb010,90E95FB00B5D
0x9bb16d,90E850E60B5D
0x9bb1a5,90E810AD0A5D
0x9bb1af,90E806AD0A5D
0x9bb21d,90E8A0E50B5D
0x9bb258,90E85DAC0A5D
0x9bb262,90E853AC0A5D
0x9bb449,90E87A18065D
0x9bb459,90E86A18065D
0x9bb468,90E85B18065D
0x9bb500,90E8C317065D
0x9bb510,90E8B317065D
0x9bb51f,90E8A417065D
0x9bb68f,90E8B6D30B5D
0x9bb6a9,90E810D70B5D
0x9bb6ec,90E883A90B5D
0x9bb701,90E86EA90B5D
0x9bb87f,90E8E2A20B5D
0x9bb8bf,90E80414065D
0x9bb915,90E84CA20B5D
0x9bb9aa,90E80FD40B5D
0x9bbab4,90E8BBA50B5D
0x9bbb1a,90E829B60A5D
0x9bbd6c,90E8570F065D
0x9bbd8d,90E8360F065D
0x9bbdea,90E8D90E065D
0x9bbfe3,90E98CA00B5D
0x9bc009,90E8BA0C065D
0x9bc05d,90E8E6B00A5D
0x9bc330,90E83F9D0B5D
0x9bc43d,90E87CC90B5D
0x9bc47c,90E83DC90B5D
0x9bc513,90E95C9B0B5D
0x9bc561,90E8D3F9045D
0x9bc5d3,90E89C9A0B5D
0x9bc5e3,90E98C9A0B5D
0x9bc682,90E85C87025D
0x9bc965,90E858CE0B5D
0x9bc99d,90E818950A5D
0x9bc9a7,90E80E950A5D
0x9bca38,90E885CD0B5D
0x9bca6f,90E846940A5D
0x9bca79,90E83C940A5D
0x9bd16d,90E856FB055D
0x9bd28c,90E837FA055D
0x9bd349,90E87AF9055D
0x9bd3ca,90E8F9F8055D
0x9bd51a,90E8299C0A5D
0x9bd86d,90E856F4055D
0x9bd8ba,90E809F4055D
0x9bd91c,90E8A7F3055D
0x9bd93d,90E886F3055D
0x9bd99a,90E829F3055D
0x9bdc0d,90E8B6F0055D
0x9bdc49,90E87AF0055D
0x9bdca1,90E8A2940A5D
0x9be1f1,90E843DD045D
0x9be3ad,90E810B40B5D
0x9be3e5,90E8D07A0A5D
0x9be3ef,90E8C67A0A5D
0x9be45d,90E860B30B5D
0x9be498,90E81D7A0A5D
0x9be4a2,90E8137A0A5D
0x9be683,90E8E04C025D
0x9beabd,90E806E2055D
0x9becea,90E859840A5D
0x9bef5c,90E867DD055D
0x9bef7d,90E846DD055D
0x9befda,90E8E9DC055D
0x9bf1c9,90E8FADA055D
0x9bf221,90E8227F0A5D
0x9bf821,90E813C7045D
0x9bf922,90E8BC54025D
0x9bfabd,90E8009D0B5D
0x9bfaf5,90E8C0630A5D
0x9bfaff,90E8B6630A5D
0x9bfb6d,90E8509C0B5D
0x9bfba8,90E80D630A5D
0x9bfbb2,90E803630A5D
0x9c00dd,90E8E6CB055D
0x9c031a,90E8296E0A5D
0x9c058c,90E837C7055D
0x9c05ad,90E816C7055D
0x9c060a,90E8B9C6055D
0x9c07f9,90E8CAC4055D
0x9c0851,90E8F2680A5D
0x9c0e51,90E8E3B0045D
0x9c10fd,90E8C0860B5D
0x9c1135,90E8804D0A5D
0x9c113f,90E8764D0A5D
0x9c11ad,90E810860B5D
0x9c11e8,90E8CD4C0A5D
0x9c11f2,90E8C34C0A5D
0x9c1310,90E8B3B9055D
0x9c1324,90E89FB9055D
0x9c1331,90E892B9055D
0x9c148b,90E838B8055D
0x9c149d,90E826B8055D
0x9c14a8,90E81BB8055D
0x9c1524,90E89FB7055D
0x9c1536,90E88DB7055D
0x9c1541,90E882B7055D
0x9c174f,90E874B5055D
0x9c1786,90E83DB5055D
0x9c179a,90E829B5055D
0x9c17ff,90E8C4B4055D
0x9c181f,90E8A4B4055D
0x9c1854,90E86FB4055D
0x9c1868,90E85BB4055D
0x9c1894,90E82FB4055D
0x9c1a48,90E87BB2055D
0x9c1ce2,90E861540A5D
0x9c1d99,90E82AAF055D
0x9c1dc3,90E800AF055D
0x9c1de8,90E8DBAE055D
0x9c1e0a,90E8B9AE055D
0x9c1e2a,90E899AE055D
0x9c1eb9,90E80AAE055D
0x9c1eda,90E8E9AD055D
0x9c209f,90E8959E045D
0x9c2432,90E8AC29025D
0x9c25cd,90E8F0710B5D
0x9c2605,90E8B0380A5D
0x9c260f,90E8A6380A5D
0x9c267d,90E840710B5D
0x9c26b8,90E8FD370A5D
0x9c26c2,90E8F3370A5D
0x9c2903,90E8C0A3055D
0x9c2915,90E8AEA3055D
0x9c2920,90E8A3A3055D
0x9c2988,90E83BA3055D
0x9c299a,90E829A3055D
0x9c29a5,90E81EA3055D
0x9c2a0d,90E8B6A2055D
0x9c2a1f,90E8A4A2055D
0x9c2a2a,90E899A2055D
0x9c2b8d,90E836A1055D
0x9c2dca,90E879430A5D
0x9c304c,90E8779C055D
0x9c306d,90E8569C055D
0x9c30ca,90E8F99B055D
0x9c32a9,90E81A9A055D
0x9c3301,90E8423E0A5D
0x9c37a1,90E89387045D
0x9c38a2,90E83C15025D
0x9c3a3d,90E8805D0B5D
0x9c3a75,90E840240A5D
0x9c3a7f,90E836240A5D
0x9c3aed,90E8D05C0B5D
0x9c3b28,90E88D230A5D
0x9c3b32,90E883230A5D
0x9c3e7d,90E8468E055D
0x9c40aa,90E899300A5D
0x9c42fc,90E8C789055D
0x9c431d,90E8A689055D
0x9c437a,90E84989055D
0x9c4559,90E86A87055D
0x9c45b1,90E8922B0A5D
0x9c4a51,90E8E374045D
0x9c4ac2,90E8E459025D
0x9c4ac9,90E88704065D
0x9c4b81,90E82559025D
0x9c4b88,90E8C803065D
0x9c4cad,90E8104B0B5D
0x9c4ce5,90E8D0110A5D
0x9c4cef,90E8C6110A5D
0x9c4d5d,90E8604A0B5D
0x9c4d98,90E81D110A5D
0x9c4da2,90E813110A5D
0x9c4fc6,90E8FD7C055D
0x9c50fe,90E8C57B055D
0x9c5109,90E8BA7B055D
0x9c51fe,90E8C57A055D
0x9c524c,90E8777A055D
0x9c5259,90E86A7A055D
0x9c5276,90E84D7A055D
0x9c5283,90E8407A055D
0x9c5298,90E82B7A055D
0x9c5591,90E83277055D
0x9c5731,90E89275055D
0x9c5819,90E8AA74055D
0x9c58ba,90E80974055D
0x9c59a9,90E81A73055D
0x9c59b7,90E80C73055D
0x9c5a5d,90E86672055D
0x9c5acf,90E8F471055D
0x9c5c8a,90E8B9140A5D
0x9c5fca,90E879110A5D
0x9c61fd,90E8C66A055D
0x9c628f,90E8346A055D
0x9c62af,90E8146A055D
0x9c62e4,90E8DF69055D
0x9c62f8,90E8CB69055D
0x9c6324,90E89F69055D
0x9c64ac,90E81768055D
0x9c64cd,90E8F667055D
0x9c652a,90E89967055D
0x9c673c,90E88765055D
0x9c675d,90E86665055D
0x9c67ba,90E80965055D
0x9c6a3d,90E88662055D
0x9c6d0c,90E837040A5D
0x9c6d9a,90E8295F055D
0x9c6dc3,90E8005F055D
0x9c6de8,90E8DB5E055D
0x9c6e29,90E89A5E055D
0x9c6e7e,90E8C5020A5D
0x9c7179,90E84A5B055D
0x9c71ca,90E879FF095D
0x9c760a,90E8B956055D
0x9c7ccf,90E86542045D
0x9c7d2f,90E80542045D
0x9c7d8f,90E8A541045D
0x9c81e2,90E8C422025D
0x9c8282,90E85CCB015D
0x9c841d,90E8A0130B5D
0x9c8455,90E860DA095D
0x9c845f,90E856DA095D
0x9c84cd,90E8F0120B5D
0x9c8508,90E8ADD9095D
0x9c8512,90E8A3D9095D
0x9c885d,90E86644055D
0x9c8a8a,90E8B9E6095D
0x9c8cdc,90E8E73F055D
0x9c8cfd,90E8C63F055D
0x9c8d5a,90E8693F055D
0x9c8f39,90E88A3D055D
0x9c8f91,90E8B2E1095D
0x9c9431,90E8032B045D
0x9c9532,90E8ACB8015D
0x9c96cd,90E8F0000B5D
0x9c9705,90E8B0C7095D
0x9c970f,90E8A6C7095D
0x9c977d,90E840000B5D
0x9c97b8,90E8FDC6095D
0x9c97c2,90E8F3C6095D
0x9ca3ad,90E81629055D
0x9ca5ea,90E859CB095D
0x9ca85c,90E86724055D
0x9ca87d,90E84624055D
0x9ca8da,90E8E923055D
0x9caac9,90E8FA21055D
0x9cab21,90E822C6095D
0x9cb121,90E8130E045D
0x9cb222,90E8BC9B015D
0x9cb38d,90E830E40A5D
0x9cb3c5,90E8F0AA095D
0x9cb3cf,90E8E6AA095D
0x9cb43d,90E880E30A5D
0x9cb478,90E83DAA095D
0x9cb482,90E833AA095D
0x9cbe3d,90E8860E055D
0x9cc06a,90E8D9B0095D
0x9cc2bc,90E8070A055D
0x9cc2dd,90E8E609055D
0x9cc33a,90E88909055D
0x9cc519,90E8AA07055D
0x9cc571,90E8D2AB095D
0x9cca11,90E823F5035D
0x9ccbcd,90E8F0CB0A5D
0x9ccc05,90E8B092095D
0x9ccc0f,90E8A692095D
0x9ccc7d,90E840CB0A5D
0x9cccb8,90E8FD91095D
0x9cccc2,90E8F391095D
0x9ccf57,90E86CFD045D
0x9ccfbf,90E804FD045D
0x9cd001,90E8C2FC045D
0x9cd015,90E8AEFC045D
0x9cd04e,90E875FC045D
0x9cd17f,90E844FB045D
0x9cd46c,90E8D79C095D
0x9cd519,90E8AAF7045D
0x9cd57a,90E849F7045D
0x9cd5d9,90E8EAF6045D
0x9cd74f,90E8E5E7035D
0x9cda72,90E86C73015D
0x9cdc0d,90E8B0BB0A5D
0x9cdc45,90E87082095D
0x9cdc4f,90E86682095D
0x9cdcbd,90E800BB0A5D
0x9cdcf8,90E8BD81095D
0x9cdd02,90E8B381095D
0x9ce0d3,90E8F0EB045D
0x9ce0e3,90E8E0EB045D
0x9ce0f2,90E8D1EB045D
0x9ce221,90E8A2EA045D
0x9ce35a,90E869E9045D
0x9ce4fa,90E8498C095D
0x9ce73d,90E886E5045D
0x9ce7aa,90E819E5045D
0x9ce82c,90E897E4045D
0x9ce84d,90E876E4045D
0x9ce8aa,90E819E4045D
0x9cea6d,90E856E2045D
0x9ceb59,90E86AE1045D
0x9cebae,90E89585095D
0x9cf07f,90E8B5CE035D
0x9cf23d,90E880A50A5D
0x9cf275,90E8406C095D
0x9cf27f,90E8366C095D
0x9cf2ed,90E8D0A40A5D
0x9cf328,90E88D6B095D
0x9cf332,90E8836B095D
0x9cf581,90E842D7045D
0x9cf7cc,90E87779095D
0x9cfa2c,90E897D2045D
0x9cfa4d,90E876D2045D
0x9cfaaa,90E819D2045D
0x9cfc89,90E83AD0045D
0x9cfcde,90E86574095D
0x9d024f,90E8E5BC035D
0x9d0352,90E88C4A015D
0x9d04ed,90E8D0920A5D
0x9d0525,90E89059095D
0x9d052f,90E88659095D
0x9d059d,90E820920A5D
0x9d05d8,90E8DD58095D
0x9d05e2,90E8D358095D
0x9d090d,90E8B6C3045D
0x9d0b4a,90E8F965095D
0x9d0dbc,90E807BF045D
0x9d0ddd,90E8E6BE045D
0x9d0e3a,90E889BE045D
0x9d1029,90E89ABC045D
0x9d1081,90E8C260095D
0x9d1681,90E8B3A8035D
0x9d184d,90E8707F0A5D
0x9d1885,90E83046095D
0x9d188f,90E82646095D
0x9d18fd,90E8C07E0A5D
0x9d1938,90E87D45095D
0x9d1942,90E87345095D
0x9d1ce1,90E8E2AF045D
0x9d1f1a,90E82952095D
0x9d217c,90E847AB045D
0x9d219d,90E826AB045D
0x9d21fa,90E8C9AA045D
0x9d23c9,90E8FAA8045D
0x9d241e,90E8254D095D
0x9d296f,90E8C595035D
0x9d29f4,90E8CFA2045D
0x9d2a04,90E8BFA2045D
0x9d2b8d,90E8306C0A5D
0x9d2bc5,90E8F032095D
0x9d2bcf,90E8E632095D
0x9d2c3d,90E8806B0A5D
0x9d2c78,90E83D32095D
0x9d2c82,90E83332095D
0x9d2fed,90E8D69C045D
0x9d30cd,90E8F69B045D
0x9d313b,90E8889B045D
0x9d3171,90E8529B045D
0x9d3181,90E8429B045D
0x9d31df,90E8E49A045D
0x9d31ff,90E8C49A045D
0x9d3237,90E88C9A045D
0x9d324b,90E8789A045D
0x9d3278,90E84B9A045D
0x9d3438,90E88B98045D
0x9d36bc,90E8873A095D
0x9d3769,90E85A95045D
0x9d37ca,90E8F994045D
0x9d37ea,90E8D994045D
0x9d3839,90E88A94045D
0x9d385a,90E86994045D
0x9d3a0f,90E82585035D
0x9d3d72,90E86C10015D
0x9d3de0,90E98F220A5D
0x9d3f20,90E89D580A5D
0x9d3f58,90E85D1F095D
0x9d3f62,90E8531F095D
0x9d3fd0,90E8ED570A5D
0x9d400b,90E8AA1E095D
0x9d4015,90E8A01E095D
0x9d4399,90E8AC460A5D
0x9d43b3,90E8064A0A5D
0x9d43f6,90E8791C0A5D
0x9d440b,90E8641C0A5D
0x9d4490,90E83388045D
0x9d44a0,90E82388045D
0x9d44af,90E81488045D
0x9d461f,90E842150A5D
0x9d465f,90E86486045D
0x9d46b5,90E8AC140A5D
0x9d474a,90E86F460A5D
0x9d4854,90E81B180A5D
0x9d48ba,90E88928095D
0x9d4b0c,90E8B781045D
0x9d4b2d,90E89681045D
0x9d4b8a,90E83981045D
0x9d4d83,90E9EC120A5D
0x9d4da9,90E81A7F045D
0x9d4dfd,90E84623095D
0x9d50d0,90E89F0F0A5D
0x9d51dd,90E8DC3B0A5D
0x9d521c,90E89D3B0A5D
0x9d52b3,90E9BC0D0A5D
0x9d5301,90E8336C035D
0x9d5373,90E8FC0C0A5D
0x9d5383,90E9EC0C0A5D
0x9d540d,90E8B0430A5D
0x9d5445,90E8700A095D
0x9d544f,90E8660A095D
0x9d54bd,90E800430A5D
0x9d54f8,90E8BD09095D
0x9d5502,90E8B309095D
0x9d56f2,90E8ECF6005D
0x9d584d,90E8703F0A5D
0x9d5881,90E83406095D
0x9d58ed,90E8D03E0A5D
0x9d5928,90E88D05095D
0x9d5932,90E88305095D
0x9d5c19,90E8AA70045D
0x9d5d4c,90E8776F045D
0x9d5d86,90E83D6F045D
0x9d5d9a,90E8296F045D
0x9d5dff,90E8C46E045D
0x9d5e1f,90E8A46E045D
0x9d5e62,90E8616E045D
0x9d5e76,90E84D6E045D
0x9d5eb0,90E8136E045D
0x9d6078,90E84B6C045D
0x9d63b2,90E8910D095D
0x9d6469,90E85A68045D
0x9d64ca,90E8F967045D
0x9d64fa,90E8C967045D
0x9d6549,90E87A67045D
0x9d656a,90E85967045D
0x9d6711,90E82358035D
0x9d6ae2,90E8FCE2005D
0x9d6c5d,90E8602B0A5D
0x9d6c91,90E824F2085D
0x9d6cfd,90E8C02A0A5D
0x9d6d38,90E87DF1085D
0x9d6d42,90E873F1085D
0x9d70fd,90E8C65B045D
0x9d7236,90E88D5A045D
0x9d7276,90E84D5A045D
0x9d728a,90E8395A045D
0x9d72ff,90E8C459045D
0x9d731f,90E8A459045D
0x9d7364,90E85F59045D
0x9d7378,90E84B59045D
0x9d73b4,90E80F59045D
0x9d7578,90E84B57045D
0x9d78c2,90E881F8085D
0x9d7979,90E84A53045D
0x9d79da,90E8E952045D
0x9d7a0a,90E8B952045D
0x9d7a59,90E86A52045D
0x9d7a7a,90E84952045D
0x9d7c21,90E81343035D
0x9d7ff2,90E8ECCD005D
0x9d805c,90E81FDE085D
0x9d80a1,90E80FF2085D
0x9d8210,90E8A5DC085D
0x9d827e,90E837DC085D
0x9d845d,90E860130A5D
0x9d8495,90E820DA085D
0x9d849f,90E816DA085D
0x9d850d,90E8B0120A5D
0x9d8548,90E86DD9085D
0x9d8552,90E863D9085D
0x9d86f0,90E8C0EB085D
0x9d8a01,90E87FE8085D
0x9d8a5a,90E85BD4085D
0x9d8b9e,90E82541045D
0x9d8bb4,90E80F41045D
0x9d8bbf,90E80441045D
0x9d8bfe,90E8C540045D
0x9d8c0e,90E8B540045D
0x9d8c1d,90E8A640045D
0x9d8c54,90E849E9085D
0x9d8d20,90E8A33F045D
0x9d8d32,90E8913F045D
0x9d8d3d,90E8863F045D
0x9d8e16,90E8AD3E045D
0x9d8e2d,90E8963E045D
0x9d8f30,90E8933D045D
0x9d8f66,90E85D3D045D
0x9d8f7a,90E8493D045D
0x9d902f,90E83FC9095D
0x9d906f,90E8543C045D
0x9d90c5,90E8A9C8095D
0x9d917c,90E804E1085D
0x9d9215,90E86BE0085D
0x9d93bf,90E80439045D
0x9d93df,90E8E438045D
0x9d9417,90E8AC38045D
0x9d942b,90E89838045D
0x9d9458,90E86B38045D
0x9d9505,90E81AD5005D
0x9d96d4,90E8E1C7085D
0x9d974a,90E8F9D9085D
0x9d9988,90E83B33045D
0x9d9a5e,90E8C1CF005D
0x9d9a83,90E89CCF005D
0x9d9b92,90E8B1D5085D
0x9d9c6c,90E85730045D
0x9d9c8d,90E83630045D
0x9d9cea,90E8D92F045D
0x9d9f49,90E87A2D045D
0x9d9faa,90E8192D045D
0x9d9fca,90E8F92C045D
0x9d9ff9,90E8CA2C045D
0x9da04d,90E8F6D0085D
0x9da4c9,90E8FA27045D
0x9da4ea,90E8D927045D
0x9da56b,90E815CD085D
0x9da6a8,90E877C3005D
0x9da6f8,90E827C3005D
0x9da749,90E8D6C2005D
0x9da78f,90E8A517035D
0x9da811,90E82317035D
0x9da8dc,90E843C1005D
0x9da928,90E8F7C0005D
0x9da989,90E896C0005D
0x9da9d8,90E847C0005D
0x9da9f8,90E827C0005D
0x9daa48,90E8D7BF005D
0x9daa7c,90E8A3BF005D
0x9dab22,90E8BCA2005D
0x9dacbd,90E800EB095D
0x9dacf1,90E8C4B1085D
0x9dad5d,90E860EA095D
0x9dad98,90E81DB1085D
0x9dada2,90E813B1085D
0x9db209,90E8BA1A045D
0x9db2fb,90E8C819045D
0x9db38c,90E83719045D
0x9db3c6,90E8FD18045D
0x9db3da,90E8E918045D
0x9db43f,90E88418045D
0x9db45f,90E86418045D
0x9db4a2,90E82118045D
0x9db4b6,90E80D18045D
0x9db4f0,90E8D317045D
0x9db6b8,90E80B16045D
0x9db9ec,90E857B7085D
0x9dba99,90E82A12045D
0x9dbafa,90E8C911045D
0x9dbb2a,90E89911045D
0x9dbb79,90E84A11045D
0x9dbb9a,90E82911045D
0x9dbd41,90E8F301035D
0x9dc112,90E8CC8C005D
0x9dc28d,90E830D5095D
0x9dc2c1,90E8F49B085D
0x9dc32d,90E890D4095D
0x9dc368,90E84D9B085D
0x9dc372,90E8439B085D
0x9dc5f9,90E8CA06045D
0x9dc78b,90E83805045D
0x9dc81c,90E8A704045D
0x9dc856,90E86D04045D
0x9dc86a,90E85904045D
0x9dc8cf,90E8F403045D
0x9dc8ef,90E8D403045D
0x9dc932,90E89103045D
0x9dc946,90E87D03045D
0x9dc980,90E84303045D
0x9dcb48,90E87B01045D
0x9dce7c,90E8C7A2085D
0x9dcf29,90E89AFD035D
0x9dcf8a,90E839FD035D
0x9dcfba,90E809FD035D
0x9dd009,90E8BAFC035D
0x9dd02a,90E899FC035D
0x9dd1d1,90E863ED025D
0x9dd5a2,90E83C78005D
0x9dd610,90E95F8A095D
0x9dd74d,90E870C0095D
0x9dd785,90E83087085D
0x9dd78f,90E82687085D
0x9dd7fd,90E8C0BF095D
0x9dd838,90E87D86085D
0x9dd842,90E87386085D
0x9de5aa,90E89BA4095D
0x9de5c4,90E8F5A7095D
0x9de607,90E8687A095D
0x9de61c,90E8537A095D
0x9de6ef,90E87274095D
0x9de72f,90E894E5035D
0x9de785,90E8DC73095D
0x9de81a,90E89FA5095D
0x9de934,90E83B77095D
0x9de99a,90E8A987085D
0x9dec0c,90E8B7E0035D
0x9dec2d,90E896E0035D
0x9dec8a,90E839E0035D
0x9dee83,90E9EC71095D
0x9deeb9,90E80ADE035D
0x9def0d,90E83682085D
0x9df1e0,90E88F6E095D
0x9df37d,90E83C9A095D
0x9df3bc,90E8FD99095D
0x9df523,90E94C6B095D
0x9df571,90E8C3C9025D
0x9df5e3,90E88C6A095D
0x9df5f3,90E97C6A095D
0x9df692,90E84C57005D
0x9df82d,90E8909F095D
0x9df865,90E85066085D
0x9df86f,90E84666085D
0x9df8dd,90E8E09E095D
0x9df918,90E89D65085D
0x9df922,90E89365085D
0x9dfa63,90E80039005D
0x9dfaa8,90E8BB38005D
0x9dfc31,90E892D0035D
0x9dfc3f,90E884D0035D
0x9dfc4a,90E879D0035D
0x9dfd7d,90E846CF035D
0x9dffba,90E88971085D
0x9e023c,90E887CA035D
0x9e025d,90E866CA035D
0x9e02ba,90E809CA035D
0x9e0529,90E89AC7035D
0x9e0581,90E8C26B085D
0x9e0af1,90E843B4025D
0x9e0bf2,90E8EC41005D
0x9e0d8d,90E8308A095D
0x9e0dc5,90E8F050085D
0x9e0dcf,90E8E650085D
0x9e0e3d,90E88089095D
0x9e0e78,90E83D50085D
0x9e0e82,90E83350085D
0x9e1d21,90E8A2AF035D
0x9e1d2f,90E894AF035D
0x9e1d3a,90E889AF035D
0x9e1e6d,90E856AE035D
0x9e20aa,90E89950085D
0x9e232c,90E897A9035D
0x9e234d,90E876A9035D
0x9e23aa,90E819A9035D
0x9e2619,90E8AAA6035D
0x9e2671,90E8D24A085D
0x9e2be1,90E85393025D
0x9e2dad,90E8106A095D
0x9e2de5,90E8D030085D
0x9e2def,90E8C630085D
0x9e2e5d,90E86069095D
0x9e2e98,90E81D30085D
0x9e2ea2,90E81330085D
0x9e39ed,90E8D692035D
0x9e3c2a,90E81935085D
0x9e3e9c,90E8278E035D
0x9e3ebd,90E8068E035D
0x9e3f1a,90E8A98D035D
0x9e4109,90E8BA8B035D
0x9e4161,90E8E22F085D
0x9e4761,90E8D377025D
0x9e4862,90E87C05005D
0x9e49fd,90E8C04D095D
0x9e4a35,90E88014085D
0x9e4a3f,90E87614085D
0x9e4aad,90E8104D095D
0x9e4ae8,90E8CD13085D
0x9e4af2,90E8C313085D
0x9e4c22,90E8A180035D
0x9e4c36,90E88D80035D
0x9e4c45,90E87E80035D
0x9e508d,90E8367C035D
0x9e52ba,90E8891E085D
0x9e551c,90E8A777035D
0x9e553d,90E88677035D
0x9e559a,90E82977035D
0x9e5789,90E83A75035D
0x9e57e1,90E86219085D
0x9e5d31,90E80362025D
0x9e5efd,90E8C038095D
0x9e5f35,90E880FF075D
0x9e5f3f,90E876FF075D
0x9e5fad,90E81038095D
0x9e5fe8,90E8CDFE075D
0x9e5ff2,90E8C3FE075D
0x9e6a5d,90E86662035D
0x9e6c9a,90E8A904085D
0x9e6f0c,90E8B75D035D
0x9e6f2d,90E8965D035D
0x9e6f8a,90E8395D035D
0x9e7179,90E84A5B035D
0x9e71d1,90E872FF075D
0x9e77d1,90E86347025D
0x9e78c2,90E81CD5FF5C
0x9e7930,90E93FE7085D
0x9e7a71,90E8D40F095D
0x9e7a9d,90E8D2E5085D
0x9e7ab4,90E80F52035D
0x9e7b5d,90E8601C095D
0x9e7b95,90E820E3075D
0x9e7b9f,90E816E3075D
0x9e7c0d,90E8B01B095D
0x9e7c48,90E86DE2075D
0x9e7c52,90E863E2075D
0x9e7eb0,90E8950B095D
0x9e7ec6,90E8F30E095D
0x9e7f09,90E866E1085D
0x9e7f1e,90E851E1085D
0x9e812f,90E832DA085D
0x9e816f,90E8544B035D
0x9e81c5,90E89CD9085D
0x9e826c,90E8574A035D
0x9e8283,90E8404A035D
0x9e8292,90E8CFD8085D
0x9e82da,90E8DF0A095D
0x9e833a,90E88949035D
0x9e8475,90E84E48035D
0x9e84b4,90E8BBDB085D
0x9e851a,90E829EC075D
0x9e876d,90E85645035D
0x9e87ca,90E8F944035D
0x9e884c,90E87744035D
0x9e886d,90E85644035D
0x9e88ca,90E8F943035D
0x9e8b13,90E95CD5085D
0x9e8b3d,90E88641035D
0x9e8b89,90E83A41035D
0x9e8bdd,90E866E5075D
0x9e8eb0,90E8BFD1085D
0x9e904d,90E86CFD085D
0x9e908c,90E82DFD085D
0x9e91f3,90E97CCE085D
0x9e9241,90E8F32C025D
0x9e92b3,90E8BCCD085D
0x9e92c3,90E9ACCD085D
0x9e943d,90E88003095D
0x9e9475,90E840CA075D
0x9e947f,90E836CA075D
0x9e94ed,90E8D002095D
0x9e9528,90E88DC9075D
0x9e9532,90E883C9075D
0x9e9831,90E89234035D
0x9e9a5c,90E8E7D6075D
0x9e9c6d,90E85630035D
0x9e9cfc,90E8C72F035D
0x9e9d1d,90E8A62F035D
0x9e9d7a,90E8492F035D
0x9e9f59,90E86A2D035D
0x9e9fae,90E895D1075D
0x9ea4af,90E8851A025D
0x9ea68d,90E830F1085D
0x9ea6c5,90E8F0B7075D
0x9ea6cf,90E8E6B7075D
0x9ea73d,90E880F0085D
0x9ea778,90E83DB7075D
0x9ea782,90E833B7075D
0x9ea8ae,90E81524035D
0x9ea8be,90E80524035D
0x9ea8cd,90E8F623035D
0x9ea916,90E84D8AFF5C
0x9ea959,90E80A8AFF5C
0x9ea9a1,90E8C289FF5C
0x9eab0d,90E8B621035D
0x9ead4a,90E8F9C3075D
0x9eafbc,90E8071D035D
0x9eafdd,90E8E61C035D
0x9eb03a,90E8891C035D
0x9eb229,90E89A1A035D
0x9eb281,90E8C2BE075D
0x9eb881,90E8B306025D
0x9eba4d,90E870DD085D
0x9eba85,90E830A4075D
0x9eba8f,90E826A4075D
0x9ebafd,90E8C0DC085D
0x9ebb38,90E87DA3075D
0x9ebb42,90E873A3075D
0x9ebced,90E8D60F035D
0x9ebd01,90E8C20F035D
0x9ebd10,90E8B30F035D
0x9ebda4,90E81F0F035D
0x9ebdb4,90E80F0F035D
0x9ebdc3,90E8000F035D
0x9ebfba,90E8B3B5FF5C
0x9ec012,90E85BB5FF5C
0x9ec51d,90E8A607035D
0x9ec75a,90E8E9A9075D
0x9ec9ec,90E8D702035D
0x9eca0d,90E8B602035D
0x9eca6a,90E85902035D
0x9ecc59,90E86A00035D
0x9eccb1,90E892A4075D
0x9ed201,90E833ED015D
0x9ed302,90E8DC7AFF5C
0x9ed370,90E9FF8C085D
0x9ed4ad,90E810C3085D
0x9ed4e5,90E8D089075D
0x9ed4ef,90E8C689075D
0x9ed55d,90E860C2085D
0x9ed598,90E81D89075D
0x9ed5a2,90E81389075D
0x9ed98d,90E8B8B0085D
0x9ed9a7,90E812B4085D
0x9ed9ea,90E88586085D
0x9ed9ff,90E87086085D
0x9edacf,90E89280085D
0x9edb0f,90E8B4F1025D
0x9edb65,90E8FC7F085D
0x9edbfa,90E8BFB1085D
0x9edd14,90E85B83085D
0x9edd7a,90E8C993075D
0x9edfec,90E8D7EC025D
0x9ee00d,90E8B6EC025D
0x9ee06a,90E859EC025D
0x9ee263,90E90C7E085D
0x9ee299,90E82AEA025D
0x9ee2ed,90E8568E075D
0x9ee5c0,90E8AF7A085D
0x9ee75d,90E85CA6085D
0x9ee79c,90E81DA6085D
0x9ee903,90E96C77085D
0x9ee951,90E8E3D5015D
0x9ee9c3,90E8AC76085D
0x9ee9d3,90E99C76085D
0x9eeb3d,90E880AC085D
0x9eeb75,90E84073075D
0x9eeb7f,90E83673075D
0x9eebed,90E8D0AB085D
0x9eec28,90E88D72075D
0x9eec32,90E88372075D
0x9eee51,90E872DE025D
0x9ef09c,90E8A780075D
0x9ef2fc,90E8C7D9025D
0x9ef31d,90E8A6D9025D
0x9ef37a,90E849D9025D
0x9ef559,90E86AD7025D
0x9ef5ae,90E8957B075D
0x9efb0f,90E825C4015D
0x9efc02,90E8DC51FF5C
0x9efd7d,90E8409A085D
0x9efdb5,90E80061075D
0x9efdbf,90E8F660075D
0x9efe2d,90E89099085D
0x9efe68,90E84D60075D
0x9efe72,90E84360075D
0x9eff29,90E82A61085D
0x9eff7e,90E88B8B085D
0x9f0056,90E81960085D
0x9f0096,90E8BD5F085D
0x9f00a6,90E9C95F085D
0x9f0119,90E8AACB025D
0x9f024b,90E878CA025D
0x9f02d8,90E8EBC9025D
0x9f0316,90E8ADC9025D
0x9f032a,90E899C9025D
0x9f038f,90E834C9025D
0x9f03af,90E814C9025D
0x9f03f2,90E8D1C8025D
0x9f0406,90E8BDC8025D
0x9f0440,90E883C8025D
0x9f0628,90E89BC6025D
0x9f0666,90E8095A085D
0x9f0a10,90E85F56085D
0x9f0a6c,90E8D766075D
0x9f0b19,90E8AAC1025D
0x9f0b7a,90E849C1025D
0x9f0baa,90E819C1025D
0x9f0c03,90E8B681085D
0x9f0c59,90E86AC0025D
0x9f0c7a,90E849C0025D
0x9f0d76,90E8F952085D
0x9f0e51,90E8E3B0015D
0x9f0fb7,90E8027E085D
0x9f0fe6,90E88950085D
0x9f1036,90E83950085D
0x9f1148,90E8648A085D
0x9f1176,90E9F94E085D
0x9f12b6,90E9B94D085D
0x9f12c6,90E8A94D085D
0x9f13c6,90E8F379085D
0x9f13f6,90E8794C085D
0x9f14c2,90E81C39FF5C
0x9f165d,90E86081085D
0x9f1695,90E82048075D
0x9f169f,90E81648075D
0x9f170d,90E8B080085D
0x9f1748,90E86D47075D
0x9f1752,90E86347075D
0x9f1c11,90E8B2B0025D
0x9f1e4a,90E8F952075D
0x9f20ac,90E817AC025D
0x9f20cd,90E8F6AB025D
0x9f212a,90E899AB025D
0x9f22f9,90E8CAA9025D
0x9f234e,90E8F54D075D
0x9f289f,90E89596015D
0x9f2992,90E84C24FF5C
0x9f2b2d,90E8906C085D
0x9f2b65,90E85033075D
0x9f2b6f,90E84633075D
0x9f2bdd,90E8E06B085D
0x9f2c18,90E89D32075D
0x9f2c22,90E89332075D
0x9f2ffd,90E8C69C025D
0x9f322a,90E8193F075D
0x9f347c,90E84798025D
0x9f349d,90E82698025D
0x9f34fa,90E8C997025D
0x9f36d9,90E8EA95025D
0x9f3731,90E8123A075D
0x9f3bd1,90E86383015D
0x9f3d9d,90E8205A085D
0x9f3dd5,90E8E020075D
0x9f3ddf,90E8D620075D
0x9f3e4d,90E87059085D
0x9f3e88,90E82D20075D
0x9f3e92,90E82320075D
0x9f41a1,90E8228B025D
0x9f427a,90E8498A025D
0x9f444c,90E8F72C075D
0x9f466d,90E85686025D
0x9f469a,90E82986025D
0x9f473c,90E88785025D
0x9f475d,90E86685025D
0x9f47ba,90E80985025D
0x9f498d,90E83683025D
0x9f49d9,90E8EA82025D
0x9f4a2e,90E81527075D
0x9f4f8f,90E8A56F015D
0x9f514d,90E87046085D
0x9f5185,90E8300D075D
0x9f518f,90E8260D075D
0x9f51fd,90E8C045085D
0x9f5238,90E87D0C075D
0x9f5242,90E8730C075D
0x9f5410,90E85D21FF5C
0x9f555d,90E86677025D
0x9f563a,90E88976025D
0x9f57da,90E86919075D
0x9f5a0d,90E8B672025D
0x9f5abc,90E80772025D
0x9f5add,90E8E671025D
0x9f5b3a,90E88971025D
0x9f5d1d,90E8A66F025D
0x9f5d69,90E85A6F025D
0x9f5dc1,90E88213075D
0x9f616a,90E8596B025D
0x9f6461,90E8D35A015D
0x9f664d,90E87031085D
0x9f6685,90E830F8065D
0x9f668f,90E826F8065D
0x9f66fd,90E8C030085D
0x9f6738,90E87DF7065D
0x9f6742,90E873F7065D
0x9f689d,90E82664025D
0x9f68ad,90E81664025D
0x9f68bc,90E80764025D
0x9f6936,90E88D63025D
0x9f6948,90E87B63025D
0x9f6953,90E87063025D
0x9f6b41,90E88261025D
0x9f6d6a,90E8D903075D
0x9f6fcc,90E8F75C025D
0x9f6fed,90E8D65C025D
0x9f704a,90E8795C025D
0x9f7219,90E8AA5A025D
0x9f726e,90E8D5FE065D
0x9f77bf,90E87547015D
0x9f793d,90E8801E085D
0x9f7975,90E840E5065D
0x9f797f,90E836E5065D
0x9f79ed,90E8D01D085D
0x9f7a28,90E88DE4065D
0x9f7a32,90E883E4065D
0x9f7c55,90E86E50025D
0x9f7c67,90E85C50025D
0x9f7c72,90E85150025D
0x9f7cfd,90E8C64F025D
0x9f7d0f,90E8B44F025D
0x9f7d1a,90E8A94F025D
0x9f7dd7,90E8EC4E025D
0x9f7de9,90E8DA4E025D
0x9f7df4,90E8CF4E025D
0x9f7eb7,90E80C4E025D
0x9f7ec9,90E8FA4D025D
0x9f7ed4,90E8EF4D025D
0x9f8086,90E83D4C025D
0x9f80c6,90E8FD4B025D
0x9f80da,90E8E94B025D
0x9f814f,90E8744B025D
0x9f816f,90E8544B025D
0x9f81b4,90E80F4B025D
0x9f81c8,90E8FB4A025D
0x9f8204,90E8BF4A025D
0x9f83c8,90E8FB48025D
0x9f86cc,90E877EA065D
0x9f8779,90E84A45025D
0x9f87da,90E8E944025D
0x9f880a,90E8B944025D
0x9f8859,90E86A44025D
0x9f887a,90E84944025D
0x9f8a21,90E81335015D
0x9f8ebd,90E80009085D
0x9f8ef5,90E8C0CF065D
0x9f8eff,90E8B6CF065D
0x9f8f6d,90E85008085D
0x9f8fa8,90E80DCF065D
0x9f8fb2,90E803CF065D
0x9f9154,90E80FA2FE5C
0x9f93d1,90E8F238025D
0x9f960a,90E839DB065D
0x9f986c,90E85734025D
0x9f988d,90E83634025D
0x9f98ea,90E8D933025D
0x9f9ab9,90E80A32025D
0x9f9b0e,90E835D6065D
0x9fa05f,90E8D51E015D
0x9fa26e,90E8401D015D
0x9fa3d3,90E8E87CFE5C
0x9fa46b,90E810BA065D
0x9fa510,90E8A5B9065D
0x9fa5fe,90E8B7B8065D
0x9fa669,90E8DF94015D
0x9fa6fb,90E81588FE5C
0x9fa71a,90E82E94015D
0x9fa760,90E8E3C9065D
0x9fa838,90E87DB6065D
0x9fa84d,90E868B6065D
0x9fa861,90E854B6065D
0x9fa879,90E83CB6065D
0x9fa91e,90E897B5065D
0x9fa989,90E8BF91015D
0x9faa1b,90E8F584FE5C
0x9faa3a,90E80E91015D
0x9faa79,90E8CAC6065D
0x9fab2a,90E88BB3065D
0x9fab3f,90E876B3065D
0x9fab53,90E862B3065D
0x9fab6b,90E84AB3065D
0x9fac33,90E88874FE5C
0x9fad4e,90E86D73FE5C
0x9faec6,90E8F571FE5C
0x9fb027,90E89470FE5C
0x9fb090,90E82B70FE5C
0x9fb174,90E859B4065D
0x9fb1c0,90E8FB6EFE5C
0x9fb241,90E8CF7CFE5C
0x9fb251,90E8F2BE065D
0x9fb2b1,90E85F7CFE5C
0x9fb2c1,90E882BE065D
0x9fb33f,90E83CAB065D
0x9fb361,90E8E2BD065D
0x9fb497,90E8ACBC065D
0x9fb4ce,90E88614085D
0x9fb4e2,90E81EBE065D
0x9fb4f4,90E8C1A9065D
0x9fb506,90E8AFA9065D
0x9fb517,90E89EA9065D
0x9fb53f,90E8C1BD065D
0x9fb550,90E865A9065D
0x9fb560,90E8A0BD065D
0x9fb570,90E837AD065D
0x9fb580,90E880BD065D
0x9fb58f,90E8B4BB065D
0x9fb5c0,90E89413085D
0x9fb5d4,90E82CBD065D
0x9fb5e6,90E8CFA8065D
0x9fb5f8,90E8BDA8065D
0x9fb609,90E8ACA8065D
0x9fb631,90E8CFBC065D
0x9fb642,90E873A8065D
0x9fb652,90E8AEBC065D
0x9fb65e,90E8A2BC065D
0x9fb66e,90E892BC065D
0x9fb67d,90E8C6BA065D
0x9fb6ae,90E8A612085D
0x9fb6c2,90E83EBC065D
0x9fb6d4,90E8E1A7065D
0x9fb6e6,90E8CFA7065D
0x9fb6f7,90E8BEA7065D
0x9fb71f,90E8E1BB065D
0x9fb730,90E885A7065D
0x9fb740,90E8C0BB065D
0x9fb750,90E857AB065D
0x9fb760,90E8A0BB065D
0x9fb76f,90E8D4B9065D
0x9fb7a0,90E8B411085D
0x9fb7b4,90E84CBB065D
0x9fb7c6,90E8EFA6065D
0x9fb7d8,90E8DDA6065D
0x9fb7e9,90E8CCA6065D
0x9fb811,90E8EFBA065D
0x9fb822,90E893A6065D
0x9fb832,90E8CEBA065D
0x9fb83e,90E8C2BA065D
0x9fb84e,90E8B2BA065D
0x9fb85d,90E8E6B8065D
0x9fb88e,90E8C610085D
0x9fb8a2,90E85EBA065D
0x9fb8b4,90E801A6065D
0x9fb8c6,90E8EFA5065D
0x9fb8d7,90E8DEA5065D
0x9fb8ff,90E801BA065D
0x9fb910,90E8A5A5065D
0x9fb920,90E8E0B9065D
0x9fb930,90E877A9065D
0x9fb940,90E8C0B9065D
0x9fb94f,90E8F4B7065D
0x9fb980,90E8D40F085D
0x9fb994,90E86CB9065D
0x9fb9a6,90E80FA5065D
0x9fb9b8,90E8FDA4065D
0x9fb9c9,90E8ECA4065D
0x9fb9f1,90E80FB9065D
0x9fba02,90E8B3A4065D
0x9fba12,90E8EEB8065D
0x9fba1e,90E8E2B8065D
0x9fba2e,90E8D2B8065D
0x9fba5c,90E8E7B6065D
0x9fba8d,90E8C70E085D
0x9fbaa1,90E85FB8065D
0x9fbab3,90E802A4065D
0x9fbac5,90E8F0A3065D
0x9fbad6,90E8DFA3065D
0x9fbae5,90E85EB6065D
0x9fbb13,90E8AADC075D
0x9fbb2f,90E8250E085D
0x9fbb43,90E8BDB7065D
0x9fbb55,90E860A3065D
0x9fbb67,90E84EA3065D
0x9fbb79,90E83CA3065D
0x9fbb8a,90E82BA3065D
0x9fbbb2,90E84EB7065D
0x9fbbc3,90E8F2A2065D
0x9fbbd3,90E82DB7065D
0x9fbbe1,90E823A6065D
0x9fbbf1,90E80FB7065D
0x9fbc09,90E83AB5065D
0x9fbc37,90E886DB075D
0x9fbc56,90E8FE0C085D
0x9fbc6a,90E896B6065D
0x9fbc7c,90E839A2065D
0x9fbc8e,90E827A2065D
0x9fbca0,90E815A2065D
0x9fbcb1,90E804A2065D
0x9fbcc6,90E8EFA1065D
0x9fbd5c,90E81FA1065D
0x9fbd7a,90E806B5065D
0x9fbd90,90E8B3B3065D
0x9fbda7,90E89CB3065D
0x9fbddf,90E8BEB7065D
0x9fbdef,90E8C6A0065D
0x9fbdff,90E8B6A0065D
0x9fbe11,90E8A4A0065D
0x9fbe20,90E823B3065D
0x9fbe37,90E80CB3065D
0x9fbe6f,90E82EB7065D
0x9fbe7f,90E836A0065D
0x9fbe8f,90E826A0065D
0x9fbea1,90E814A0065D
0x9fbeb2,90E8CEB3065D
0x9fbec9,90E87AB2065D
0x9fbee0,90E863B2065D
0x9fbf18,90E885B6065D
0x9fbf28,90E88D9F065D
0x9fbf38,90E87D9F065D
0x9fbf4a,90E86B9F065D
0x9fbf59,90E8EAB1065D
0x9fbf70,90E8D3B1065D
0x9fbfa8,90E8F5B5065D
0x9fbfb8,90E8FD9E065D
0x9fbfc8,90E8ED9E065D
0x9fbfda,90E8DB9E065D
0x9fbfe8,90E898B2065D
0x9fbfff,90E844B1065D
0x9fc016,90E82DB1065D
0x9fc048,90E855B5065D
0x9fc058,90E85D9E065D
0x9fc068,90E84D9E065D
0x9fc07a,90E83B9E065D
0x9fc089,90E8BAB0065D
0x9fc0a0,90E8A3B0065D
0x9fc0d2,90E8CBB4065D
0x9fc0e2,90E8D39D065D
0x9fc0f2,90E8C39D065D
0x9fc104,90E8B19D065D
0x9fc115,90E86BB1065D
0x9fc12c,90E817B0065D
0x9fc143,90E800B0065D
0x9fc17b,90E822B4065D
0x9fc18b,90E82A9D065D
0x9fc19b,90E81A9D065D
0x9fc1ad,90E8089D065D
0x9fc1bc,90E887AF065D
0x9fc1d3,90E870AF065D
0x9fc20b,90E892B3065D
0x9fc21b,90E89A9C065D
0x9fc22b,90E88A9C065D
0x9fc23d,90E8789C065D
0x9fc24e,90E832B0065D
0x9fc265,90E8DEAE065D
0x9fc27c,90E8C7AE065D
0x9fc2b4,90E8E9B2065D
0x9fc2c4,90E8F19B065D
0x9fc2d4,90E8E19B065D
0x9fc2e6,90E8CF9B065D
0x9fc2f5,90E84EAE065D
0x9fc30c,90E837AE065D
0x9fc344,90E859B2065D
0x9fc354,90E8619B065D
0x9fc364,90E8519B065D
0x9fc376,90E83F9B065D
0x9fc383,90E8249F065D
0x9fc393,90E86DAF065D
0x9fc3a0,90E8079F065D
0x9fc3ad,90E8FA9E065D
0x9fc3bd,90E843AF065D
0x9fc3ca,90E8DD9E065D
0x9fc3d7,90E8D09E065D
0x9fc3e4,90E81CAF065D
0x9fc3f1,90E8B69E065D
0x9fc3fe,90E8A99E065D
0x9fc40e,90E8F2AE065D
0x9fc41b,90E88C9E065D
0x9fc428,90E87F9E065D
0x9fc438,90E8C8AE065D
0x9fc445,90E8629E065D
0x9fc452,90E8559E065D
0x9fc46e,90E8399E065D
0x9fc47b,90E82C9E065D
0x9fc488,90E81F9E065D
0x9fc4a1,90E89FA1FD5C
0x9fc4b4,90E8F39D065D
0x9fc4c9,90E8EC99065D
0x9fc4de,90E8D799065D
0x9fc4f0,90E8C599065D
0x9fc505,90E8B099065D
0x9fc51a,90E89B99065D
0x9fc593,90E8EDAC065D
0x9fc5ae,90E86696065D
0x9fc5c8,90E81EAF065D
0x9fc5d3,90E84196065D
0x9fc621,90E8973BFE5C
0x9fc64a,90E84547FE5C
0x9fc672,90E82E40FE5C
0x9fc687,90E8D435FE5C
0x9fd309,90E8B24DFE5C
0x9fd481,90E83A4CFE5C
0x9fd501,90E8BA4BFE5C
0x9fd522,90E8994BFE5C
0x9fd535,90E8864BFE5C
0x9fd57d,90E83E4BFE5C
0x9fd5ae,90E80D4BFE5C
0x9fd5c4,90E8F74AFE5C
0x9fd60d,90E8AE4AFE5C
0x9fd63e,90E87D4AFE5C
0x9fd654,90E8674AFE5C
0x9fd725,90E89649FE5C
0x9fd7f5,90E8C648FE5C
0x9fd965,90E85647FE5C
0x9fdf7a,90E8F395FE5C
0x9fe014,90E84F53FE5C
0x9ff4f9,90E8C077075D
0xa000a2,90E81601FE5C
0xa00178,90E8E3FAFD5C
0xa005ed,90E8CBFBFD5C
0xa00647,90E85900FE5C
0xa006ab,90E8B0F5FD5C
0xa00723,90E8135D065D
0xa00782,90E8B45C065D
0xa007c7,90E8B456065D
0xa00840,90E81543FE5C
0xa00856,90E8E05B065D
0xa00876,90E81457065D
0xa008a9,90E8AA57075D
0xa008cc,90E8A357075D
0xa008f9,90E97657075D
0xa00931,90E82257075D
0xa00946,90E87363075D
0xa0099e,90E8B556075D
0xa00a2b,90E88E62075D
0xa00a54,90E86562075D
0xa00b04,90E84047FE5C
0xa00b1b,90E89E61075D
0xa00b3c,90E86756075D
0xa00e09,90E83A63065D
0xa00e2c,90E8F145065D
0xa00e37,90E8295E065D
0xa00e5f,90E85650065D
0xa00f0c,90E8A94F065D
0xa00f44,90E8714F065D
0xa01009,90E83A61065D
0xa0102c,90E8F143065D
0xa01037,90E8295C065D
0xa01062,90E8534E065D
0xa01151,90E8644D065D
0xa01d1b,90E86041065D
0xa01d36,90E86758065D
0xa01d8b,90E8C842075D
0xa01da6,90E8067E075D
0xa01dfb,90E85842075D
0xa01e16,90E8F36C075D
0xa01e43,90E92C42075D
0xa01e9e,90E8F42C075D
0xa01ec2,90E8836B075D
0xa01ed5,90E83670075D
0xa01ef3,90E8C66E075D
0xa01f06,90E86941075D
0xa01fd2,90E80C2EFE5C
0xa02060,90E81B3E065D
0xa021c6,90E9EF3C065D
0xa021f5,90E8CEAA015D
0xa02209,90E8BAAA015D
0xa02219,90E8AAAA015D
0xa0227b,90E848AA015D
0xa0228b,90E838AA015D
0xa022b9,90E80AAA015D
0xa022cd,90E8F6A9015D
0xa022dd,90E8E6A9015D
0xa0233f,90E884A9015D
0xa0234f,90E874A9015D
0xa02377,90E84CA9015D
0xa0238f,90E834A9015D
0xa023be,90E805A9015D
0xa023d6,90E8EDA8015D
0xa0247a,90E86533065D
0xa02490,90E88D2F065D
0xa024a1,90E8D350065D
0xa024bf,90E8E83BFD5C
0xa024e4,90E8392F065D
0xa024f3,90E88150065D
0xa0252f,90E88639065D
0xa02541,90E87439065D
0xa02559,90E88632065D
0xa02581,90E85E32065D
0xa025a9,90E83632065D
0xa025d1,90E80E32065D
0xa025f9,90E8E631065D
0xa0261e,90E8C131065D
0xa02639,90E8E42D065D
0xa02648,90E82C4F065D
0xa0265e,90E8493AFD5C
0xa0266e,90E84738065D
0xa026f3,90E894E1065D
0xa02709,90E897E2065D
0xa0271a,90E8F167075D
0xa02738,90E83C3CFD5C
0xa02755,90E84BE2065D
0xa02764,90E8A767075D
0xa0278b,90E8E438075D
0xa0279d,90E8D238075D
0xa027b5,90E8D2E0065D
0xa027dc,90E8ABE0065D
0xa02803,90E884E0065D
0xa0282a,90E85DE0065D
0xa02851,90E836E0065D
0xa02875,90E812E0065D
0xa02891,90E80FE1065D
0xa028a0,90E86B66075D
0xa028b6,90E8BE3AFD5C
0xa028c7,90E8A837075D
0xa02953,90E870A3015D
0xa02967,90E85CA3015D
0xa029ba,90E88B60075D
0xa029ea,90E88536075D
0xa029f9,90E84920075D
0xa02a11,90E88320075D
0xa02a29,90E81920075D
0xa02a47,90E87CA2015D
0xa02a80,90E843A2015D
0xa02a96,90E885C1FE5C
0xa02b58,90E86BA1015D
0xa02b8e,90E8E134075D
0xa02bb4,90E8BB34075D
0xa02c45,90E87EA0015D
0xa02c5d,90E866A0015D
0xa02cbc,90E88744065D
0xa02cec,90E8C931065D
0xa02cfb,90E8782D065D
0xa02d0f,90E8B62D065D
0xa02d2b,90E8482D065D
0xa02e0f,90E8B49E015D
0xa02e45,90E87030065D
0xa02e6b,90E84A30065D
0xa02f1d,90E82642065D
0xa02f4a,90E86B2F065D
0xa02f82,90E8332F065D
0xa02fa2,90E8132F065D
0xa0304a,90E8FB59075D
0xa03077,90E8F82F075D
0xa030b3,90E8BC2F075D
0xa030d3,90E89C2F075D
0xa03214,90E8882FFE5C
0xa03339,90E80C57075D
0xa0336c,90E8032D075D
0xa0338c,90E8E32C075D
0xa033a9,90E8AA2C075D
0xa033be,90E8952C075D
0xa033f1,90E8BB67075D
0xa03421,90E8822D075D
0xa03432,90E81356075D
0xa03466,90E84667075D
0xa03478,90E8F72B075D
0xa0348a,90E8E52B075D
0xa034d9,90E8962B075D
0xa034ee,90E8812B075D
0xa03503,90E86C2B075D
0xa03561,90E86297015D
0xa0359a,90E8D52A075D
0xa035bd,90E8DF2BFE5C
0xa0361c,90E89FEAFD5C
0xa0376a,90E851E9FD5C
0xa0387e,90E8C538065D
0xa038b1,90E80426065D
0xa038d9,90E8A225065D
0xa03909,90E8943C065D
0xa03920,90E82338065D
0xa03953,90E86225065D
0xa0398d,90E82825065D
0xa0399f,90E81625065D
0xa039c9,90E8EC24065D
0xa03a29,90E89A92015D
0xa03a63,90E85224065D
0xa03a86,90E835E6FD5C
0xa03ad0,90E8CC26FE5C
0xa03bec,90E8B025FE5C
0xa03c62,90E8E34D075D
0xa03c9b,90E8D423075D
0xa03ca9,90E89C4D075D
0xa03cdb,90E89423075D
0xa03ce9,90E85C4D075D
0xa03d1b,90E85423075D
0xa03d35,90E8104D075D
0xa03d68,90E80723075D
0xa03d80,90E8EF22075D
0xa03dda,90E84A34FE5C
0xa03dff,90E87022075D
0xa03e14,90E85B22075D
0xa03e29,90E84622075D
0xa03e3e,90E83122075D
0xa03e69,90E83323FE5C
0xa03e81,90E8EE21075D
0xa03e96,90E8D921075D
0xa03eab,90E8C421075D
0xa03ec0,90E8AF21075D
0xa03ef4,90E8CF8D015D
0xa03f0b,90E83A4B075D
0xa03f3e,90E8074B075D
0xa03f77,90E8F820075D
0xa03f89,90E8B90A075D
0xa03fa0,90E8F40A075D
0xa03fbb,90E8870A075D
0xa04092,90E8DD1F075D
0xa040a4,90E8CB1F075D
0xa040bc,90E8B31F075D
0xa04142,90E8818B015D
0xa04195,90E82E8B015D
0xa041ab,90E89A48075D
0xa041c0,90E8931E075D
0xa041f1,90E8BB59075D
0xa04207,90E83E48075D
0xa04240,90E82F1E075D
0xa0424e,90E8F747075D
0xa04280,90E8EF1D075D
0xa042b0,90E8742FFE5C
0xa042c5,90E88047075D
0xa042fe,90E8711D075D
0xa0432f,90E81647075D
0xa04362,90E80D1D075D
0xa0437f,90E84489015D
0xa043ef,90E8801C075D
0xa0441e,90E8511C075D
0xa04433,90E83C1C075D
0xa04448,90E8271C075D
0xa0445a,90E8151C075D
0xa04472,90E8FD1B075D
0xa045cc,90E8DB1AFD5C
0xa045e1,90E8C61AFD5C
0xa04602,90E8A51AFD5C
0xa04618,90E88F1AFD5C
0xa0463a,90E8378DFE5C
0xa0464f,90E8228DFE5C
0xa046b2,90E8F519FD5C
0xa046c4,90E8E319FD5C
0xa04733,90E86A22FE5C
0xa047d6,90E89E1BFD5C
0xa047eb,90E8891BFD5C
0xa0480c,90E8681BFD5C
0xa04822,90E8521BFD5C
0xa04844,90E86BB8FE5C
0xa04859,90E856B8FE5C
0xa048c6,90E86A55005D
0xa0495d,90E84020FE5C
0xa049cb,90E8F882015D
0xa04a83,90E84082015D
0xa04b62,90E86181015D
0xa04c11,90E8B280015D
0xa04e46,90E85BDD075D
0xa04e72,90E87B3E085D
0xa04e8f,90E8919C085D
0xa04ecf,90E8519C085D
0xa04f0b,90E8159C085D
0xa04f25,90E8B45C075D
0xa04f3a,90E8B33D085D
0xa04f9e,90E8A0E7075D
0xa04fca,90E8863D085D
0xa04fe9,90E8E8C0065D
0xa04ff6,90E82289085D
0xa05013,90E80589085D
0xa05041,90E8D788085D
0xa0507f,90E87A57075D
0xa05090,90E88888085D
0xa0509a,90E8C65B075D
0xa050af,90E8A13C085D
0xa0517f,90E8447B015D
0xa0519f,90E8247B015D
0xa05270,90E8537A015D
0xa052a1,90E8227A015D
0xa052b1,90E8127A015D
0xa0537d,90E84679015D
0xa053d0,90E8F378015D
0xa05401,90E8C278015D
0xa05411,90E8B278015D
0xa054cf,90E8F477015D
0xa054ef,90E8D477015D
0xa0557d,90E84677015D
0xa055d0,90E8F376015D
0xa05601,90E8C276015D
0xa05611,90E8B276015D
0xa0569a,90E82976015D
0xa0571a,90E8A975015D
0xa057a7,90E81C75015D
0xa057bb,90E80875015D
0xa057e6,90E8DD74015D
0xa05895,90E88A11FE5C
0xa0598c,90E8B717065D
0xa05a2f,90E89472015D
0xa05a4f,90E87472015D
0xa05a87,90E83C72015D
0xa05a9b,90E82872015D
0xa05ac6,90E8FD71015D
0xa05b75,90E8AA0EFE5C
0xa05cd7,90E8EC6F015D
0xa05ceb,90E8D86F015D
0xa05d16,90E8AD6F015D
0xa05dc5,90E85A0CFE5C
0xa05ebc,90E88712065D
0xa05f49,90E87A6D015D
0xa0600a,90E8B96C015D
0xa06039,90E88A6C015D
0xa060fa,90E8C96B015D
0xa06128,90E89B6B015D
0xa0634c,90E8F70D065D
0xa063f8,90E8CB68015D
0xa0661c,90E8270B065D
0xa066c8,90E8FB65015D
0xa068ec,90E85708065D
0xa069a9,90E81A63015D
0xa069ca,90E8F962015D
0xa06a09,90E8BA62015D
0xa06a2a,90E89962015D
0xa06a59,90E86A62015D
0xa06aba,90E80962015D
0xa06ada,90E8E961015D
0xa06c29,90E89A60015D
0xa06c4a,90E87960015D
0xa06d28,90E8F7FCFD5C
0xa06d78,90E8A7FCFD5C
0xa06dc8,90E857FCFD5C
0xa06e28,90E8F7FBFD5C
0xa06e79,90E8A6FBFD5C
0xa06ebf,90E87550005D
0xa06f18,90E807FBFD5C
0xa06f69,90E8B6FAFD5C
0xa06faf,90E8854F005D
0xa07008,90E817FAFD5C
0xa07059,90E8C6F9FD5C
0xa0709f,90E8954E005D
0xa0719c,90E883F8FD5C
0xa0720c,90E813F8FD5C
0xa0727c,90E8A3F7FD5C
0xa072d8,90E847F7FD5C
0xa07339,90E8E6F6FD5C
0xa07378,90E8A7F6FD5C
0xa073d9,90E846F6FD5C
0xa07418,90E807F6FD5C
0xa07479,90E8A6F5FD5C
0xa074f0,90E8D357015D
0xa0752a,90E89957015D
0xa07638,90E8E7F3FD5C
0xa07658,90E8C7F3FD5C
0xa07688,90E897F3FD5C
0xa076a8,90E877F3FD5C
0xa076d8,90E847F3FD5C
0xa076f8,90E827F3FD5C
0xa077c8,90E857F2FD5C
0xa077f8,90E827F2FD5C
0xa07828,90E8F7F1FD5C
0xa078ac,90E873F1FD5C
0xa078cc,90E853F1FD5C
0xa078ec,90E833F1FD5C
0xa07a02,90E837C3005D
0xa07a62,90E8D7C2005D
0xa07aaa,90E89EC0005D
0xa07b6d,90E8DBBF005D
0xa07b97,90E8F335FE5C
0xa07eba,90E88EBC005D
0xa07fad,90E89BBB005D
0xa08197,90E878E2005D
0xa08210,90E8FFE1005D
0xa083e7,90E828E0005D
0xa08460,90E8AFDF005D
0xa086d2,90E876B4005D
0xa08752,90E8F6B3005D
0xa088fb,90E80F2FFE5C
0xa089fc,90E8C1E7FD5C
0xa08ac4,90E884B0005D
0xa08b04,90E844B0005D
0xa08b3c,90E80CB0005D
0xa08b6c,90E8DCAF005D
0xa08be4,90E864AF005D
0xa08c14,90E834AF005D
0xa08c79,90E8CFAE005D
0xa08cd9,90E86FAE005D
0xa09356,90E8B9D0005D
0xa093b8,90E8D21DFE5C
0xa0941c,90E8F3CF005D
0xa09528,90E8E7CE005D
0xa09640,90E8CFCD005D
0xa09717,90E8731AFE5C
0xa0973d,90E80BA4005D
0xa0975d,90E8EBA3005D
0xa09a80,90E803B2FD5C
0xa09b10,90E867B8FD5C
0xa09b66,90E8D3A1005D
0xa09b84,90E8B5A1005D
0xa09ba1,90E863D1FD5C
0xa09bb6,90E883A1005D
0xa09be5,90E854A1005D
0xa09c08,90E81CD6FD5C
0xa09c31,90E808A1005D
0xa09c4e,90E8B6D0FD5C
0xa09c7a,90E8BFA0005D
0xa09ca3,90E881D5FD5C
0xa09cd9,90E836C7005D
0xa09d08,90E8409E005D
0xa09d1f,90E81AA0005D
0xa09e87,90E83482FD5C
0xa0a02e,90E8952C015D
0xa0a13e,90E8852B015D
0xa0a1f1,90E8D22A015D
0xa0a40a,90E8B928015D
0xa0a45d,90E86628015D
0xa0a4ea,90E8D927015D
0xa0a58b,90E8B8CB055D
0xa0a5ed,90E8D626015D
0xa0ab16,90E84D88FD5C
0xa0af46,90E81D84FD5C
0xa0b42b,90E8387FFD5C
0xa0c150,90E9BAF1FD5C
0xa0d4d2,90E8E94BFD5C
0xa0d509,90E8B24BFD5C
0xa0ddb0,90E86AC35A5B
0xa0df27,90E8E3BA5A5B
0xa0e034,90E83DF3FD5C
0xa0e0ad,90E8C4F2FD5C
0xa0e126,90E84BF2FD5C
0xa0e1fd,90E8AA7EFC5C
0xa0e27d,90E82A7EFC5C
0xa0e695,90E8B83BFD5C
0xa0e69e,90E9C73E015D
0xa0ed72,90E851DF005D
0xa0ed8c,90E837DF005D
0xa0ed97,90E82CDF005D
0xa0edf5,90E8CEDE005D
0xa57868,90E9B2EA095D
0xa5786e,90E94CEA095D
0xa8b40c,90E891B5F55C
0xa8b44b,90E852B5F55C
0xa8ccf6,90E8A79CF55C
0xa8ce74,90E8299BF55C
0xa8daf2,90E8AB8EF55C
0xa8dba0,90E8FD8DF55C
0xa8e81d,90E88081F55C
0xa8e85b,90E84281F55C
0xa8eb2a,90E8737EF55C
0xa8eb68,90E8357EF55C
0xa8f0ae,90E85CC2F55C
0xa8f30f,90E8FBBFF55C
0xa8f968,90E83570F55C
0xa8f9a6,90E8F76FF55C
0xa90f64,90E8395AF55C
0xa910b0,90E8ED58F55C
0xa960a7,90E9A1DAF75C
0xa99d0b,90E82EA0F75C
0xa99d68,90E8D19FF75C
0xa99f2b,90E80E9EF75C
0xa99f81,90E8B89DF75C
0xa9a148,90E8F19BF75C
0xa9a1a3,90E8969BF75C
0xa9a437,90E80299F75C
0xa9a5f4,90E85495F75C
0xa9e381,90E81C86F45C
0xa9e63f,90E85E83F45C
0xab94ea,90E8B3D4F25C
0xab9bb8,90E8E5CDF25C
0xab9dee,90E8AFCBF25C
0xad696e,90E82F00F15C
0xadae05,90E898BBF05C
0xadafd3,90E8CAB9F05C
0xadb0c5,90E8D8B8F05C
0xadc0fb,90E8A2A8F05C
0xadc70b,90E892A2F05C
0xadc749,90E854A2F05C
0xaddef6,90E8CC8CF05C
0xae0a80,90E81D5FF05C
0xae0bb3,90E8EA5DF05C
0xaf7261,90E8A3FAEE5C
0xaf78bc,90E8F6B0F25C
0xaf7906,90E8ACB0F25C
0xaf7b5d,90E814F2EE5C
0xb041dc,90E8C127EE5C
0xb04877,90E82621EE5C
0xb049a7,90E8F61FEE5C
0xb04ac2,90E8E873EE5C
0xb04b08,90E8BA20EE5C
0xb04fe5,90E81F1DEE5C
0xb0a8f0,90E901C7ED5C
0xb0a94d,90E8B7C3ED5C
0xb0b45c,90E8A8B8ED5C
0xb0b46d,90E855B7ED5C
0xb0b7e2,90E822B5ED5C
0xb0c1b1,90E853ABED5C
0xb0c571,90E893A7ED5C
0xb0d0f5,90E8A898ED5C
0xb0ebc4,90E84081ED5C
0xb0ebd5,90E8ED7FED5C
0xb0eeeb,90E8197EED5C
0xb105b6,90E8F4B8ED5C
0xb105de,90E82667ED5C
0xb10730,90E8D465ED5C
0xb11246,90E8BE5AED5C
0xb11257,90E86B59ED5C
0xb18152,90E84BE8EC5C
0xb19f63,90E83ACAEC5C
0xb1afd7,90E8C6B9EC5C
0xb1c748,90E855A2EC5C
0xb237c0,90E84435EC5C
0xb23845,90E8BF34EC5C
0xb23893,90E8DE34EC5C
0xb23bd8,90E8C52DEC5C
0xb23cc1,90E84330EC5C
0xb242de,90E8BF26EC5C
0xb2487e,90E81F21EC5C
0xb251f0,90E8141BEC5C
0xb25316,90E8EE19EC5C
0xb2543a,90E8CA18EC5C
0xb285fa,90E8A3E3EB5C
0xb2879a,90E803E2EB5C
0xb2888a,90E813E1EB5C
0xb289ba,90E8E3DFEB5C
0xb28b1a,90E883DEEB5C
0xb2b1f5,90E80FBBEB5C
0xb2b20e,90E8F6BAEB5C
0xb2d88e,90E87694EB5C
0xb32218,90E88547EB5C
0xb32237,90E86647EB5C
0xb32260,90E83D47EB5C
0xb32280,90E81D47EB5C
0xb380f4,90E8A9E8EA5C
0xb3ec60,90E9FAD0EA5C
0xb3ec70,90E93AD1EA5C
0xb3ef9d,90E86DC8EA5C
0xb3efe5,90E8C5CEEA5C
0xb3f01a,90E890CDEA5C
0xb3f099,90E8C1CCEA5C
0xb3f1a2,90E8CFE1EA5C
0xb3f1d0,90E88ACBEA5C
0xb3f210,90E8976EE95C
0xb3f22f,90E82BCBEA5C
0xb3f260,90E8476EE95C
0xb3f27f,90E8DBCAEA5C
0xb3f2ba,90E8ED6DE95C
0xb3f2d5,90E885CAEA5C
0xb3f329,90E87E6DE95C
0xb3f344,90E816CAEA5C
0xb3f390,90E8176DE95C
0xb3f3af,90E8ABC9EA5C
0xb3f3e0,90E8C76CE95C
0xb3f3ff,90E85BC9EA5C
0xb3f43a,90E86D6CE95C
0xb3f455,90E805C9EA5C
0xb3f4a9,90E8FE6BE95C
0xb3f4c4,90E896C8EA5C
0xb3f510,90E90F75EA5C
0xb40381,90E88369EA5C
0xb40431,90E86C65EA5C
0xb40480,90E81D65EA5C
0xb405dc,90E8C163EA5C
0xb406a5,90E8F862EA5C
0xb40985,90E81860EA5C
0xb409fe,90E8ACB4EA5C
0xb40ae1,90E879B2EA5C
0xb40b6e,90E82F5EEA5C
0xb40c0e,90E88F5DEA5C
0xb40cb5,90E8E85CEA5C
0xb40d56,90E8475CEA5C
0xb40dce,90E83CA5EA5C
0xb40e49,90E8545BEA5C
0xb40f6d,90E8305AEA5C
0xb41038,90E86559EA5C
0xb411f8,90E8A557EA5C
0xb41428,90E87555EA5C
0xb416a8,90E8F552EA5C
0xb41968,90E83550EA5C
0xb4243d,90E83449EA5C
0xb424fd,90E87448EA5C
0xb425e6,90E88B47EA5C
0xb426b1,90E8EC42EA5C
0xb426ff,90E82043EA5C
0xb428c4,90E84044EA5C
0xb42c8f,90E81B92EA5C
0xb42d61,90E83C3CEA5C
0xb42db2,90E8F890EA5C
0xb42de4,90E82685EA5C
0xb43379,90E88B39EA5C
0xb443d0,90E8CD25EA5C
0xb4453b,90E86224EA5C
0xb7a633,90E86AC3E65C
0xb7a6e4,90E8B9C2E65C
0xb7bb54,90E849AEE65C
0xb7bf5a,90E8AAADE65C
0xb8102d,90E85EB7E65C
0xb818ad,90E8F050E65C
0xb818e9,90E8B450E65C
0xb81a25,90E8DF52E65C
0xb81ab7,90E8E64EE65C
0xb81bd7,90E8C64DE65C
0xb81cd7,90E82D50E65C
0xb81dab,90E8F24BE65C
0xb8da0c,90E8F892E55C
0xb8deef,90E8AE8AE55C
0xb90224,90E87967E55C
0xb9072a,90E87362E55C
0xb90d29,90E81030E85C
0xb90ff9,90E84F2BE85C
0xb92aa6,90E81C41E55C
0xb92e16,90E8AC3DE55C
0xb93279,90E89185E55C
0xb9328d,90E8E593E55C
0xb932cf,90E8D82DE45C
0xb989fd,90E8A0DFE45C
0xb98b57,90E846DEE45C
0xb98c4c,90E851DDE45C
0xb99804,90E899D1E45C
0xb99f7e,90E81FCAE45C
0xba0590,90E9C049E85C
0xba066d,90E8E348E85C
0xbb5c0c,90E8F810E35C
0xbb5c6c,90E89810E35C
0xbb9e71,90E82CCBE25C
0xbbc468,90E85285E65C
0xbbddca,90E8D38BE25C
0xbbdf65,90E8388AE25C
0xbbf9e7,90E81D73E25C
0xbbfabd,90E84772E25C
0xbc00f7,90E80D6CE25C
0xbc01a5,90E85F6BE25C
0xbc023d,90E8C76AE25C
0xbc02f0,90E8146AE25C
0xbc109c,90E80159E25C
0xbc123c,90E86157E25C
0xbc1376,90E82756E25C
0xbc1456,90E84755E25C
0xbc1a15,90E8884FE25C
0xbc1d17,90E8864CE25C
0xbc1def,90E8AE4BE25C
0xbc2a0e,90E88F3FE25C
0xbc2a6c,90E8313FE25C
0xbc3068,90E83539E25C
0xbc313e,90E85F38E25C
0xbc39f1,90E81333E25C
0xbca142,90E8681DE25C
0xbca6b5,90E8987BE15C
0xbca6be,90E9A77EE55C
0xbca844,90E8C60AE25C
0xbca929,90E8E109E25C
0xbcaa99,90E87108E25C
0xbcacdd,90E82D06E25C
0xbcad70,90E89A05E25C
0xbcadb3,90E85705E25C
0xbcee38,90E86EB6E15C
0xbcee52,90E80EADE15C
0xbcee6c,90E868AFE15C
0xbcfb6d,90E839A9E15C
0xbcfb7d,90E8E39FE15C
0xbcfb8d,90E847A2E15C
0xbd04b7,90E8EF9FE15C
0xbd06a0,90E86466E15C
0xbd0892,90E818B6E15C
0xbd0930,90E94D86E35C
0xbd09f6,90E88785E35C
0xbd0a36,90E84785E35C
0xbd0b31,90E9D9A7E15C
0xbd0cde,90E89F82E35C
0xbd0da5,90E805B1E15C
0xbd0dd5,90E82F5FE15C
0xbd1106,90E8A4ACE15C
0xbd11de,90E82CA1E15C
0xbd13ec,90E8D657E15C
0xbd14ee,90E8D456E15C
0xbd156d,90E85556E15C
0xbd167d,90E88756E15C
0xbd176c,90E83EA7E15C
0xbd17ec,90E81855E15C
0xbd1a5f,90E8AB98E15C
0xbd2fe7,90E8C38EE15C
0xbd336a,90E89A39E15C
0xbd3480,90E9BA13E15C
0xbd34b4,90E8CF17E15C
0xbd34d0,90E9E15BE35C
0xbd34e0,90E9C861E35C
0xbd3510,90E87317E15C
0xbd3544,90E83F17E15C
0xbd35d0,90E8B316E15C
0xbd376f,90E8B5D2E05C
0xbd3788,90E807D6E05C
0xbd37b0,90E895DCE05C
0xbd37d0,90E8D0CEE05C
0xbd380d,90E838DCE05C
0xbd3827,90E8D3C7E05C
0xbd3922,90E87B30E15C
0xbd3a57,90E87CC6E05C
0xbd3aee,90E86DC1E05C
0xbd3b4a,90E8532EE15C
0xbd3b73,90E82DCBE05C
0xbd3b93,90E80DCBE05C
0xbd3baf,90E8EE2DE15C
0xbd3c0d,90E838D8E05C
0xbd3c4c,90E8512DE15C
0xbd3c9e,90E8FF2CE15C
0xbd4c86,90E8B3F0E35C
0xbd4d5c,90E8B316E45C
0xbd5328,90E812E9E35C
0xbd53ad,90E88CE9E35C
0xbd6acc,90E8DE53E15C
0xbd6b21,90E818D2E35C
0xbd6b4d,90E8FBCFE35C
0xbd6bfe,90E84ACFE35C
0xbd6d0d,90E82CD0E35C
0xbd6d22,90E84F00E15C
0xbd6d3b,90E8B602E15C
0xbd6dab,90E84602E15C
0xbd6db9,90E88FCDE35C
0xbd6e41,90E8F8CEE35C
0xbd6e58,90E819FFE05C
0xbd6e75,90E87C01E15C
0xbd6f11,90E8E000E15C
0xbd6f3c,90E80CCCE35C
0xbd7b99,90E9C26BE15C
0xbd7c48,90E8081FE15C
0xbd7c53,90E83E24E15C
0xbda666,90E8F540E15C
0xbdb156,90E80536E15C
0xbdb196,90E8C535E15C
0xbdb24c,90E80F35E15C
0xbdb417,90E84433E15C
0xbdb51a,90E84132E15C
0xbdbf94,90E82932E05C
0xbdbf9e,90E87242E05C
0xbde939,90E822FEE05C
0xbe12d5,90E8E8DEDF5C
0xbe12df,90E831EFDF5C
0xbe1860,90E9ACD9E35C
0xbe1870,90E98F72DF5C
0xbe279f,90E86B90E05C
0xbe27c3,90E8B6C5E05C
0xbe2820,90E859C5E05C
0xbe28a0,90E9B761DF5C
0xbe28ba,90E89D61DF5C
0xbe29d4,90E8A5C3E05C
0xbe2b37,90E8205FDF5C
0xbe3940,90E9B560E25C
0xbe395a,90E86A5AE25C
0xbe3c53,90E8B776E05C
0xbe40bc,90E83959E25C
0xbe40d1,90E82459E25C
0xbe40fc,90E8C852E25C
0xbe4111,90E8B352E25C
0xbe456f,90E89B6DE05C
0xbe49ba,90E85069E05C
0xbe4ad7,90E83368E05C
0xbe63e2,90E8C85AE05C
0xbe6628,90E8E24CE05C
0xbe6a76,90E8A5DDDF5C
0xbe6b66,90E8B5DCDF5C
0xbe7e6f,90E882F1DF5C
0xbe8032,90E8BFEFDF5C
0xbe9fd4,90E83613E05C
0xbea007,90E80313E05C
0xbeba64,90E8A6F8DF5C
0xbeba97,90E873F8DF5C
0xbed004,90E806E3DF5C
0xbed0d7,90E833E2DF5C
0xbee090,90E87AD2DF5C
0xbee0d3,90E837D2DF5C
0xbee244,90E80459E25C
0xbee3df,90E82BCFDF5C
0xbee504,90E806CEDF5C
0xbee52f,90E8DBCDDF5C
0xbee5a4,90E866CDDF5C
0xbee5c4,90E846CDDF5C
0xbef022,90E8E8C2DF5C
0xbef069,90E8A1C2DF5C
0xbef110,90E8FAC1DF5C
0xbef153,90E8B7C1DF5C
0xbef22f,90E8DBC0DF5C
0xbef27d,90E88DC0DF5C
0xbefc9a,90E870B6DF5C
0xbf16fd,90E80D9CDF5C
0xbf1721,90E8E99BDF5C
0xbf1731,90E8D99BDF5C
0xbf1761,90E8A99BDF5C
0xbf1783,90E8879BDF5C
0xbf1797,90E8739BDF5C
0xbf219c,90E86E91DF5C
0xbf21e2,90E82891DF5C
0xbf3c6a,90E8DEFEE15C
0xbf3c90,90E8B8FEE15C
0xbf493f,90E809F2E15C
0xbf5f91,90E82AC1DE5C
0xbf5fb7,90E804C1DE5C
0xbf5fcd,90E8EEC0DE5C
0xbf5fea,90E8D1C0DE5C
0xbf600b,90E8B0C0DE5C
0xbf601a,90E8A1C0DE5C
0xbf6030,90E88D91DE5C
0xbf603a,90E8C09FDE5C
0xbf6249,90E9C084DF5C
0xbf7563,90E8A671DF5C
0xbfe438,90E8924CDE5C
0xc00464,90E8A6AEDE5C
0xc005c7,90E843ADDE5C
0xc0091d,90E9A562DE5C
0xc0092b,90E99762DE5C
0xc00e67,90E8A3A4DE5C
0xc0128f,90E87BA0DE5C
0xc012dd,90E82DA0DE5C
0xc0134b,90E8BF9FDE5C
0xc016b2,90E8589CDE5C
0xc01b0a,90E80098DE5C
0xc025e9,90E961C4DE5C
0xc025f9,90E9A3C4DE5C
0xc06016,90E8F386DE5C
0xc06056,90E8468ADE5C
0xc06096,90E8B489DE5C
0xc060db,90E88086DE5C
0xc0615b,90E8AE85DE5C
0xc061db,90E8C188DE5C
0xc0626b,90E8DF87DE5C
0xc070b6,90E85376DE5C
0xc07106,90E80376DE5C
0xc07369,90E8F273DE5C
0xc073f9,90E81073DE5C
0xc07489,90E8D272DE5C
0xc07519,90E8F071DE5C
0xc0a33f,90E81C44DE5C
0xc0a4ef,90E81A42DE5C
0xc0a62f,90E82C41DE5C
0xc0a7df,90E82A3FDE5C
0xc0a8af,90E8AC3EDE5C
0xc0aa4f,90E8BA3CDE5C
0xc0abef,90E8AD3EDE5C
0xc0ad8f,90E8BB3CDE5C
0xc1c8b3,90E857EADC5C
0xc1c96e,90E89CE9DC5C
0xc1ca34,90E8D6E8DC5C
0xc1cb00,90E80AE8DC5C
0xc1cb7b,90E88FE7DC5C
0xc1cc79,90E812FBDC5C
0xc1ccb3,90E8681FDD5C
0xc1d10c,90E8C9F3DC5C
0xc1d12c,90E876F7DC5C
0xc1d1a1,90E8FF34DC5C
0xc1d223,90E87D34DC5C
0xc1d49a,90E83BF0DC5C
0xc1dc17,90E8F3DBDC5C
0xc1dc8f,90E87BDBDC5C
0xc1e4cd,90E8BEE2DC5C
0xc1e78d,90E88E04DD5C
0xc1e799,90E88204DD5C
0xc1e7da,90E84104DD5C
0xc1e7e6,90E83504DD5C
0xc1e99e,90E87D02DD5C
0xc1e9aa,90E87102DD5C
0xc1f43a,90E851D3DC5C
0xc1f6f2,90E899D0DC5C
0xc1f898,90E82009DC5C
0xc1fdbe,90E821E6DB5C
0xc1ff01,90E81832DC5C
0xc1ff31,90E8E831DC5C
0xc1ff57,90E85061DB5C
0xc1ff77,90E8FAD3DC5C
0xc202e6,90E89D49DC5C
0xc20306,90E87D49DC5C
0xc20329,90E85A49DC5C
0xc20ada,90E8CD55DB5C
0xc20b2a,90E847C8DC5C
0xc20b7a,90E89F25DC5C
0xc20bba,90E85F25DC5C
0xc2105b,90E85DF1DB5C
0xc2107f,90E8DCEBDB5C
0xc211f0,90E820F0DB5C
0xc2125e,90E8B2EFDB5C
0xc21521,90E8EFECDB5C
0xc25b88,90E8150EDC5C
0xc25df3,90E8AA0BDC5C
0xc267e6,90E8B701DC5C
0xc27898,90E86CF4DB5C
0xc27952,90E87153DF5C
0xc27a0e,90E82645DE5C
0xc27b82,90E84151DF5C
0xc27e5f,90E8E4F2E35C
0xc27ec9,90E8FA4DDF5C
0xc27f79,90E84A4DDF5C
0xc27fa9,90E81A4DDF5C
0xc282f9,90E8B13BDC5C
0xc2845a,90E86948DF5C
0xc28468,90E85B48DF5C
0xc28475,90E84E48DF5C
0xc284a1,90E82248DF5C
0xc284ae,90E81548DF5C
0xc319c0,90E88821DE5C
0xc327ce,90E83645DB5C
0xc328ee,90E81644DB5C
0xc32e61,90E8A33EDB5C
0xc33db6,90E84E2FDB5C
0xc340cc,90E8382CDB5C
0xc34326,90E8DE29DB5C
0xc34532,90E83F28DB5C
0xc346a5,90E85F26DB5C
0xc380d1,90E833ECDA5C
0xc39151,90E8B3DBDA5C
0xc3dae5,90E83611DB5C
0xc3db19,90E8C28FDA5C
0xc3db40,90E89B8FDA5C
0xc3db62,90E8798FDA5C
0xc3db8b,90E8508FDA5C
0xc3dbc7,90E8148FDA5C
0xc3dbe9,90E8F28EDA5C
0xc409ef,90E8AE5FDA5C
0xc40a40,90E85D5FDA5C
0xc40aa0,90E8FD5EDA5C
0xc40aff,90E89E5EDA5C
0xc40b50,90E84D5EDA5C
0xc40bb0,90E8ED5DDA5C
0xc41040,90E85D59DA5C
0xc410a2,90E8FB58DA5C
0xc41102,90E89B58DA5C
0xc41160,90E83D58DA5C
0xc411c2,90E8DB57DA5C
0xc41222,90E87B57DA5C
0xc45a6c,90E8310FDA5C
0xc4610c,90E89108DA5C
0xc491b8,90E8B9DBD95C
0xc4a9ea,90E887C3D95C
0xc4aa5f,90E812C3D95C
0xc4aca0,90E8D1C0D95C
0xc4afb4,90E8BDBDD95C
0xc4ee04,90E8997BD95C
0xc4f5ec,90E8B173D95C
0xc5151a,90E88354D95C
0xc51579,90E82454D95C
0xc515b4,90E8E953D95C
0xc53754,90E81D36D95C
0xc537c7,90E8AA35D95C
0xc53880,90E8F134D95C
0xc543ce,90E8A329D95C
0xc54de1,90E8231FD95C
0xc55364,90E83916D95C
0xc553ad,90E8F015D95C
0xc555e4,90E8B913D95C
0xc5562d,90E87013D95C
0xc5594e,90E8B613D95C
0xc566ef,90E81506D95C
0xc5692a,90E888C0DC5C
0xc5698f,90E823C0DC5C
0xc56a6f,90E843BFDC5C
0xc56c2f,90E883BDDC5C
0xc56c58,90E81901D95C
0xc56cdb,90E82900D95C
0xc56d30,90E84100D95C
0xc56d61,90E81000D95C
0xc56f39,90E8CBFDD85C
0xc56f4a,90E878FCD85C
0xc56fd8,90E82CFDD85C
0xc579cc,90E8D1EFD85C
0xc59c98,90E805CDD85C
0xc5adb1,90E8ECBBD85C
0xc5e872,90E89284D85C
0xc5e902,90E80284D85C
0xc5e992,90E87283D85C
0xc5ea22,90E8E282D85C
0xc5eab2,90E85282D85C
0xc5eb42,90E8C281D85C
0xc67b6b,90E832EED75C
0xc67fff,90E89EE9D75C
0xc69e62,90E83BCBD75C
0xc69ec7,90E8D6CAD75C
0xc6ac10,90E82991DA5C
0xc6b564,90E8E485DA5C
0xc6c6b1,90E853A6D75C
0xc6d481,90E88398D75C
0xc6febd,90E8476ED75C
0xc71981,90E8E635DB5C
0xc75d78,90E8250CD75C
0xc75e4e,90E84F0BD75C
0xc769dc,90E82803D75C
0xc77511,90E8F3F7D65C
0xc77b01,90E803F2D65C
0xc77ea1,90E863EED65C
0xc782b1,90E853EAD65C
0xc78f48,90E8BCDDD65C
0xc7942e,90E8DC23D75C
0xc7996e,90E896D3D65C
0xc79a4e,90E8B6D2D65C
0xc79ca4,90E860D0D65C
0xc79d24,90E8E0CFD65C
0xc79e34,90E8D0CED65C
0xc79eb4,90E850CED65C
0xc7a02a,90E873C9D65C
0xc7a1d9,90E8C4C7D65C
0xc7a40f,90E88EC5D65C
0xc7aa24,90E879BFD65C
0xc7b0ce,90E8CFB8D65C
0xc7b742,90E85BB2D65C
0xc7c139,90E864A8D65C
0xc7c415,90E888A5D65C
0xc7cc37,90E8669DD65C
0xc7d10d,90E89098D65C
0xc7d31d,90E88096D65C
0xc851e2,90E8221BD65C
0xc8765b,90E880F4D55C
0xc87955,90E886F1D55C
0xc87a19,90E8C2F0D55C
0xc96cc2,90E819FED45C
0xc96d88,90E853FDD45C
0xc97bd9,90E802EFD45C
0xc9a701,90E803C6D45C
0xc9a95f,90E87CC1D45C
0xc9e8fe,90E8DD81D45C
0xc9f66f,90E83BC7D45C
0xca13ea,90E81A59D45C
0xca14b2,90E8F8A8D45C
0xca162c,90E8D856D45C
0xca164a,90E87855D45C
0xca1806,90E8FE54D45C
0xca189b,90E86954D45C
0xca18b9,90E80953D45C
0xca2a80,90E87145D45C
0xca2b0e,90E8E344D45C
0xca2b20,90E88735D35C
0xca2d95,90E86F3FD45C
0xca2da9,90E8193ED45C
0xca3106,90E8A12FD35C
0xca3246,90E82BA1D45C
0xca32d6,90E8D12DD35C
0xca330c,90E8E53CD45C
0xca331e,90E8892DD35C
0xca33ab,90E8FC2CD35C
0xca3680,90E8272AD35C
0xca3694,90E85D39D45C
0xca36a6,90E8012AD35C
0xca37a8,90E83333D45C
0xca37ee,90E88335D45C
0xca382c,90E8D834D45C
0xca383c,90E86E85D45C
0xca396a,90E89A33D45C
0xca4eb0,90E889EED65C
0xca5786,90E8C2E3D65C
0xca581f,90E81AE5D65C
0xca5bd7,90E871DFD65C
0xca8b25,90E814B2D65C
0xca9188,90E8C0A9D65C
0xcb9a3a,90E863CFD25C
0xcba20a,90E893C7D25C
0xcbb3a7,90E8F6B5D25C
0xcbb7c6,90E8D7B1D25C
0xcbbef7,90E8A6AAD25C
0xcbda33,90E86A8FD25C
0xcc091d,90E88060D25C
0xcc0c81,90E81C5DD25C
0xccdf06,90E8978AD15C
0xccdf23,90E87A8AD15C
0xccdfb4,90E8E989D15C
0xccdfd2,90E8CB89D15C
0xcd836c,90E831E6D05C
0xcd85cc,90E8D1E3D05C
0xcd8bcd,90E8DD32D15C
0xcd8c9c,90E80E32D15C
0xce266b,90E89946D05C
0xce2fcb,90E8393DD05C
0xce310b,90E8F93BD05C
0xce317b,90E8893BD05C
0xce32c1,90E8DC36D05C
0xce35f0,90E81437D05C
0xce3796,90E86E35D05C
0xce37f4,90E8A931D05C
0xce3f60,90E8A42DD05C
0xce49be,90E8DF1FD05C
0xce4a0b,90E8F922D05C
0xce4eaf,90E8551ED05C
0xce778b,90E879F5CF5C
0xcec95c,90E841A0CF5C
0xcecf98,90E86C9DCF5C
0xcedc97,90E8C263D25C
0xcedcb0,90E9A963D25C
0xcedccf,90E88A63D25C
0xcedcf0,90E94A63D25C
0xcedd2d,90E8B362D25C
0xcedebd,90E8FE41CF5C
0xcee020,90E89B40CF5C
0xcee130,90E900BDD15C
0xcee140,90E90471CF5C
0xcee15b,90E818C8D15C
0xcee17b,90E89AC0D15C
0xcee190,90E9F196CF5C
0xcee1a0,90E9E196CF5C
0xcee1b0,90E90D90CF5C
0xcee1c0,90E97396CF5C
0xcee1d0,90E9C890CF5C
0xcee1f0,90E90CECCF5C
0xcee200,90E96AECCF5C
0xcee280,90E931AED15C
0xcee290,90E9C568CF5C
0xcee2ab,90E84AB7D15C
0xcee2cb,90E8F9B0D15C
0xcee2e0,90E9CADBCF5C
0xcee2f0,90E9BADBCF5C
0xcee309,90E901D5CF5C
0xcee310,90E99A6DD05C
0xcee320,90E954FFCE5C
0xcee339,90E93723D05C
0xcee349,90E9AD29D05C
0xceef4a,90E8EA47CF5C
0xceef89,90E881C3CF5C
0xcef1e1,90E86360CF5C
0xcef342,90E8C8BFCF5C
0xcef3e8,90E822BFCF5C
0xcef691,90E8DFC9D15C
0xcef6d8,90E846C8D15C
0xcef758,90E8C6C7D15C
0xcef7f5,90E829C7D15C
0xcef8a9,90E89F42D25C
0xcef92b,90E8F3C5D15C
0xcef9dd,90E841C5D15C
0xcf07c8,90E88033D25C
0xcf096e,90E8DA31D25C
0xcf0c80,90E8C82ED25C
0xcf0db1,90E8972DD25C
0xcf10e0,90E8682AD25C
0xcf12a4,90E8A428D25C
0xcf1cf8,90E8274DCF5C
0xcf21e4,90E86419D25C
0xcf27db,90E86D13D25C
0xcf28f2,90E85612D25C
0xcf2c06,90E8420FD25C
0xcf2d6e,90E8B13CCF5C
0xcf3ec2,90E82B05D35C
0xcf3eec,90E886F7D25C
0xcf41b4,90E8F31ECE5C
0xcf4408,90E831F9D15C
0xcf442c,90E81CF7D15C
0xcf4470,90E8D8F6D15C
0xcf4d1d,90E94126CF5C
0xcf4f47,90E81724CF5C
0xcf528b,90E81217CF5C
0xcf5497,90E8C71ECF5C
0xd01f4f,90E85785CE5C
0xd04f33,90E87355CE5C
0xd0efd2,90E8D4B4CD5C
0xd108d1,90E839AACD5C
0xd1381a,90E8F07ACD5C
0xd138fb,90E83E04D05C
0xd13985,90E8C301D05C
0xd13a14,90E82503D05C
0xd13ade,90E86A00D05C
0xd148ee,90E83121CD5C
0xd1e5e9,90E85057CF5C
0xd1e696,90E8A356CF5C
0xd1e8ae,90E89A52CF5C
0xd25b4f,90E8EAE1CE5C
0xd25e1e,90E82ADDCE5C
0xd26373,90E85069CF5C
0xd26386,90E83D69CF5C
0xd26391,90E83269CF5C
0xd26578,90E8C1D7CE5C
0xd265b5,90E80E67CF5C
0xd26650,90E87366CF5C
0xd2665b,90E86866CF5C
0xd267dc,90E86CD3CE5C
0xd26a1a,90E82ED1CE5C
0xd26b60,90E86361CF5C
0xd2ab03,90E84590CE5C
0xd2bfd1,90E839F3CB5C
0xd2c01c,90E8EEF2CB5C
0xd2d4fe,90E83B68CE5C
0xd2d96e,90E8DA61CE5C
0xd2e2e5,90E84FDCCD5C
0xd2e333,90E801DCCD5C
0xd2e37a,90E8BADBCD5C
0xd2ed03,90E831D2CD5C
0xd304e2,90E8E1C7CE5C
0xd304f0,90E8D3C7CE5C
0xd304fb,90E8C8C7CE5C
0xd307b1,90E812C5CE5C
0xd307c3,90E800C5CE5C
0xd30882,90E841C4CE5C
0xd308c8,90E8FBC3CE5C
0xd310a5,90E8942CCE5C
0xd312d9,90E8602ACE5C
0xd31825,90E82323CE5C
0xd32c3d,90E80B0FCE5C
0xd3469b,90E82886CE5C
0xd346bc,90E80786CE5C
0xd346cb,90E8F885CE5C
0xd34710,90E8B385CE5C
0xd34749,90E87A85CE5C
0xd3475a,90E86985CE5C
0xd34a58,90E8E1F2CD5C
0xd34e0d,90E83BEDCD5C
0xd35a6a,90E85972CE5C
0xd35a77,90E84C72CE5C
0xd3749d,90E82658CE5C
0xd374af,90E81458CE5C
0xd374bc,90E80758CE5C
0xd374da,90E8E957CE5C
0xd374e7,90E8DC57CE5C
0xd3756b,90E85857CE5C
0xd38d65,90E85E3FCE5C
0xd38ee8,90E8DB3DCE5C
0xd38f00,90E8C33DCE5C
0xd38f11,90E8B23DCE5C
0xd3b3f5,90E85387CD5C
0xd3d472,90E851F8CD5C
0xd3d4a2,90E821F8CD5C
0xd4026c,90E8D76ED25C
0xd405a5,90E87A64CA5C
0xd40e16,90E89096CA5C
0xd410eb,90E81FA2CA5C
0xd43b91,90E87977CA5C
0xd45baf,90E85B57CA5C
0xd46dd1,90E83945CA5C
0xd47309,90E8BA59CD5C
0xd47594,90E8A5C7CC5C
0xd4765e,90E8EAC4CC5C
0xd476e4,90E855C6CC5C
0xd477ae,90E89AC3CC5C
0xd47c67,90E85C50CD5C
0xd47d35,90E8EAECC95C
0xd48ed9,90E8EA3DCD5C
0xd4902c,90E8973CCD5C
0xd4908c,90E8B7E0D15C
0xd49bc7,90E8FC30CD5C
0xd4a5db,90E868CBD15C
0xd4b14b,90E8781BCD5C
0xd4b5ab,90E81817CD5C
0xd4b6fa,90E8C915CD5C
0xd4c273,90E8500ACD5C
0xd4c38c,90E893A6C95C
0xd4c3b7,90E868A6C95C
0xd4c3f5,90E82AA6C95C
0xd4c421,90E8FEA5C95C
0xd4e008,90E8BBECCC5C
0xd4e01e,90E8A5ECCC5C
0xd4e048,90E87BECCC5C
0xd4e90d,90E8B6E3CC5C
0xd4e923,90E8A0E3CC5C
0xd4e94d,90E876E3CC5C
0xd4e98e,90E835E3CC5C
0xd4e9a4,90E81FE3CC5C
0xd4e9ce,90E8F5E2CC5C
0xd4f674,90E896BCC95C
0xd53f41,90E807FCCB5C
0xd545d4,90E865F7CB5C
0xd562f9,90E84FD8CB5C
0xd57d8c,90E8BCBDCB5C
0xd59d14,90E8349ECB5C
0xd59fe1,90E8679BCB5C
0xd6c020,90E9197DCA5C
0xd6c030,90E9187BCA5C
0xd6c054,90E819B5C75C
0xd6c070,90E9EEB2C75C
0xd6c2cf,90E88FB0C75C
0xd6c2f5,90E878B2C75C
0xd6c33f,90E81FB0C75C
0xd6c368,90E805B2C75C
0xd6c3c4,90E89AAFC75C
0xd6c3ed,90E880B1C75C
0xd6c42f,90E82FAFC75C
0xd6c458,90E815B1C75C
0xd6c48f,90E8CFAEC75C
0xd6c4b8,90E8B5B0C75C
0xd6df1c,90E82C5CCA5C
0xd6e0ad,90E8C094C75C
0xd6e402,90E84657CA5C
0xd6e721,90E82754CA5C
0xd6fbf0,90E8583FCA5C
0xd70672,90E8D634CA5C
0xd70b28,90E81132CA5C
0xd70cc6,90E8822ECA5C
0xd7130b,90E86262C75C
0xd71384,90E8E961C75C
0xd71416,90E83227CA5C
0xd71be3,90E8651FCA5C
0xd71c44,90E82959C75C
0xd72a5c,90E81839C65C
0xd72aeb,90E87348C75C
0xd72b14,90E8594AC75C
0xd7417a,90E8F333C75C
0xd76b3e,90E8CC47C75C
0xd76bd0,90E83A47C75C
0xd7a571,90E8990DC75C
0xd7ea27,90E82151C95C
0xd838e3,90E880FAC55C
0xd83943,90E820FAC55C
0xd839a3,90E8C0F9C55C
0xd83a03,90E860F9C55C
0xd83a62,90E801F9C55C
0xd83ac2,90E8A1F8C55C
0xd83b22,90E841F8C55C
0xd83b82,90E8E1F7C55C
0xd83be6,90E87DF7C55C
0xd83c56,90E80DF7C55C
0xd83cc7,90E89CF6C55C
0xd83d37,90E82CF6C55C
0xd83e32,90E816FDC85C
0xd83ed4,90E89411CE5C
0xd83f1d,90E82BFCC85C
0xd83f65,90E828CACE5C
0xd83fc6,90E89DF3C55C
0xd8592f,90E8F518C65C
0xd8594a,90E87A3AC85C
0xd8596a,90E8AB48C85C
0xd85994,90E8070DC55C
0xd85c3b,90E8A00EC65C
0xd86f81,90E89432C85C
0xd8c5c6,90E88275C85C
0xd8dba5,90E8F88DC55C
0xd8dd4a,90E8FE5DC85C
0xd8dd97,90E8068CC55C
0xd8e3bd,90E8E085C55C
0xd8ec6d,90E8B27DC55C
0xd8ec7b,90E8227DC55C
0xd8edf4,90E86A85C55C
0xd8ee65,90E8F984C55C
0xd8f2e9,90E85F48C85C
0xd8f76c,90E83AADC55C
0xd8fa8e,90E818AAC55C
0xd8fb0a,90E83E40C85C
0xd90015,90E891A4C55C
0xd90091,90E80C69C55C
0xd900dd,90E86B3AC85C
0xd908f7,90E8DD94C55C
0xd90914,90E83FB5C75C
0xd93c49,90E87A90C85C
0xd93c5b,90E86890C85C
0xd93c66,90E85D90C85C
0xd95c4c,90E8FCDEC75C
0xd9a99e,90E82523C85C
0xd9a9b4,90E80F23C85C
0xd9a9bf,90E80423C85C
0xd9c437,90E8D3EEC45C
0xd9c871,90E899EAC45C
0xd9ca19,90E8F1E8C45C
0xd9cdc2,90E848E5C45C
0xd9da75,90E8C462C75C
0xd9dac4,90E87562C75C
0xd9dbcf,90E8795FC75C
0xd9ed80,90E8E345C45C
0xda06c0,90E84AACC45C
0xda0d43,90E8C7A5C45C
0xda0f7d,90E846BDC75C
0xda0f93,90E830BDC75C
0xda0fbd,90E806BDC75C
0xda0ffe,90E8C5BCC75C
0xda1014,90E8AFBCC75C
0xda103e,90E885BCC75C
0xda1f62,90E8D81CC75C
0xda1f9b,90E8AD1BC75C
0xda1fb7,90E8911BC75C
0xda1fe0,90E8681BC75C
0xda2771,90E8C914C75C
0xda27a2,90E8A613C75C
0xda2830,90E91813C75C
0xda384f,90E8EA04C75C
0xda38ef,90E85902C75C
0xda3a63,90E8D701C75C
0xda3b80,90E8C8FFC65C
0xda3ba5,90E8A3FFC65C
0xda43a6,90E893F9C65C
0xda4417,90E831F7C65C
0xda443c,90E80CF7C65C
0xda8b45,90E8F4B1C65C
0xda8bb4,90E894AFC65C
0xda8ed9,90E8A05EC45C
0xdad75c,90E8DE64C65C
0xdad7c8,90E88063C65C
0xdad7de,90E86A63C65C
0xdadd65,90E8D55EC65C
0xdaddf2,90E8565DC65C
0xdade95,90E8A55DC65C
0xdadf1c,90E82C5CC65C
0xdadf30,90E8185CC65C
0xdadf47,90E8015CC65C
0xdb0e4a,90E8EF2EC65C
0xdb0e65,90E8E32CC65C
0xdb17d2,90E83D4CC65C
0xdb3a34,90E80503C65C
0xdb70bf,90E889CAC55C
0xdb7134,90E805CCC55C
0xdb7196,90E8B2C9C55C
0xdb7a3b,90E8FFC1C55C
0xdb7a5f,90E8E9C0C55C
0xdb7a80,90E8BAC1C55C
0xdb7a94,90E8B4C0C55C
0xdb7b31,90E889CEC65C
0xdb7c7a,90E8C0BFC55C
0xdb7cc7,90E8F3CCC65C
0xdb7ce3,90E865BEC55C
0xdb946a,90E8A09CC75C
0xdbb8ae,90E85C78C75C
0xdc34e9,90E848E5C65C
0xdc40e5,90E81F2CC25C
0xdc4f70,90E8D8EBC45C
0xdc501d,90E82BEBC45C
0xdc51e8,90E860E9C45C
0xdc6da8,90E80251C25C
0xdc9127,90E8F30F1F5B
0xdc9f45,90E8BFCDC15C
0xdcf610,90E8F476C15C
0xdcf695,90E86F76C15C
0xdcf6c5,90E8AC76C15C
0xdcf7ce,90E83675C15C
0xdd23e5,90E81F49C15C
0xdd62ed,90E8B006C15C
0xdd6d44,90E859FCC05C
0xdd7071,90E82CF9C05C
0xdd8063,90E83AE9C05C
0xdd88e4,90E8B9E0C05C
0xdd8955,90E848E0C05C
0xdd8998,90E805E0C05C
0xddc105,90E8FFABC05C
0xde1f54,90E8569FC05C
0xde2ad6,90E8D493C05C
0xde34d6,90E8C734C05C
0xde3622,90E87B33C05C
0xde3a43,90E85A2FC05C
0xde432d,90E80CFAC25C
0xde4348,90E8BC29C05C
0xde4354,90E8567BC05C
0xde4382,90E8C6F7C25C
0xde5452,90E8E7E8C25C
0xde5486,90E8246AC05C
0xde5546,90E8F3E7C25C
0xde556c,90E89817C05C
0xde5578,90E83269C05C
0xde5b71,90E89311C05C
0xde7c8f,90E875F0BF5C
0xde7d8c,90E878EFBF5C
0xdeabde,90E826C1BF5C
0xdeaeed,90E817BEBF5C
0xdeb461,90E8A3B8BF5C
0xdebeed,90E8BDFEBF5C
0xdec637,90E83AA7BF5C
0xdec7b5,90E84FA5BF5C
0xdef195,90E886FABF5C
0xdef1c9,90E81279BF5C
0xdef1f0,90E8EB78BF5C
0xdef212,90E8C978BF5C
0xdef23b,90E8A078BF5C
0xdef277,90E86478BF5C
0xdef299,90E84278BF5C
0xdf2a4b,90E8EE12C25C
0xdf2adf,90E86910C25C
0xdf9782,90E84135C25C
0xdf9f75,90E8AACABE5C
0xdfa85e,90E84C16BF5C
0xdfaa11,90E88CBFBE5C
0xdfabc2,90E80121C25C
0xdfb3e1,90E823B9BE5C
0xdfc165,90E8BAA8BE5C
0xdfc4da,90E8C3A4BE5C
0xdfc850,90E87304C25C
0xdfd879,90E831E6BE5C
0xdfd890,90E81AE6BE5C
0xdfddf8,90E8278CBE5C
0xdfe609,90E8BAE6C15C
0xdfe61a,90E8A9E6C15C
0xdfe631,90E892E6C15C
0xdfe643,90E880E6C15C
0xdfe650,90E873E6C15C
0xdfe66e,90E855E6C15C
0xdfe67b,90E848E6C15C
0xdfe751,90E872E5C15C
0xdfe761,90E862E5C15C
0xdfe80f,90E8B4E4C15C
0xdfe81f,90E8A4E4C15C
0xdff813,90E8B0D4C15C
0xdff827,90E89CD4C15C
0xe00ae9,90E8B45EBE5C
0xe01f40,90E85D4ABE5C
0xe0334d,90E81A1CC25C
0xe035ba,90E8E333BE5C
0xe03709,90E89432BE5C
0xe07eea,90E8B3EABD5C
0xe07f1e,90E87FEABD5C
0xe0b254,90E8139DC15C
0xe0c119,90E84E8EC15C
0xe0c80b,90E85C87C15C
0xe0c8dc,90E88B86C15C
0xe0ca7d,90E8EA84C15C
0xe0d516,90E8517AC15C
0xe0d783,90E8E477C15C
0xe0d94c,90E81B76C15C
0xe0dd13,90E85472C15C
0xe0dd3f,90E82872C15C
0xe0df0d,90E85A70C15C
0xe0dfcc,90E89B6FC15C
0xe0e206,90E8616DC15C
0xe1da3a,90E8638FBC5C
0xe1def6,90E8A78ABC5C
0xe1e442,90E85B85BC5C
0xe1ec8c,90E8117DBC5C
0xe1f4ab,90E8F274BC5C
0xe1fd01,90E89C6CBC5C
0xe203fb,90E8A265BC5C
0xe21792,90E80B52BC5C
0xe217f2,90E8AB51BC5C
0xe21852,90E84B51BC5C
0xe25892,90E80B11BC5C
0xe258c6,90E8D710BC5C
0xe2ae77,90E8F0A0BF5C
0xe2b2ef,90E8AEB6BB5C
0xe2b39b,90E8CC9BBF5C
0xe31d95,90E8084CBB5C
0xe325f9,90E8A443BB5C
0xe327dc,90E8C141BB5C
0xe34c0e,90E85903BF5C
0xe34d5c,90E8411CBB5C
0xe3c543,90E8248ABE5C
0xe3c563,90E8048ABE5C
0xe3c583,90E8E489BE5C
0xe3c7e6,90E88187BE5C
0xe3c806,90E86187BE5C
0xe3c826,90E84187BE5C
0xe3d718,90E84F78BE5C
0xe3d744,90E82378BE5C
0xe3d770,90E8F777BE5C
0xe3f74d,90E81A58BE5C
0xe3f7f1,90E87657BE5C
0xe3f83e,90E82957BE5C
0xe3f872,90E8F556BE5C
0xe3f8e7,90E88056BE5C
0xe3f945,90E82256BE5C
0xe4298c,90E81140BA5C
0xe4329b,90E80237BA5C
0xe43dba,90E8E32BBA5C
0xe44a0f,90E88E1FBA5C
0xe46930,90E809D4BC5C
0xe46967,90E8D2D3BC5C
0xe47e16,90E851D1BD5C
0xe5a049,90E81EAFBC5C
0xe60548,90E8C829B85C
0xe63d7d,90E8872FB85C
0xe63ded,90E8172FB85C
0xe63eed,90E8172EB85C
0xea9cad,90E8BAB2B75C
0xefaa41,90E86914AF5C
0xf03bcd,90E8D02DAE5C
0xf03d7c,90E8882FAE5C
0xf03ddc,90E8282FAE5C
0xf03e5d,90E8402BAE5C
0xf03e99,90E8042BAE5C
0xf03fd7,90E82D2DAE5C
0xf0406e,90E82F29AE5C
0xf0418e,90E80F28AE5C
0xf04289,90E87B2AAE5C
0xf04349,90E85426AE5C
0xf0986c,90E898D4AD5C
0xf0aac1,90E843C2AD5C
0xf0fc7b,90E88970AD5C
0xf1071a,90E85766AD5C
0xf10875,90E88F64AD5C
0xf10a8f,90E87562AD5C
0xf10b52,90E8B261AD5C
0xf12fb3,90E8EA39AD5C
0xf3732d,90E870F6AA5C
0xf3792c,90E871F0AA5C
0xf41011,90E88C59AA5C
0xf41024,90E87959AA5C
0xf60c78,90E93D52B05C
0xf60c7e,90E9EA43B05C
0xf60c84,90E9FC65B05C
0xf60c8a,90E9DE43B05C
0xf60c90,90E9B364B05C
0xf60ca2,90E9D951B05C
0xf60ca8,90E982CCB05C
0xf60cae,90E90266B05C
0xf60cb4,90E9917DB15C
0xf60cba,90E9D3FCB05C
0xf60cc0,90E9CDFCB05C
0xf60cc6,90E9A953B15C
0xf60ccc,90E9194EB15C
0xf60cd2,90E99C4CB15C
0xf60cd8,90E9B5FCB05C
0xf60cde,90E9834EB15C
0xf60ce4,90E9D04BB15C
0xf60cea,90E96ABCB15C
0xf60cf0,90E96353B15C
0xf60cf6,90E9137EB15C
0xf60cfc,90E9C18AB15C
0xf60d02,90E93D46B05C
0xf60d08,90E91143B05C
0xf60d0e,90E9DF41B05C
0xf60d14,90E99F41B05C
0xf60d1a,90E9B28EB15C
0xf60d20,90E94247B05C
0xf60d26,90E99D3DB15C
0xf60d2c,90E93F3DB15C
0xf60d32,90E9FF7DB15C
0xf60d38,90E98180B15C
0xf60d3e,90E93668B05C
0xf60d44,90E9D547B05C
0xf60d4a,90E9224FB05C
0xf60d50,90E9CD46B05C
0xf60d56,90E9D4CBB05C
0xf60d5c,90E97C65B05C
0xf60d62,90E93B68B05C
0xf60d68,90E98180B15C
0xf60d6e,90E93E8EB15C
0xf60d74,90E92F54B15C
0xf60d7a,90E91052B05C
0xf60d80,90E9454DB05C
0xf60d86,90E9ED4CB05C
0xf60d8c,90E9408EB15C
0xf60d92,90E91B68B05C
0xf60d98,90E9D042B05C
0xf60d9e,90E94763B05C
0xf60da4,90E94267B05C
0xf60daa,90E9534CB05C
0xf60db0,90E9F0BBB15C
0xf60db6,90E9364BB15C
0xf60dbc,90E9904BB15C
0xf60dc2,90E968CBB05C
0xf60dc8,90E91EF7B05C
0xf60dce,90E9464EB05C
0xf60dd4,90E9F957B05C
0xf60dda,90E9CD54B05C
0xf60de0,90E92454B05C
0xf60de6,90E91A65B05C
0xf60dec,90E94A56B05C
0xf60df2,90E9C75EB15C
0xf60df8,90E9685EB05C
0xf60dfe,90E92CCBB05C
0xf60e04,90E9DB49B05C
0xf60e0a,90E9507DB05C
0xf60e10,90E94A7DB05C
0xf60e16,90E9217DB05C
0xf60e1c,90E9449EB15C
0xf60e22,90E91C29B25C
0xf60e28,90E9B19DB15C
0xf60e2e,90E9731DB25C
0xf60e34,90E9ECDCB25C
0xf60e3a,90E99702B15C
0xf60e40,90E9B999B15C
0xf60e46,90E9D2CAB25C
0xf60e4c,90E93BFAB05C
0xf60e52,90E9B980B15C
0xf60e58,90E93A3DB15C
0xf60e5e,90E942FBB05C
0xf60e64,90E9B8CAB05C
0xf60e6a,90E92A3CB15C
0xf60e70,90E9D23BB15C
0xf60e76,90E9A6CAB05C
0xf60e7c,90E9D47EB25C
0xf60e82,90E96B7EB25C
0xf60e8e,90E9837D875C
0xf60e94,90E928F6885C
0xf60e9a,90E995F5885C
0xf60ea0,90E9DBF7885C
0xf60ea6,90E9C9EB885C
0xf60eac,90E9767B875C
0xf60eb2,90E935D6915C
0xf60eb8,90E93C7E875C
0xf60ebe,90E9CAE1885C
0xf60ec4,90E95B99915C
0xf60eca,90E9BAD5915C
0xf60ed0,90E9160E895C
0xf60ed6,90E9FAED935C
0xf60edc,90E9C8FD935C
0xf60ee2,90E929D1915C
0xf60ee8,90E9DFD0915C
0xf60eee,90E9FEF0885C
0xf60ef4,90E9686E935C
0xf60efa,90E9796E935C
0xf60f00,90E9BE6B935C
0xf60f06,90E97A6C935C
0xf60f0c,90E91BBD915C
0xf60f12,90E95599915C
0xf60f18,90E9C7DB915C
0xf60f1e,90E996D9915C
0xf60f24,90E97DD7915C
0xf60f2a,90E9A396915C
0xf60f30,90E919E9885C
0xf60f36,90E999ED885C
0xf60f3c,90E92083875C
0xf60f42,90E9C488935C
0xf60f48,90E96586935C
0xf60f4e,90E9447D935C
0xf60f54,90E92621225B
0xf60f5a,90E9A01F225B
0xf60f60,90E9AA1E225B
0xf60f66,90E9E449225B
0xf60f6c,90E9FE1C225B
0xf60f72,90E99820225B
0xf60f78,90E93222225B
0xf60f7e,90E92C3D225B
0xf60f84,90E9163A225B
0xf60f8a,90E9401D225B
0xf60f90,90E96A09225B
0xf60f96,90E9840F225B
0xf60f9c,90E96E4C225B
0xf60fa2,90E95844225B
0xf60fa8,90E9F21C225B
0xf60fae,90E98C14225B
0xf60fb4,90E9D646225B
0xf60fba,90E9803D225B
0xf60fc0,90E91A3D225B
0xf60fc6,90E9243E225B
0xf60fcc,90E90E41225B
0xf60fd2,90E94847225B
0xf60fd8,90E9123F225B
0xf60fde,90E9BC3F225B
0xf60fe4,90E9863D225B
0xf60fea,90E9303F225B
0xf60ff0,90E9CA3E225B
0xf60ff6,90E98440225B
0xf60ffc,90E94EB5165B
0xf61002,90E93865155B
0xf61008,90E94267155B
0xf6100e,90E90C67155B
0xf61014,90E9D668155B
0xf6101a,90E9106A155B
0xf61020,90E9FAB9165B
0xf61026,90E9B4B9165B
0xf6102c,90E91EBA165B
0xf61032,90E948BA165B
0xf61038,90E972BA165B
0xf6103e,90E9BCB3165B
0xf61044,90E9C6B6165B
0xf6104a,90E96063155B
0xf61050,90E92AB5165B
0xf61056,90E98466155B
0xf6105c,90E91E64155B
0xf61062,90E94864155B
0xf61068,90E9F24E165B
0xf6106e,90E9EC69155B
0xf61074,90E9466A155B
0xf6107a,90E98069155B
0xf61080,90E9CA63155B
0xf61086,90E92468155B
0xf6108c,90E99E68155B
0xf61092,90E978B5165B
0xf61098,90E992B3165B
0xf6109e,90E9FCBA165B
0xf610a4,90E9D664155B
0xf610aa,90E970B1145B
0xf610b0,90E96AB4165B
0xf610b6,90E904B3165B
0xf610bc,90E9CA36075B
0xf610c2,90E95609075B
0xf610c8,90E99109075B
0xf610ce,90E96C88055B
0xf610d4,90E94690055B
0xf610da,90E93089055B
0xf631fd,90E8CA02A75C
0xf6325c,90E88D01A75C
0xf6390f,90E9FB79A85C
0xf6410e,90E8FC71A85C
0xf641b0,90E85A71A85C
0xf775d1,90E8393DA75C
0xf7be00,90E99C2CA75C
0xf7be19,90E8832CA75C
0xf7be48,90E83B8EA65C
0xf7cebe,90E897DAAA5C
0xf7f10f,90E9FBC1A65C
0xf7f12f,90E9DBC1A65C
0xf7f18f,90E97BC1A65C
0xf7f1af,90E95BC1A65C
0xf7f20f,90E9FBC0A65C
0xf7f22f,90E9DBC0A65C
0xf7f26b,90E99FC0A65C
0xf7f28b,90E97FC0A65C
0xf81c5f,90E83DCEA65C
0xf8c9f9,90E811E9A55C
0xf8ca64,90E8A6E8A55C
0xf8cb39,90E8D1E7A55C
0xf8fafd,90E80DB8A55C
0xf8fcd4,90E836B6A55C
0xf8fd45,90E8C5B5A55C
0xf92cb7,90E85386A55C
0xf92d17,90E8F385A55C
0xf92d94,90E87685A55C
0xf9373e,90E8CC7BA55C
0xf94f2c,90E8295AA95C
0xf94ffd,90E85859A95C
0xf951e3,90E82761A55C
0xf95827,90E82E51A95C
0xf95fa9,90E890DDA75C
0xf95fd8,90E870DBA75C
0xf9702f,90E9DB42A55C
0xf98d99,90E87125A55C
0xf98e77,90E89324A55C
0xf995ea,90E8201DA55C
0xf999d0,90E90BD1A45C
0xf9b606,90E804FDA45C
0xf9b8b9,90E8EEA7A35C
0xf9cfe0,90E892F6A45C
0xf9d030,90E8AB9AA45C
0xf9d0d8,90E8039AA45C
0xf9d320,90E852F3A45C
0xf9d3cd,90E80E97A45C
0xf9db88,90E8EAEAA45C
0xf9db96,90E81185A35C
0xf9e5ac,90E8C6E0A45C
0xf9e5ba,90E8ED7AA35C
0xf9f09c,90E80ECDA45C
0xfa8110,90E8F4EBA35C
0xfa8130,90E892EAA35C
0xfa815b,90E828CBA35C
0xfa81d0,90E834EBA35C
0xfa81e8,90E81CEBA35C
0xfa8213,90E8F1EAA35C
0xfa823d,90E846CAA35C
0xfa8274,90E84EE9A35C
0xfa8320,90E9910DA65C
0xfa8330,90E97813A65C
0xfa8350,90E8D4EEA35C
0xfa8375,90E8F8F1A35C
0xfa83a0,90E89BEDA35C
0xfa8410,90E9201AA65C
0xfa8427,90E8F086A75C
0xfa8448,90E8BCE8A35C
0xfa847c,90E83D60A45C
0xfa8494,90E92560A45C
0xfaaf15,90E85CBEA35C
0xfaaf86,90E87EBDA35C
0xfaaf9a,90E8D7BDA35C
0xfab297,90E86DBAA35C
0xfab763,90E8A1B5A35C
0xfae36b,90E99FCFA35C
0xfaf691,90E879BCA35C
0xfb2f75,90E8CB36A25C
0xfc866a,90E8A02CA25C
0xfc8d77,90E89325A25C
0xff3d20,90E8EAF3A35C
0xff42fc,90E80EEEA35C
0xff495c,90E8AEE7A35C
0xff5658,90E8B2DAA35C
0xff5674,90E896DAA35C
0xff56d4,90E836DAA35C
0xff5731,90E8D9D9A35C
0xff5cc0,90E84AD4A35C
0xff5cdc,90E82ED4A35C
0xffa94f,90E9BB099F5C
0xffa96f,90E99B099F5C
0xffa9bf,90E94B099F5C
0xffa9df,90E92B099F5C
0xffd9a4,90E866D99E5C
0xffdd40,90E8CAD59E5C
0xffddd9,90E831D59E5C
0xffe2f4,90E816D09E5C
0xffe35a,90E8B0CF9E5C
0xfff2ea,90E8D12D9E5C
0xfff314,90E8A72D9E5C
0xfff34c,90E86F2D9E5C
0xfff360,90E85B2D9E5C
0xfff37b,90E8402D9E5C
0xfffc17,90E8F334A35C
0xfffc3a,90E8D034A35C
0x1003caf,90E85BF4A25C
0x1003cc8,90E842F4A25C
0x10055c6,90E844DBA25C
0x1005604,90E806DBA25C
0x1005637,90E8D3DAA25C
0x100566a,90E8A0DAA25C
0x100575a,90E8B0D9A25C
0x1005798,90E872D9A25C
0x10057cb,90E83FD9A25C
0x10057fe,90E80CD9A25C
0x10062d0,90E9DE3CA05C
0x10062e0,90E9E339A05C
0x100630f,90E8CC079E5C
0x100662a,90E89936A05C
0x1006632,90E87C39A05C
0x100685a,90E881029E5C
0x1006d9c,90E83FFD9D5C
0x1007944,90E897F19D5C
0x101c8a8,90E86268A15C
0x101c8e9,90E82168A15C
0x101c98e,90E87C67A15C
0x101c9cf,90E83B67A15C
0x1021012,90E898AE9C5C
0x1028c65,90E876DE9B5C
0x1028c8d,90E84EDE9B5C
0x1028cb5,90E826DE9B5C
0x1028e96,90E86EDE9B5C
0x1028ec7,90E83DDE9B5C
0x1028efe,90E806DE9B5C
0x102d279,90E991E59B5C
0x10307e9,90E821B09B5C
0x103080a,90E867659B5C
0x103808f,90E97B329B5C
0x10380cf,90E93B329B5C
0x103a4d9,90E8310E9B5C
0x103aa26,90E8E4089B5C
0x103ab36,90E8D4079B5C
0x103aced,90E81D069B5C
0x103ad49,90E8C1059B5C
0x103b50a,90E800FE9A5C
0x103b667,90E8A3FC9A5C
0x104337d,90E88DFD9E5C
0x1050d94,90E876A5995C
0x1050e69,90E8A1A4995C
0x1051994,90E87699995C
0x1051b12,90E8F897995C
0x1054cdf,90E8F20A995C
0x1054cff,90E856D8985C
0x1054dc8,90E8C7BF985C
0x1054e38,90E857BF985C
0x1054f25,90E8D5B0985C
0x1054f45,90E800C5985C
0x1054fc5,90E835B0985C
0x1054fe5,90E8BBB6985C
0x1055134,90E8C6AE985C
0x1055178,90E8ACB8985C
0x1055297,90E8C4A9985C
0x105535a,90E86456985C
0x1055663,90E87814995C
0x1056459,90E8AB08995C
0x105646b,90E867E39C5C
0x105aa90,90E874C2985C
0x105c0a0,90E86AF7985C
0x105c160,90E8AAF6985C
0x105c27c,90E88EF5985C
0x105f231,90E8D9C0985C
0x105f285,90E885C0985C
0x105f8cf,90E93BBA985C
0x105f92f,90E9DBB9985C
0x105fa8f,90E97BB8985C
0x105faaf,90E95BB8985C
0x1063564,90E8A67D985C
0x1063923,90E8E779985C
0x10646ff,90E80B6C985C
0x1065434,90E8D65E985C
0x10654b1,90E8595E985C
0x1066180,90E88A51985C
0x1067023,90E8E742985C
0x1070f4f,90E9BBA3975C
0x1070f6f,90E99BA3975C
0x1072bb4,90E85687975C
0x107364d,90E8BD7C975C
0x1080954,90E8B063965C
0x10830de,90E92C82965C
0x1083c91,90E87976965C
0x1083e7d,90E88D74965C
0x1087e34,90E8D634965C
0x1087ea2,90E86834965C
0x1097ff3,90E817B1995C
0x1098edf,90E82B24955C
0x109981f,90E8EB1A955C
0x1099cba,90E85016955C
0x1099d15,90E8F515955C
0x1099d84,90E88615955C
0x109a44e,90E8BC0E955C
0x10ad66f,90E99BDC935C
0x10ad68f,90E97BDC935C
0x10adb21,90E8E9D7935C
0x10adc0e,90E8FCD6935C
0x10b11df,90E92BA1935C
0x10b11ff,90E90BA1935C
0x10b2504,90E8068E935C
0x10b26b9,90E8518C935C
0x10b286a,90E8A08A935C
0x10b2c8f,90E97B86935C
0x10b2caf,90E95B86935C
0x10b48f7,90E8136A935C
0x10b4960,90E8AA69935C
0x10b5063,90E8A762935C
0x10bbdf2,90E81873975C
0x10bbe19,90E8F172975C
0x10bbf80,90E88A71975C
0x10bbfa7,90E86371975C
0x10bc853,90E8B768975C
0x10bc880,90E88A68975C
0x10bc8c8,90E84268975C
0x10bc8f5,90E81568975C
0x10bfedf,90E92BB4925C
0x10bfeff,90E90BB4925C
0x10c1920,90E8EA99925C
0x10c1f1a,90E8F093925C
0x10c342f,90E9DB7E925C
0x10c344f,90E9BB7E925C
0x10ca8f0,90E81A0A925C
0x10cad4c,90E8BE05925C
0x10da6e1,90E9290C915C
0x10da701,90E9090C915C
0x10db796,90E874FB905C
0x10dba45,90E8C5F8905C
0x10dedaf,90E95BC5905C
0x10dedcf,90E93BC5905C
0x10e1171,90E899A1905C
0x10e12fe,90E80CA0905C
0x10e13d1,90E8399F905C
0x10e937f,90E88B1F905C
0x10e94c5,90E8451E905C
0x10e9534,90E8D61D905C
0x10e98d8,90E8321A905C
0x10e9d0d,90E8FD15905C
0x10ea0b6,90E85412905C
0x10ec2ce,90E93CF08F5C
0x10ec2ee,90E91CF08F5C
0x10f091c,90E8EEA98F5C
0x10f0f7a,90E890A38F5C
0x10f1211,90E8F9A08F5C
0x10f59af,90E95B598F5C
0x10f59cf,90E93B598F5C
0x10f8234,90E8D6308F5C
0x10f8a53,90E8B7288F5C
0x10f8dd7,90E833258F5C
0x10f90ff,90E80B228F5C
0x10fc595,90E8DD008F5C
0x10fc83a,90E838FE8E5C
0x10fca45,90E8BBFC8E5C
0x10fcef4,90E80CF88E5C
0x1107797,90E844F38D5C
0x1115ae0,90E97B8C8D5C
0x1117e49,90E8C1398D5C
0x1117fb4,90E9F3E08B5C
0x1118671,90E8DF148D5C
0x1118d21,90E8E8598D5C
0x1118dc6,90E843598D5C
0x1119480,90E989528D5C
0x111959d,90E8BE518D5C
0x11195bf,90E8AB238D5C
0x1119611,90E849288D5C
0x1119626,90E835518D5C
0x111b5df,90E92BFD8C5C
0x111b5ff,90E90BFD8C5C
0x112094e,90E80DDE8C5C
0x11258a3,90E8675F8C5C
0x1126319,90E8F1548C5C
0x112e8b9,90E851CA8B5C
0x1133419,90E8F17E8B5C
0x11357c2,90E8485B8B5C
0x113e0fe,90E873F28A5C
0x113e1a3,90E838898A5C
0x11446ad,90E8FA19895C
0x11447ac,90E8FB18895C
0x114d012,90E85F038A5C
0x114eaa7,90E863468E5C
0x114f3bb,90E8B679895C
0x114f526,90E8E3F1895C
0x1162654,90E8B5C0885C
0x11660d9,90E89965885C
0x11684e7,90E82333885C
0x1168523,90E8E732885C
0x11704a3,90E867B3875C
0x117cdb2,90E89ECD865C
0x11a2b05,90E8507E885C
0x11a345e,90E8F774885C
0x11a6ea3,90E838FC835C
0x11a763d,90E89EF4835C
0x11a8a93,90E8C21E885C
0x11a8c1c,90E8391D885C
0x11a8d9e,90E8B71B885C
0x11b0dd0,90E80B5D835C
0x11b1165,90E87659835C
0x11b21f4,90E81696835C
0x11b270c,90E8CF43835C
0x11b2c62,90E8A88B835C
0x11b3b6c,90E89E7C835C
0x11b6e81,90E8CF2C835C
0x11b6e92,90E8422F835C
0x11b7607,90E8CD27835C
0x11b7643,90E80D25835C
0x11b793a,90E8D0B7875C
0x11ba92f,90E9DB09835C
0x11ba94b,90E9BF09835C
0x11ba96b,90E99F09835C
0x11ba9df,90E92B09835C
0x11ba9ff,90E90B09835C
0x11baa1f,90E9EB08835C
0x11c0710,90E8FA29875C
0x11ca128,90E8ACFC815C
0x11d3ff7,90E81373815C
0x11d4066,90E8A472815C
0x11d40b1,90E85972815C
0x11e8060,90E8AA32805C
0x11e80d4,90E83632805C
0x11ecc10,90E8FAE67F5C
0x11eccb0,90E85AE67F5C
0x11ed622,90E888E87F5C
0x11edffc,90E8BE56845C
0x11f2ede,90E82C897F5C
0x11f33e0,90E82A847F5C
0x1221861,90E9A99A7C5C
0x1221881,90E9899A7C5C
0x122a886,90E8840A7C5C
0x122b3d6,90E834FF7B5C
0x123adac,90E85E057B5C
0x126ef95,90E874F7775C
0x129ef51,90E8EF76735C
0x129f559,90E860EF745C
0x129f621,90E898EE745C
0x129f6d2,90E80974745C
0x129f802,90E8D972745C
0x12a1b2f,90E9DB97745C
0x12a1b6f,90E99B97745C
0x12a1bef,90E91B97745C
0x12a1caf,90E95B96745C
0x12a1d0f,90E9FB95745C
0x12a1d3f,90E9CB95745C
0x12a1d6f,90E99B95745C
0x12a1d8f,90E97B95745C
0x12a9e6c,90E86FCC735C
0x12aa014,90E8C7CA735C
0x12abad6,90E8E47B785C
0x12c03ed,90E81DAF725C
0x12c0689,90E881AC725C
0x12c06f4,90E816AC725C
0x12c07d6,90E834AB725C
0x12c7f1d,90E8ED33725C
0x12c864d,90E8BD2C725C
0x12c86bd,90E84D2C725C
0x12c872d,90E8DD2B725C
0x12db606,90E804FD705C
0x12df8a3,90E867BA705C
0x12e5f94,90E8470B705C
0x12eb830,90E8DAFA6F5C
0x12f5d85,90E8560D6F5C
0x12fd2c1,90E81A986E5C
0x12fe75a,90E881836E5C
0x130c779,90E8416F725C
0x131dfcd,90E8EE406C5C
0x131e51d,90E8BE856C5C
0x131e53c,90E89F856C5C
0x131e559,90E882856C5C
0x131e573,90E868856C5C
0x131ecb9,90E89CBC705C
0x131edda,90E87BBB705C
0x131f2f0,90E865B6705C
0x131fa26,90E82FAF705C
0x131faa1,90E8B4AE705C
0x131feb6,90E89FAA705C
0x131ff45,90E810AA705C
0x131ff5a,90E8FBA9705C
0x13200d4,90E881A8705C
0x132012d,90E828A8705C
0x132159b,90E840556C5C
0x1321808,90E8D3526C5C
0x13292af,90E95B206C5C
0x13292cf,90E93B206C5C
0x13292ef,90E91B206C5C
0x132930f,90E9FB1F6C5C
0x132932f,90E9DB1F6C5C
0x132934f,90E9BB1F6C5C
0x132936f,90E99B1F6C5C
0x132938f,90E97B1F6C5C
0x1330c86,90E884A66B5C
0x1330d54,90E8B6A56B5C
0x1330e24,90E8E6A46B5C
0x1330ef4,90E816A46B5C
0x133199e,90E86C996B5C
0x1331b4e,90E8BC976B5C
0x1331c3d,90E8CD966B5C
0x1331d1d,90E8ED956B5C
0x1331daf,90E85B956B5C
0x133292c,90E8DE896B5C
0x133299e,90E86C896B5C
0x1332a0e,90E8FC886B5C
0x1332a80,90E88A886B5C
0x1333fa3,90E867736B5C
0x133406d,90E89D726B5C
0x133412d,90E8DD716B5C
0x13341fd,90E80D716B5C
0x1336c51,90E8B9466B5C
0x1336db4,90E856456B5C
0x1336f14,90E8F6436B5C
0x13371da,90E830416B5C
0x13418d3,90E81E576A5C
0x1341950,90E8A1566A5C
0x134335a,90E8508B6A5C
0x134337a,90E8308B6A5C
0x134339a,90E8108B6A5C
0x1344bd7,90E835A66D5C
0x1346f28,90E8F1C1695C
0x1347089,90E890C0695C
0x134cd28,90E8F31E6A5C
0x134ed11,90E8F37F695C
0x1352ce5,90E81F40695C
0x1353140,90E8C43B695C
0x1353151,90E8713A695C
0x135327e,90E8863A695C
0x135328f,90E83339695C
0x13533be,90E84639695C
0x13533cf,90E8F337695C
0x135346d,90E89738695C
0x135347e,90E84437695C
0x1353524,90E8E037695C
0x1353535,90E88D36695C
0x1353579,90E88B37695C
0x135358a,90E83836695C
0x1353668,90E89C36695C
0x1353679,90E84935695C
0x1353725,90E88229685C
0x13537b9,90E880056C5C
0x13537cf,90E8A235695C
0x1353834,90E814036C5C
0x135387b,90E82C28685C
0x1376949,90E8AC74675C
0x13769db,90E81A74675C
0x1385b71,90E99957665C
0x13881a7,90E86331665C
0x13882b5,90E85530665C
0x13943df,90E92B6F655C
0x139593d,90E8CD59655C
0x139678c,90E83BCD635C
0x1396faf,90E95B43655C
0x139aca6,90E86406655C
0x139b998,90E843B1645C
0x13aa179,90E99116645C
0x13aa9af,90E95B09645C
0x13acacd,90E83DE8635C
0x13acd37,90E8D3E5635C
0x13ad139,90E8D1E6635C
0x13ad15f,90E8ABE6635C
0x13af7c0,90E81B73635C
0x13af7da,90E89775635C
0x1425c21,90E885485C5C
0x1425c52,90E854485C5C
0x1425f44,90E809265B5C
0x14262d1,90E8D5415C5C
0x142643e,90E868405C5C
0x142649a,90E80C405C5C
0x1426542,90E8643F5C5C
0x1426931,90E899C75B5C
0x1426b9e,90E86C4C5C5C
0x142860b,90E8B26B5B5C
0x142a3d2,90E8D81A5C5C
0x142a4ac,90E81E8C5B5C
0x142a5c6,90E843415C5C
0x142a761,90E8A9105C5C
0x142a7b0,90E81A895B5C
0x142a7c1,90E809895B5C
0x142a899,90E831885B5C
0x142a8c7,90E8430F5C5C
0x142a8ed,90E8BD145C5C
0x142aa62,90E8F93C5C5C
0x142ba12,90E8F8F85B5C
0x142ba23,90E8E7FD5B5C
0x142ba4f,90E8BBF85B5C
0x142bbe1,90E829F75B5C
0x142bc24,90E8E6F65B5C
0x142bc62,90E848025C5C
0x142bc7c,90E8DF2A5C5C
0x142bca4,90E866F65B5C
0x142bf06,90E804F95B5C
0x142f8b1,90E8F5AB5B5C
0x142fa01,90E8A5AA5B5C
0x142fa6f,90E89BBD5B5C
0x142faaa,90E820365B5C
0x142fbe8,90E822BC5B5C
0x142fcee,90E81BEA5B5C
0x142fdd3,90E837BA5B5C
0x142fdee,90E81CBA5B5C
0x142fe3e,90E8CCB95B5C
0x142fe4e,90E85CBF5B5C
0x142fed7,90E8046C5B5C
0x1430040,90E80AEA5B5C
0x143035a,90E863EE5A5C
0x1430373,90E829FE5A5C
0x143042d,90E82EF85A5C
0x14304a5,90E801A05B5C
0x1430564,90E877655B5C
0x1430618,90E8A2435F5C
0x143083d,90E880E95A5C
0x1430855,90E847F95A5C
0x143086a,90E8A8E25A5C
0x14308ae,90E8ADF35A5C
0x14308d1,90E88AF35A5C
0x14322ba,90E84FC45B5C
0x14322ff,90E80AC45B5C
0x1433178,90E8F5FC5A5C
0x14333c1,90E8FCBD5A5C
0x1433441,90E87CBD5A5C
0x1433492,90E835005A5C
0x1433955,90E835825B5C
0x143396e,90E81C825B5C
0x1433987,90E803825B5C
0x14339a0,90E8EA815B5C
0x14339b9,90E8D1815B5C
0x14339d2,90E8B8815B5C
0x14339eb,90E89F815B5C
0x1433a04,90E886815B5C
0x1433a1d,90E86D815B5C
0x1433a36,90E854815B5C
0x1433a4f,90E83B815B5C
0x1433a68,90E822815B5C
0x1433a81,90E809815B5C
0x1433a9a,90E8F0805B5C
0x1433ab3,90E8D7805B5C
0x1433acc,90E8BE805B5C
0x1433ae5,90E8A5805B5C
0x1433afe,90E88C805B5C
0x1433b17,90E873805B5C
0x1433b30,90E85A805B5C
0x1433b49,90E841805B5C
0x1433b62,90E828805B5C
0x1433b7b,90E80F805B5C
0x1433b94,90E8F67F5B5C
0x1433bad,90E8DD7F5B5C
0x1433bc6,90E8C47F5B5C
0x1433bdf,90E8AB7F5B5C
0x1433bf8,90E8927F5B5C
0x1433c11,90E8797F5B5C
0x1433c2a,90E8607F5B5C
0x1433c43,90E8477F5B5C
0x1433c5c,90E82E7F5B5C
0x1433c75,90E8157F5B5C
0x1433c8e,90E8FC7E5B5C
0x1433ca7,90E8E37E5B5C
0x1433cc0,90E8CA7E5B5C
0x1433cd9,90E8B17E5B5C
0x1433cf2,90E8987E5B5C
0x1433d0b,90E87F7E5B5C
0x1433d24,90E8667E5B5C
0x1433d3d,90E84D7E5B5C
0x1433d56,90E8347E5B5C
0x1433d6f,90E81B7E5B5C
0x1433d88,90E8027E5B5C
0x1433da1,90E8E97D5B5C
0x1433dba,90E8D07D5B5C
0x1433dd3,90E8B77D5B5C
0x1433e00,90E88A7D5B5C
0x1433e19,90E8717D5B5C
0x1433e32,90E8587D5B5C
0x1433f91,90E8EECC5E5C
0x1433fa1,90E8ED0F5F5C
0x1433fac,90E8DE7B5B5C
0x143413b,90E8CF765B5C
0x1435888,90E842D85A5C
0x1435954,90E887115B5C
0x1435cd4,90E8358A5B5C
0x14392ac,90E89E575B5C
0x1439329,90E8E11F5B5C
0x14399c1,90E8E50A5B5C
0x14399e2,90E8C40A5B5C
0x1439b17,90E88F095B5C
0x1439b94,90E8F6155B5C
0x1439cb6,90E8534A5B5C
0x1439d35,90E8D4495B5C
0x1439f36,90E870055B5C
0x1439fd4,90E8D2045B5C
0x143a1d8,90E8CE025B5C
0x143a701,90E8A5FD5A5C
0x143a758,90E84EFD5A5C
0x143b019,90E872175B5C
0x143b0f8,90E8ACBB5D5C
0x143b148,90E85CBB5D5C
0x143b179,90E891065B5C
0x143b202,90E8CDC55D5C
0x143b26d,90E84AC75D5C
0x143b27b,90E829BA5D5C
0x143b31d,90E875E95D5C
0x143b3aa,90E8FAB85D5C
0x143b44c,90E86BC55D5C
0x143b685,90E8B7DD5D5C
0x143b6e6,90E8CADB5D5C
0x143b84c,90E858B45D5C
0x143b89b,90E834BF5D5C
0x143bbe0,90E82AFC5A5C
0x143c496,90E874F35A5C
0x143d186,90E8218F595C
0x143e191,90E815C35A5C
0x143e409,90E800035B5C
0x143e6f3,90E897D45A5C
0x143ed67,90E8A3CA5A5C
0x143eda3,90E807D05A5C
0x143f624,90E867D15A5C
0x143f9bb,90E84FBE5A5C
0x143fa6d,90E89DBD5A5C
0x143fae8,90E8C2C25A5C
0x1440132,90E8D8B65A5C
0x1440165,90E8652F5A5C
0x14406df,90E8EB295A5C
0x14406ef,90E8B79D5A5C
0x1440994,90E816B45A5C
0x14413ad,90E8FDAA5A5C
0x14413da,90E898B25A5C
0x14413f7,90E853D65A5C
0x1441c86,90E8C4CD5A5C
0x1442bb1,90E8F5785A5C
0x1443246,90E845955A5C
0x1443334,90E857945A5C
0x144393a,90E821C3595C
0x1443b76,90E8652F5A5C
0x1443ef6,90E895885A5C
0x1443fc5,90E8C6875A5C
0x1444530,90E8DA6D5A5C
0x1444539,90E8D1725A5C
0x1444547,90E8C3725A5C
0x1444658,90E852785A5C
0x144479f,90E80B775A5C
0x1445760,90E82A5A5A5C
0x14458a6,90E824D8595C
0x1445a27,90E823905A5C
0x1445eb9,90E8918B5A5C
0x1445f8e,90E818455A5C
0x1446806,90E804505A5C
0x14480ec,90E8DEAF595C
0x1449731,90E8C968595C
0x1449b2f,90E81B4F5A5C
0x1449bd1,90E8F994595C
0x144a29c,90E8E84E5D5C
0x144a4b3,90E84D225A5C
0x144a4c5,90E83B225A5C
0x144a4f1,90E86A425A5C
0x144a6f1,90E8AB5A595C
0x144a71b,90E8473E595C
0x144a7ac,90E8DE135A5C
0x144a7e4,90E8A6135A5C
0x144a8e1,90E87A53595C
0x144acd9,90E84B5D595C
0x144be62,90E86872595C
0x144beba,90E8F0FF595C
0x144befb,90E8AFFE595C
0x144bf5b,90E84FFE595C
0x144c12a,90E8E0F6595C
0x144c52a,90E887CB5B5C
0x144c54f,90E859D15B5C
0x144cb01,90E8A7D2595C
0x144cdd4,90E801F7595C
0x144ce1c,90E8AE62595C
0x144ce97,90E8DBF7595C
0x144cf25,90E8E4175A5C
0x144d255,90E853CB595C
0x144d95a,90E850E5595C
0x144e331,90E8D9D4595C
0x144ea7d,90E82DD4595C
0x144ec1b,90E8EFCB595C
0x144eca8,90E8E3DA595C
0x144ed41,90E809FD595C
0x144ed7b,90E8D297585C
0x144eea1,90E83A7C595C
0x144eebd,90E8CED8595C
0x144eed7,90E8B4D8595C
0x144f03d,90E8CCF6595C
0x144f18d,90E8BDF8595C
0x144f1e7,90E88BD4595C
0x144f23d,90E865D6595C
0x144f279,90E829D6595C
0x144f2a8,90E8FAD5595C
0x144f2dd,90E8C5D5595C
0x144f30c,90E896D5595C
0x144f380,90E822D5595C
0x14500f0,90E8F18F585C
0x1450441,90E85BFD585C
0x145045e,90E84202595C
0x1450475,90E8E6F7585C
0x1450938,90E885E8585C
0x1450949,90E853F8585C
0x145095c,90E861E8585C
0x1450967,90E8F4F2585C
0x1450997,90E809FD585C
0x14509dd,90E8C3FC585C
0x1450c1e,90E83DF0585C
0x1450d45,90E816DA595C
0x14513c2,90E813B1595C
0x14513d0,90E819B2595C
0x145177d,90E825B1595C
0x1451839,90E8F9B0595C
0x1451903,90E89FAF595C
0x1451930,90E802B0595C
0x145195a,90E8D8AF595C
0x1451983,90E8AFAF595C
0x14519aa,90E83FAC595C
0x14519bd,90E82CAC595C
0x14519cb,90E8A7AC595C
0x14519de,90E894AC595C
0x1451a6f,90E8C3AE595C
0x1451b31,90E801AE595C
0x1451ba2,90E890AD595C
0x1451c15,90E88DAC595C
0x1451c2b,90E8AAA8595C
0x1451c41,90E831AA595C
0x1451c57,90E8A9AA595C
0x1451c6a,90E8C8AC595C
0x1451c7d,90E80EAB595C
0x1451c90,90E8D0A8595C
0x1451ca3,90E846A9595C
0x1451cd6,90E8ECAC595C
0x14548b8,90E897DB575C
0x14548f3,90E8CAA8585C
0x14548fd,90E813B9585C
0x14549e2,90E88BE4585C
0x14549fc,90E871E4585C
0x1456ad1,90E8B3865C5C
0x1456af3,90E8D7C5585C
0x145ebb5,90E884515B5C
0x145ebc5,90E8834F5B5C
0x145ebd5,90E864515B5C
0x145ebe5,90E8634F5B5C
0x14688d7,90E862B45A5C
0x14688f7,90E851B25A5C
0x1468cb9,90E822DE575C
0x1468cfd,90E8DEDD575C
0x1468d41,90E89ADD575C
0x1468d82,90E859DD575C
0x1468dc2,90E819DD575C
0x1468e02,90E8D9DC575C
0x1468e42,90E899DC575C
0x1468e82,90E859DC575C
0x1468ebf,90E81CDC575C
0x1468efc,90E8DFDB575C
0x146aae4,90E8F7BF575C
0x146db6b,90E8708F575C
0x146e177,90E86489575C
0x146e36d,90E86E87575C
0x146eadb,90E80080575C
0x1470bc8,90E8135F575C
0x1470cc3,90E8185E575C
0x147181d,90E8BE52575C
0x14720c5,90E8164A575C
0x1489692,90E82B5B555C
0x148969c,90E8746B555C
0x14896aa,90E8135B555C
0x14896b4,90E85C6B555C
0x148970c,90E8B15A555C
0x1489716,90E8FA6A555C
0x1489724,90E8995A555C
0x148972e,90E8E26A555C
0x148b60a,90E8167E5A5C
0x148b70b,90E8AF7F5A5C
0x148b72b,90E8CF7B5A5C
0x148bcdb,90E81F765A5C
0x148bd75,90E885755A5C
0x148be1b,90E8DF745A5C
0x148be8a,90E870745A5C
0x148bfea,90E810735A5C
0x148c07a,90E880725A5C
0x148c65a,90E8A06C5A5C
0x148c7da,90E8206B5A5C
0x148da0f,90E862F9555C
0x148da3b,90E836F9555C
0x148daa6,90E8CBF8555C
0x148dabe,90E8B3F8555C
0x149002a,90E8D0325A5C
0x1499148,90E8600C555C
0x149c81d,90E8284C545C
0x149c899,90E86137545C
0x149c98d,90E8133D545C
0x149cadb,90E85E72575C
0x149cb81,90E8C76F575C
0x149cc89,90E8B070575C
0x149cd05,90E8436E575C
0x14aa9c6,90E98476AE5A
0x14aa9cc,90E94E75AE5A
0x14aa9d2,90E91876AE5A
0x14aa9de,90E91F95565C
0x14aa9f4,90E96596565C
0x14aa9fa,90E94096565C
0x14aaad4,90E94994565C
0x14aaada,90E9B993565C
0x14aab3c,90E9956E575C
0x14aab68,90E8EC22575C
0x14aabfe,90E9B013565C
0x14aac04,90E98714565C
0x14aac0a,90E96614565C
0x14aac10,90E92413565C
0x14aac16,90E9AD20575C
0x14aac1c,90E90213565C
0x14aac88,90E9F09C535C
0x14aac8e,90E9A36D585C
0x14aac94,90E9A590565C
0x14aac9a,90E975B7565C
0x14aaca0,90E9A88E565C
0x14aaca6,90E9C781535C
0x14aacac,90E9F1BC535C
0x14aacb2,90E929BE535C
0x14aacb8,90E9B926545C
0x14aacbe,90E9FD73535C
0x14aacc4,90E95BBD535C
0x14aacca,90E94682535C
0x14aacd0,90E99386535C
0x14aacd6,90E965C4535C
0x14aacdc,90E948C5535C
0x14aace2,90E9B07C535C
0x14aace8,90E9F6A0535C
0x14aacee,90E930C8535C
0x14aacf4,90E9AAA1535C
0x14aacfa,90E9C09C575C
0x14aad00,90E9D4F0535C
0x14aad06,90E9A0F7535C
0x14aad0c,90E979A4535C
0x14aad12,90E955A2575C
0x14aad18,90E99753545C
0x14aad1e,90E94FC8535C
0x14aad24,90E950B6525C
0x14aad94,90E913B3525C
0x14aad9a,90E9E7CA535C
0x14aada0,90E99A8E565C
0x14aada6,90E9F6B4565C
0x14aadac,90E998A4535C
0x14aadb2,90E9A39D535C
0x14aadb8,90E9BC80545C
0x14aadbe,90E9B0BA525C
0x14aadc4,90E965A1535C
0x14aadca,90E93ABF535C
0x14aadd0,90E98A1E575C
0x14aadd6,90E96EC9535C
0x14aaddc,90E9E1C3535C
0x14aade2,90E9CF2E545C
0x14aade8,90E9186C575C
0x14aadee,90E99494565C
0x14aadf4,90E91C54535C
0x14aadfa,90E9C343535C
0x14aae00,90E9AA10545C
0x14aae06,90E95181535C
0x14aae0c,90E985F2535C
0x14aae12,90E93D76525C
0x14aae18,90E959BF535C
0x14aae1e,90E97EB3535C
0x14aae24,90E93D7B575C
0x14aae2a,90E9C60D565C
0x14aae30,90E96C53535C
0x14aae36,90E9254E535C
0x14aae3c,90E9DF99535C
0x14aae42,90E9E25B535C
0x14aae48,90E986D9525C
0x14aae4e,90E97C82535C
0x14aae54,90E9ABDC525C
0x14aae5a,90E9A4A4545C
0x14aae60,90E940BD535C
0x14aae66,90E9D499535C
0x14aae6c,90E9EF38545C
0x14aae72,90E94653535C
0x14aae78,90E9FC33535C
0x14aae7e,90E9785E545C
0x14aae84,90E9C384545C
0x14aae8a,90E9A27E545C
0x14aae90,90E98982535C
0x14aae96,90E9DD54535C
0x14aae9c,90E96E09545C
0x14aaea2,90E9AEA0575C
0x14aaea8,90E99D65535C
0x14aaeae,90E96D3D545C
0x14aaeb4,90E90EBD535C
0x14aaeba,90E9F00E545C
0x14aaec0,90E93A51535C
0x14aaec6,90E9C95E535C
0x14aaecc,90E91E9F545C
0x14aaed2,90E9AFBB535C
0x14aaed8,90E9AB9D535C
0x14aaede,90E9C257535C
0x14aaee4,90E944C0535C
0x14aaeea,90E92004545C
0x14aaef0,90E983FA555C
0x14aaef6,90E9B8FA555C
0x14aaefc,90E9EBC9535C
0x14aaf39,90E85478525C
0x14ab0a3,90E8AC73525C
0x14ab0bc,90E81E54545C
0x14ab0f7,90E87373525C
0x14ab106,90E87F73525C
0x14ab1f8,90E8E269525C
0x14ab200,90E87C83525C
0x14ab212,90E8B678525C
0x14ab220,90E87378525C
0x14ab252,90E8A769525C
0x14ab269,90E8E22C575C
0x14ab280,90E9AA00585C
0x14ab286,90E92404585C
0x14ab28c,90E91E05585C
0x14ab292,90E9E803545C
0x14ab298,90E9D028565C
0x14ab29e,90E97CFB535C
0x14ab35c,90E9CEFA575C
0x14ab362,90E95802585C
0x14ab3b0,90E95A7D585C
0x14ab3b6,90E9447F585C
0x14ab3bc,90E9562B565C
0x14ab404,90E9C380525C
0x14ab40a,90E940F6575C
0x14ab43c,90E92971575C
0x14ab442,90E90B6E535C
0x14ab448,90E96A75575C
0x14ab4b8,90E939BB535C
0x14ab4be,90E936FB575C
0x14ab4c4,90E99608545C
0x14ab4ca,90E9C112545C
0x14ab4d0,90E9A211545C
0x14ab4d6,90E9C4F6575C
0x14ab4dc,90E984E6535C
0x14ab4e2,90E99BDA555C
0x14ab4e8,90E9C9DB555C
0x14ab4ee,90E9BAE1555C
0x14ab4f4,90E9DF4B535C
0x14ab4fa,90E956E6535C
0x14ab526,90E9E63C575C
0x14ab52c,90E94D38545C
0x14ab532,90E925D5525C
0x14ab538,90E9BDE4555C
0x14ab53e,90E986DE555C
0x14ab544,90E9F51C575C
0x14ab54a,90E9BF31545C
0x14ab550,90E9FA34545C
0x14ab556,90E94635545C
0x14ab55c,90E9790F545C
0x14ab562,90E94013545C
0x14ab568,90E9772E535C
0x14ab56e,90E99334535C
0x14ab574,90E9C081535C
0x14ab57a,90E9C6B0525C
0x14ab580,90E917C4535C
0x14ab586,90E9AAE8555C
0x14ab58c,90E9FEFB535C
0x14ab592,90E9E59D535C
0x14ab598,90E93CF8575C
0x14ab59e,90E91C04545C
0x14ab5a4,90E93603545C
0x14ab5aa,90E940F7575C
0x14ab5b0,90E9308A565C
0x14ab5c0,90E955EC555C
0x14ab5c6,90E96DC2535C
0x14ab5cc,90E9CCBC535C
0x14ab5d2,90E92A18545C
0x14ab5d8,90E99218545C
0x14ab5de,90E9CC9A545C
0x14ab5e4,90E98C50545C
0x14ab5ea,90E9002E565C
0x14ab5f0,90E98280575C
0x14ab5f6,90E9F78D575C
0x14ab5fc,90E962BD535C
0x14ab6ec,90E9AFAF525C
0x14ab6f2,90E96107565C
0x14ab6f8,90E9B6C5535C
0x14ab6fe,90E998F8575C
0x14ab704,90E966F9575C
0x14ab766,90E9837C525C
0x14ab76c,90E9E9F1575C
0x14ab816,90E9A32C545C
0x14ab81c,90E9FB52575C
0x14ab822,90E9C86E575C
0x14ab828,90E9AA8F575C
0x14ab82e,90E980E7555C
0x14ab834,90E98FE4555C
0x14ab83a,90E913CD525C
0x14ab840,90E9156D535C
0x14ab846,90E98B9F535C
0x14ab84c,90E972F1525C
0x14ab852,90E9AE0E545C
0x14ab858,90E90206545C
0x14ab85e,90E90C01545C
0x14aba02,90E9B87C585C
0x14aba08,90E9848D525C
0x14aba0e,90E9E723545C
0x14aba14,90E9B6F7575C
0x14aba1a,90E921B2535C
0x14aba20,90E9CAF3575C
0x14aba26,90E998FC575C
0x14aba2c,90E95E01545C
0x14aba32,90E9302B535C
0x14aba38,90E9DA30535C
0x14aba3e,90E95095575C
0x14aba44,90E93B52575C
0x14aba4a,90E96DBF565C
0x14aba50,90E9ECD9565C
0x14aba56,90E92E37575C
0x14aba82,90E926E3535C
0x14aba88,90E959D6525C
0x14aba8e,90E95B0B545C
0x14aba94,90E9CC0A545C
0x14aba9a,90E9980E545C
0x14abaa0,90E9220F545C
0x14abaa6,90E97A79585C
0x14abaac,90E93EF8575C
0x14abab2,90E9098D575C
0x14abbbe,90E9B702565C
0x14abbc4,90E94C72525C
0x14abbca,90E9E712575C
0x14abbd0,90E9AC79525C
0x14abbd6,90E91E73525C
0x14abbdc,90E9257A525C
0x14abc32,90E91F65525C
0x14abc38,90E9556B525C
0x14abc8a,90E9FB67525C
0x14abc90,90E9DA67525C
0x14abc96,90E9EC12575C
0x14abc9c,90E93E48545C
0x14abdfe,90E9EA63525C
0x14abe04,90E90764525C
0x14abe0a,90E94121575C
0x14abe60,90E9995D525C
0x14abe6c,90E9276C525C
0x14abe72,90E9566C525C
0x14abe78,90E9625D525C
0x14abfd4,90E97658575C
0x14abfda,90E98156575C
0x14abfe0,90E94903565C
0x14abfe6,90E9470B575C
0x14ac046,90E9A473AA5A
0x14ad10c,90E9A4A9A45A
0x14ad773,90E82A92535C
0x14ad845,90E85891535C
0x14ad8b1,90E8EC90535C
0x14ad962,90E83B90535C
0x14adacf,90E8D3ED535C
0x14adae7,90E88BEB535C
0x14adafa,90E891EC535C
0x14adb0d,90E865EB535C
0x14adb24,90E8B1E9535C
0x14adc14,90E85D91535C
0x14adc5c,90E81591535C
0x14adcb8,90E8B990535C
0x14adced,90E88490535C
0x14adcfb,90E8AC83525C
0x14add6c,90E80590535C
0x14adda4,90E8955F565C
0x14addd2,90E89F8F535C
0x14ade10,90E8385D565C
0x14ae136,90E83B8C535C
0x14b1089,90E806FD525C
0x14c3d9f,90E8652F525C
0x14c3f6f,90E8532C525C
0x14c4008,90E8FC2C525C
0x14c8c14,90E889DD515C
0x14c8cfa,90E80AE0515C
0x14c8d79,90E886FD505C
0x14c8d87,90E842F6505C
0x14c8e40,90E889F5505C
0x14ca26f,90E812D6515C
0x14ccdd9,90E8C49B515C
0x14cef69,90E8347A515C
0x14d0b49,90E8F031545C
0x14d0b8c,90E8BC2F545C
0x14d0c16,90E8322F545C
0x14d270b,90E89242515C
0x14d8408,90E8A23A515C
0x14d8d8f,90E8C6BD505C
0x14d8e7e,90E8D7BC505C
0x14d8ec2,90E8AFDE505C
0x14dbd72,90E8C77F535C
0x14dbf00,90E8487C535C
0x14dc0a9,90E8907C535C
0x14dc237,90E81179535C
0x14dc63e,90E8C6A6505C
0x14deae0,90E8A18D505C
0x14dff0d,90E8F76D505C
0x14e06b3,90E85166505C
0x14e2360,90E8D919535C
0x14e2cb4,90E8940E535C
0x14e54d8,90E8C514505C
0x14e55ae,90E8EF13505C
0x14e8a1b,90E8E9E24F5C
0x14e8c07,90E8032C505C
0x14e8e0c,90E8F8DE4F5C
0x14eb977,90E8F6744F5C
0x14eb987,90E815484F5C
0x14eb99b,90E889504F5C
0x14eb9ac,90E864484F5C
0x14eb9b3,90E8A8424F5C
0x14ebc42,90E879D94E5C
0x14ebc89,90E82F454F5C
0x14ebcb5,90E8DA504F5C
0x14ebcd0,90E88B3F4F5C
0x14ebd2c,90E874494F5C
0x14ebd3b,90E8203F4F5C
0x14ebd67,90E851444F5C
0x14ebd84,90E8A04C4F5C
0x14ebd9b,90E805494F5C
0x14ebda8,90E8B33E4F5C
0x14ebdd7,90E8E1434F5C
0x14ebdf4,90E8304C4F5C
0x14ebe0b,90E83A564F5C
0x14ebe18,90E8433E4F5C
0x14ebe48,90E870434F5C
0x14ebe67,90E8BD4B4F5C
0x14ebe72,90E81D4F4F5C
0x14ebe94,90E8C73D4F5C
0x14ebebc,90E8FFD64E5C
0x14ebeff,90E8B9424F5C
0x14ebf67,90E851424F5C
0x14ebf9f,90E801474F5C
0x14ebfbf,90E886544F5C
0x14ec003,90E84C4B4F5C
0x14ec054,90E83B4D4F5C
0x14ec064,90E8963F4F5C
0x14ec072,90E8DD4A4F5C
0x14ec0c6,90E85E494F5C
0x14ec0ee,90E836494F5C
0x14ec147,90E8484C4F5C
0x14ec180,90E8DB3A4F5C
0x14ec1c0,90E89B3A4F5C
0x14ecfdf,90E8259D4F5C
0x14ed0f2,90E8655E4F5C
0x14ed107,90E84E7A4F5C
0x14ed125,90E89D9A4F5C
0x14ed13e,90E86D504F5C
0x14ed274,90E803814F5C
0x14ed29c,90E8EA604F5C
0x14ed2fa,90E88C604F5C
0x14ed311,90E866804F5C
0x14ed339,90E84D604F5C
0x14ed376,90E8354E4F5C
0x14ed591,90E8C6594F5C
0x14ed5a6,90E8AF754F5C
0x14ed5c1,90E801964F5C
0x14ed6fb,90E87C7C4F5C
0x14ed730,90E8565C4F5C
0x14ed74a,90E82D7C4F5C
0x14ed812,90E8F2944F5C
0x14ed9d7,90E82D934F5C
0x14f2e5a,90E8813C4F5C
0x14f336c,90E86F374F5C
0x14f51c0,90E81B194F5C
0x14f7e4c,90E8B8EE4E5C
0x14f7e87,90E8B9E74D5C
0x14fc134,90E9CBD2505C
0x14fc13a,90E96AAB515C
0x14fc140,90E952DB515C
0x14fc146,90E989B6515C
0x14fc14c,90E964D1515C
0x14fc152,90E977C24D5C
0x14fc158,90E963D44D5C
0x14fc15e,90E9F1494E5C
0x14fc164,90E947604E5C
0x14fc16a,90E91C724E5C
0x14fc170,90E91CA14E5C
0x14fc176,90E984D4A15A
0x14fc17c,90E977B7A15A
0x14fc827,90E82173515C
0x14fc85d,90E8DC74515C
0x1500078,90E867E34D5C
0x1500098,90E8C3FB4D5C
0x150010a,90E81A094E5C
0x1500128,90E8670C4E5C
0x1500152,90E8F3124E5C
0x1500182,90E81E054E5C
0x15001fc,90E8A0FF4D5C
0x1501037,90E8112B515C
0x1501075,90E8D32A515C
0x1501362,90E8E627515C
0x15013e5,90E85429515C
0x150156d,90E8DB25515C
0x1502615,90E82417515C
0x1502636,90E80317515C
0x150267e,90E8CA14515C
0x15027ec,90E85C13515C
0x1502e3c,90E8FD0E515C
0x1504253,90E9621C565C
0x1504843,90E92D78505C
0x150487d,90E9F377505C
0x15048b7,90E9B977505C
0x15048f1,90E97F77505C
0x1504947,90E92977505C
0x1504981,90E9EF76505C
0x150ec03,90E9B272555C
0x150f7f3,90E9C266555C
0x150fa33,90E98264555C
0x151bc63,90E90CA4555C
0x151bc6c,90E903A4555C
0x151bca3,90E912A2545C
0x151bcac,90E909A2545C
0x151bcf3,90E97CA3555C
0x151bcfd,90E972A3555C
0x151bd36,90E939A3555C
0x151bd66,90E909A3555C
0x151bd96,90E91FA1545C
0x151bdc6,90E9A9A2555C
0x151bdf6,90E979A2555C
0x151be63,90E952A0545C
0x151beac,90E909A0545C
0x151beb6,90E9FF9F545C
0x151bec2,90E9F39F545C
0x151bece,90E9E79F545C
0x151beda,90E9DB9F545C
0x151bee6,90E9CF9F545C
0x151bef2,90E9C39F545C
0x151befe,90E9B79F545C
0x151bf07,90E9AE9F545C
0x151bf13,90E9A29F545C
0x151bf1f,90E9969F545C
0x151bf2b,90E98A9F545C
0x151bf37,90E97E9F545C
0x151bf43,90E9729F545C
0x151bf4f,90E9669F545C
0x151bf5b,90E95A9F545C
0x151bf67,90E94E9F545C
0x151bf73,90E9429F545C
0x151bf7f,90E9369F545C
0x151bf8b,90E92A9F545C
0x151bf97,90E91E9F545C
0x151bfa3,90E9129F545C
0x151bfac,90E9099F545C
0x151bfb8,90E9FD9E545C
0x151bfc4,90E9F19E545C
0x151bfd0,90E9E59E545C
0x151bfdc,90E9D99E545C
0x151bfe8,90E9CD9E545C
0x151bff4,90E9C19E545C
0x151c000,90E9B59E545C
0x151c00c,90E9A99E545C
0x151c018,90E99D9E545C
0x151c024,90E9919E545C
0x151c030,90E9859E545C
0x151c03c,90E9799E545C
0x151c048,90E96D9E545C
0x151c09c,90E9199E545C
0x151c0a9,90E90C9E545C
0x151c0b5,90E9009E545C
0x151c0c1,90E9F49D545C
0x151c0cd,90E9E89D545C
0x151c0d9,90E9DC9D545C
0x151c0e5,90E9D09D545C
0x151c0f1,90E9C49D545C
0x151c0fd,90E9B89D545C
0x151c109,90E9AC9D545C
0x151c115,90E9A09D545C
0x151c121,90E9949D545C
0x151c12d,90E9889D545C
0x151c139,90E97C9D545C
0x151c145,90E9709D545C
0x151c151,90E9649D545C
0x151c15d,90E9589D545C
0x151c169,90E94C9D545C
0x151c175,90E9409D545C
0x151c181,90E9349D545C
0x151c18d,90E9289D545C
0x151c199,90E91C9D545C
0x151c1a5,90E9109D545C
0x151c1b1,90E9049D545C
0x151c1bd,90E9F89C545C
0x151c1c9,90E9EC9C545C
0x151c1d5,90E9E09C545C
0x151c1e1,90E9D49C545C
0x151c1ed,90E9C89C545C
0x151c1f9,90E9BC9C545C
0x151c205,90E9B09C545C
0x151c211,90E9A49C545C
0x151c21d,90E9989C545C
0x151c229,90E98C9C545C
0x151c235,90E9809C545C
0x151c241,90E9749C545C
0x151c24d,90E9689C545C
0x151c259,90E95C9C545C
0x151c296,90E91F9C545C
0x151c2c6,90E9EF9B545C
0x151c2f3,90E9C29B545C
0x151c326,90E98F9B545C
0x151c379,90E93C9B545C
0x151c388,90E92D9B545C
0x151c397,90E91E9B545C
0x151c3a6,90E90F9B545C
0x151c3d9,90E9DC9A545C
0x151c3e8,90E9CD9A545C
0x151c419,90E99C9A545C
0x151c428,90E98D9A545C
0x151c459,90E95C9A545C
0x151c468,90E94D9A545C
0x151c493,90E9229A545C
0x151c49c,90E9199A545C
0x151c4c6,90E9EF99545C
0x151c4f6,90E9BF99545C
0x151c502,90E9B399545C
0x151c533,90E98299545C
0x151c569,90E94C99545C
0x151c578,90E93D99545C
0x151c587,90E92E99545C
0x151c596,90E91F99545C
0x151c5c9,90E9EC98545C
0x151c5d8,90E9DD98545C
0x151c5e7,90E9CE98545C
0x151c5f6,90E9BF98545C
0x151c633,90E98298545C
0x151c63d,90E97898545C
0x151c676,90E93F98545C
0x151c6a6,90E90F98545C
0x151c6d3,90E9E297545C
0x151c716,90E99F97545C
0x151c746,90E96F97545C
0x151c776,90E93F97545C
0x151c782,90E93397545C
0x151c7b3,90E90297545C
0x151c7e6,90E9CF96545C
0x151c816,90E99F96545C
0x151c846,90E96F96545C
0x151c852,90E96396545C
0x151c85e,90E95796545C
0x151c86a,90E94B96545C
0x151c879,90E93C96545C
0x151c888,90E92D96545C
0x151c897,90E91E96545C
0x151c8a6,90E90F96545C
0x151c8d6,90E9DF95545C
0x151c8e2,90E9D395545C
0x151c8ee,90E9C795545C
0x151c8fa,90E9BB95545C
0x151c909,90E9AC95545C
0x151c918,90E99D95545C
0x151c927,90E98E95545C
0x151c936,90E97F95545C
0x151c945,90E97095545C
0x151c973,90E94295545C
0x151c97c,90E93995545C
0x151c985,90E93095545C
0x151c98e,90E92795545C
0x151c997,90E91E95545C
0x151c9e3,90E9D294545C
0x151ca23,90E99294545C
0x151ca83,90E93294545C
0x151cab3,90E90294545C
0x151cae3,90E9D293545C
0x151cb13,90E9A293545C
0x151cb76,90E93F93545C
0x151cb82,90E93393545C
0x151cb8e,90E92793545C
0x151cb9a,90E91B93545C
0x151cba6,90E90F93545C
0x151cbb5,90E90093545C
0x151cbe3,90E9D292545C
0x151cc16,90E99F92545C
0x151cc22,90E99392545C
0x151cc2e,90E98792545C
0x151cc3d,90E97892545C
0x151cc4c,90E96992545C
0x151cc5b,90E95A92545C
0x151cc6a,90E94B92545C
0x151cc79,90E93C92545C
0x151cc88,90E92D92545C
0x151cd73,90E94291545C
0x151cd7f,90E93691545C
0x151cd8b,90E92A91545C
0x151cd97,90E91E91545C
0x151cda3,90E9CC92555C
0x151cdb2,90E90391545C
0x151cde3,90E9D290545C
0x151cdef,90E9C690545C
0x151cdfb,90E9BA90545C
0x151ce07,90E9AE90545C
0x151ce13,90E95C92555C
0x151ce22,90E99390545C
0x151ce31,90E98490545C
0x151ce66,90E94F90545C
0x151ce72,90E94390545C
0x151ce7e,90E93790545C
0x151cea6,90E90F90545C
0x151ceb2,90E90390545C
0x151cebe,90E9F78F545C
0x151cef3,90E9C28F545C
0x151cefd,90E9B88F545C
0x151cf36,90E97F8F545C
0x151cf63,90E9528F545C
0x151cf6f,90E9468F545C
0x151cf7b,90E93A8F545C
0x151cf87,90E92E8F545C
0x151cfb3,90E9028F545C
0x151cfbf,90E9F68E545C
0x151cfcb,90E9EA8E545C
0x151cfd7,90E9DE8E545C
0x151d0c3,90E9ADEF4E5C
0x151d0f3,90E97DEF4E5C
0x151d123,90E9928D545C
0x151d1e3,90E9D28C545C
0x151d213,90E9A28C545C
0x151d243,90E9728C545C
0x151d273,90E9428C545C
0x151d2a3,90E9128C545C
0x151d2d3,90E99DED4E5C
0x151d303,90E9B28B545C
0x151d333,90E9828B545C
0x151d363,90E9528B545C
0x151d3f3,90E9C28A545C
0x151d4b3,90E9028A545C
0x151d513,90E9A289545C
0x151d543,90E97289545C
0x151d573,90E94289545C
0x151d5d3,90E9E288545C
0x151d603,90E9B288545C
0x151d633,90E98288545C
0x151d663,90E95288545C
0x151d693,90E92288545C
0x151d6f3,90E9C287545C
0x151d723,90E99287545C
0x151d753,90E96287545C
0x151d783,90E93287545C
0x151d7b3,90E90287545C
0x151d813,90E9A286545C
0x151d843,90E97286545C
0x151d873,90E94286545C
0x151d8a3,90E91286545C
0x151d903,90E9B285545C
0x151d933,90E98285545C
0x151d963,90E95285545C
0x151d993,90E92285545C
0x151d9f3,90E9C284545C
0x151da83,90E93284545C
0x151ead3,90E9E273545C
0x151eb03,90E9B273545C
0x151eb33,90E98273545C
0x151eb63,90E95273545C
0x151eb93,90E92273545C
0x151ec21,90E99472545C
0x151ec2d,90E98872545C
0x151ed93,90E92271545C
0x151ef43,90E9726F545C
0x151ef73,90E9426F545C
0x151efa3,90E9126F545C
0x151efd3,90E9E26E545C
0x151f003,90E9B26E545C
0x151f033,90E9826E545C
0x151f063,90E9526E545C
0x151f093,90E9226E545C
0x151f0c3,90E9F26D545C
0x151f0f3,90E9C26D545C
0x151f123,90E9926D545C
0x151f153,90E9626D545C
0x151f183,90E9326D545C
0x151f1b3,90E9026D545C
0x151f1e3,90E9D26C545C
0x151f213,90E9A26C545C
0x151f243,90E9726C545C
0x151f273,90E9426C545C
0x151f2a3,90E9126C545C
0x151f2d3,90E9E26B545C
0x151f303,90E9B26B545C
0x151f333,90E9826B545C
0x151f363,90E9526B545C
0x151f393,90E9226B545C
0x151f3c3,90E9F26A545C
0x151f571,90E94469545C
0x151f7c3,90E9F266545C
0x151f7cc,90E9E966545C
0x151f873,90E94266545C
0x151f87c,90E93966545C
0x151f8c3,90E9F265545C
0x151f8cc,90E9E965545C
0x151f8d5,90E9E065545C
0x151f8de,90E9D765545C
0x151f9d3,90E9E264545C
0x151fa13,90E9A264545C
0x151fca3,90E91262545C
0x151fcd3,90E9E261545C
0x151fd03,90E9B261545C
0x151fd33,90E98261545C
0x15202b3,90E9025C545C
0x15202e3,90E9D25B545C
0x1520373,90E9425B545C
0x15203a3,90E9125B545C
0x15203d3,90E9E25A545C
0x1520403,90E9B25A545C
0x1520433,90E9825A545C
0x1520463,90E9525A545C
0x152050c,90E9A959545C
0x1520519,90E99C59545C
0x1520613,90E9A258545C
0x1520643,90E97258545C
0x1520673,90E94258545C
0x15206a3,90E91258545C
0x15206d3,90E9E257545C
0x1520723,90E99257545C
0x1520773,90E94257545C
0x15207a3,90E91257545C
0x15207d3,90E9E256545C
0x1520803,90E9B256545C
0x1520833,90E98256545C
0x1520863,90E95256545C
0x1520893,90E92256545C
0x15208c3,90E9F255545C
0x15209e3,90E9D254545C
0x1520a13,90E9A254545C
0x1520a43,90E97254545C
0x1520aa6,90E90F54545C
0x1520ad6,90E9DF53545C
0x1520b3e,90E97753545C
0x1520d13,90E9A251545C
0x1520d43,90E97251545C
0x1520d73,90E94251545C
0x1520da3,90E91251545C
0x1520dd3,90E9E250545C
0x1520e03,90E9B250545C
0x1520e33,90E98250545C
0x1520e63,90E95250545C
0x1520e93,90E92250545C
0x1520ec3,90E9F24F545C
0x1520ef3,90E9C24F545C
0x1520f23,90E9924F545C
0x1520f53,90E9624F545C
0x1520f83,90E9324F545C
0x1520fb3,90E9024F545C
0x1520fe3,90E9D24E545C
0x1521013,90E9A24E545C
0x1521043,90E9724E545C
0x1521073,90E9424E545C
0x15210a3,90E9124E545C
0x15210d3,90E9E24D545C
0x1521103,90E9B24D545C
0x1521133,90E9824D545C
0x1521183,90E9324D545C
0x15211b3,90E9024D545C
0x15211e3,90E9D24C545C
0x1521213,90E9A24C545C
0x1521243,90E9724C545C
0x1521273,90E9424C545C
0x15212a3,90E9124C545C
0x15212d3,90E9E24B545C
0x1521303,90E9B24B545C
0x1521333,90E9824B545C
0x1521363,90E9524B545C
0x1521393,90E9224B545C
0x15213c3,90E9F24A545C
0x152149e,90E9174A545C
0x15214a7,90E90E4A545C
0x15214b3,90E9024A545C
0x15214bc,90E9F949545C
0x15214de,90E9D749545C
0x1521783,90E93247545C
0x15217b3,90E90247545C
0x15217e3,90E9D246545C
0x1521813,90E9A246545C
0x1521843,90E97246545C
0x15219b9,90E9FC44545C
0x1521a69,90E94C44545C
0x1521ca3,90E91242545C
0x1521cd3,90E9E241545C
0x1521d33,90E98241545C
0x1521e83,90E93240545C
0x1522063,90E9523E545C
0x15220c3,90E9F23D545C
0x1522123,90E9923D545C
0x1522213,90E9A23C545C
0x1522343,90E9723B545C
0x15223a3,90E9123B545C
0x15223d3,90E9E23A545C
0x1522403,90E9B23A545C
0x1522433,90E9823A545C
0x1522463,90E9523A545C
0x1522496,90E91F3A545C
0x15224a2,90E9133A545C
0x15224ae,90E9073A545C
0x15224ba,90E9FB39545C
0x15224c6,90E9EF39545C
0x15225e3,90E9D238545C
0x1522743,90E97237545C
0x15227a3,90E91237545C
0x1522953,90E96235545C
0x1522983,90E93235545C
0x15229b3,90E90235545C
0x1522a16,90E99F34545C
0x1522b23,90E99233545C
0x1522b53,90E96233545C
0x1522e23,90E99230545C
0x1522e53,90E96230545C
0x1522e83,90E93230545C
0x1522f53,90E9622F545C
0x1522fe3,90E9D22E545C
0x15230a3,90E9122E545C
0x15230d3,90E9E22D545C
0x1523193,90E9222D545C
0x15231c3,90E9F22C545C
0x15232b3,90E9022C545C
0x15232e3,90E9D22B545C
0x1523313,90E9A22B545C
0x1523343,90E9722B545C
0x1523373,90E9422B545C
0x15233a3,90E9122B545C
0x15233d3,90E9E22A545C
0x1523403,90E9B22A545C
0x1523803,90E9B226545C
0x1523833,90E98226545C
0x1523863,90E95226545C
0x1523893,90E92226545C
0x15238c3,90E9F225545C
0x15238f3,90E9C225545C
0x1523923,90E99225545C
0x1523953,90E96225545C
0x1523983,90E93225545C
0x15239b3,90E90225545C
0x15239e3,90E9D224545C
0x1523a13,90E9A224545C
0x1523a43,90E97224545C
0x1523a73,90E94224545C
0x1523aa3,90E91224545C
0x1523ad3,90E9E223545C
0x1523b03,90E9B223545C
0x1523b33,90E98223545C
0x1523b63,90E95223545C
0x1523b93,90E92223545C
0x1523bc3,90E9F222545C
0x1523bf3,90E9C222545C
0x1523c23,90E99222545C
0x1523c53,90E96222545C
0x1523c83,90E93222545C
0x1523cb3,90E90222545C
0x1523ce3,90E9D221545C
0x1523d13,90E9A221545C
0x1523d43,90E97221545C
0x1523d73,90E94221545C
0x1523da3,90E91221545C
0x1523df3,90E9C220545C
0x1523e23,90E99220545C
0x1523e53,90E96220545C
0x1523e83,90E93220545C
0x1523ed3,90E9E21F545C
0x1523f03,90E9B21F545C
0x1523f33,90E9821F545C
0x1523f63,90E9521F545C
0x1523f93,90E9221F545C
0x1523fc3,90E9F21E545C
0x1523ff3,90E9C21E545C
0x1524023,90E9921E545C
0x1524053,90E9621E545C
0x1524083,90E9321E545C
0x15240b3,90E9021E545C
0x15240e3,90E9D21D545C
0x1524113,90E9A21D545C
0x1524143,90E9721D545C
0x1524173,90E9421D545C
0x1524a73,90E94214545C
0x1524aa3,90E91214545C
0x1524b66,90E9EA41565C
0x1524b9b,90E9D414555C
0x1524ba4,90E9CB14555C
0x1524beb,90E9CA12545C
0x1524bf4,90E9C112545C
0x1524c3b,90E97A12545C
0x1524c44,90E97112545C
0x1524c8b,90E9E413555C
0x1524c94,90E9DB13555C
0x1524cd6,90E9DF11545C
0x1524d83,90E93211545C
0x1524e63,90E95210545C
0x1524f23,90E9920F545C
0x1524f83,90E9320F545C
0x1525123,90E9920D545C
0x1525183,90E9320D545C
0x15251e6,90E9890E555C
0x1525233,90E9820C545C
0x1525293,90E9220C545C
0x15252f3,90E9C20B545C
0x1525386,90E9E90C555C
0x15253d3,90E99C0C555C
0x1525403,90E9B20A545C
0x1525463,90E9520A545C
0x15254c3,90E9F209545C
0x1525523,90E99209545C
0x1525583,90E93209545C
0x15255e3,90E9D208545C
0x1525646,90E9290A555C
0x15257b3,90E90207545C
0x1525963,90E95205545C
0x1525a43,90E97204545C
0x1525aa3,90E91204545C
0x1525b03,90E9B203545C
0x1525c13,90E9A202545C
0x1525c73,90E94202545C
0x1525cd3,90E9E201545C
0x1525d83,90E93201545C
0x1525e43,90E97200545C
0x1525ea3,90E91200545C
0x1525f53,90E962FF535C
0x1525fb3,90E902FF535C
0x1526013,90E9A2FE535C
0x1526073,90E942FE535C
0x15260d3,90E9E2FD535C
0x1526133,90E982FD535C
0x1526193,90E922FD535C
0x15261f3,90E9C2FC535C
0x15262e3,90E9D2FB535C
0x1526343,90E972FB535C
0x15263d3,90E9E2FA535C
0x1526463,90E952FA535C
0x15264c3,90E9F2F9535C
0x1526523,90E992F9535C
0x1526603,90E9B2F8535C
0x15266b3,90E902F8535C
0x1526713,90E9A2F7535C
0x1526773,90E942F7535C
0x1526803,90E9B2F6535C
0x1526863,90E952F6535C
0x15268c3,90E9F2F5535C
0x1526923,90E992F5535C
0x1526983,90E932F5535C
0x1526a63,90E952F4535C
0x1526ac3,90E9F2F3535C
0x1526b23,90E992F3535C
0x1526c03,90E9B2F2535C
0x1526c63,90E952F2535C
0x1526dd3,90E9E2F0535C
0x1526e33,90E982F0535C
0x1526e93,90E922F0535C
0x1526ef3,90E9C2EF535C
0x1526f53,90E962EF535C
0x1527013,90E9A2EE535C
0x15270c3,90E9ACEF545C
0x15270cc,90E9A3EF545C
0x1527103,90E96CEF545C
0x152710c,90E963EF545C
0x15272c3,90E9F2EB535C
0x1527323,90E992EB535C
0x15273e3,90E9D2EA535C
0x1527503,90E9B2E9535C
0x1527593,90E9DCEA545C
0x15275e3,90E98CEA545C
0x1527636,90E97FE8535C
0x1527676,90E93FE8535C
0x15276b6,90E9FFE7535C
0x15276f6,90E9BFE7535C
0x1527736,90E97FE7535C
0x15277a6,90E90FE7535C
0x1527843,90E972E6535C
0x1527b93,90E922E3535C
0x1527bc3,90E9F2E2535C
0x1527f73,90E942DF535C
0x1528063,90E952DE535C
0x1528731,90E984D7535C
0x1528913,90E95CD7545C
0x15289a3,90E912D5535C
0x15289ac,90E909D5535C
0x1528aac,90E909D4535C
0x1528ab8,90E9FDD3535C
0x1528ba3,90E912D3535C
0x1528bac,90E909D3535C
0x1528bf3,90E9C2D2535C
0x1528bfc,90E9B9D2535C
0x1528c43,90E972D2535C
0x1528c4c,90E969D2535C
0x1528c93,90E922D2535C
0x1528c9c,90E919D2535C
0x1528ce3,90E9D2D1535C
0x1528cec,90E9C9D1535C
0x1528d33,90E982D1535C
0x1528d3c,90E979D1535C
0x1528d83,90E932D1535C
0x1528d8c,90E929D1535C
0x1528e13,90E9A2D0535C
0x1528e1c,90E999D0535C
0x1528e63,90E952D0535C
0x1528e6c,90E949D0535C
0x1528eb3,90E902D0535C
0x1528ebc,90E9F9CF535C
0x1529013,90E9A2CE535C
0x152901c,90E999CE535C
0x1529025,90E990CE535C
0x1529423,90E992CA535C
0x1529913,90E9A2C5535C
0x1529993,90E922C5535C
0x1529e43,90E972C0535C
0x1529ea3,90E912C0535C
0x1529fa3,90E9CCC0545C
0x152a1d3,90E9E2BC535C
0x152a203,90E9B2BC535C
0x152a5de,90E9D7B8535C
0x152a813,90E9A2B6535C
0x152a8ae,90E907B6535C
0x152a8ba,90E9FBB5535C
0x152a8f1,90E9C4B5535C
0x152a926,90E98FB5535C
0x152a966,90E94FB5535C
0x152a993,90E922B5535C
0x152aad3,90E9E2B3535C
0x152abe3,90E9D2B2535C
0x152ac33,90E982B2535C
0x152ac63,90E952B2535C
0x152ad33,90E982B1535C
0x152b063,90E952AE535C
0x152b153,90E962AD535C
0x152b603,90E9B2A8535C
0x152b846,90E96FA6535C
0x152b852,90E963A6535C
0x152b85e,90E957A6535C
0x152b86a,90E94BA6535C
0x152b876,90E93FA6535C
0x152b8b6,90E9FFA5535C
0x152b8c2,90E9F3A5535C
0x152b8ce,90E9E7A5535C
0x152b8da,90E9DBA5535C
0x152b8e6,90E9CFA5535C
0x152b8f2,90E9C3A5535C
0x152b8fe,90E9B7A5535C
0x152b90a,90E9ABA5535C
0x152b916,90E99FA5535C
0x152b922,90E993A5535C
0x152b92e,90E987A5535C
0x152b976,90E93FA5535C
0x152b982,90E933A5535C
0x152b98e,90E927A5535C
0x152b99a,90E91BA5535C
0x152b9a6,90E90FA5535C
0x152b9b2,90E903A5535C
0x152b9be,90E9F7A4535C
0x152b9ca,90E9EBA4535C
0x152ba06,90E9AFA4535C
0x152ba12,90E9A3A4535C
0x152ba1e,90E997A4535C
0x152ba2a,90E98BA4535C
0x152ba36,90E97FA4535C
0x152bfe3,90E9D29E535C
0x152c303,90E9B29B535C
0x152c3a3,90E9129B535C
0x152c433,90E9829A535C
0x152c4d3,90E9E299535C
0x152c523,90E99299535C
0x152c843,90E97296535C
0x152c8f3,90E9C295535C
0x152cc13,90E9A292535C
0x152cc1c,90E99992535C
0x152cc25,90E99092535C
0x152cc31,90E98492535C
0x152cc3a,90E97B92535C
0x152cfa3,90E9128F535C
0x152d053,90E91C90545C
0x152d093,90E9228E535C
0x152d0c3,90E9AC8F545C
0x152d0cc,90E9A38F545C
0x152d103,90E9B28D535C
0x152d2e3,90E9D28B535C
0x152d343,90E92C8D545C
0x152d376,90E93F8B535C
0x152d533,90E98289535C
0x152d563,90E95289535C
0x152d6b3,90E9BC89545C
0x152d6f6,90E9BF87535C
0x152d76b,90E94A87535C
0x152d77c,90E93987535C
0x152d785,90E93087535C
0x152d9a3,90E91285535C
0x152d9f3,90E9C284535C
0x152dd03,90E9B281535C
0x152df93,90E9227F535C
0x152e283,90E9327C535C
0x152e713,90E9A277535C
0x152ed23,90E99271535C
0x152ed73,90E94271535C
0x152eda3,90E91271535C
0x152ef13,90E9A26F535C
0x152ef43,90E9726F535C
0x152f0d3,90E9E26D535C
0x152f0dc,90E9D96D535C
0x152f263,90E9526C535C
0x152f383,90E9326B535C
0x152f3e3,90E9D26A535C
0x152f503,90E9B269535C
0x152f743,90E97267535C
0x152f883,90E93266535C
0x152f8e3,90E9D265535C
0x152fac3,90E9F263535C
0x152fb53,90E96263535C
0x152fb83,90E93263535C
0x152fc43,90E97262535C
0x152fe23,90E99260535C
0x152ff13,90E9A25F535C
0x1530063,90E9525E535C
0x15301b3,90E9025D535C
0x1530243,90E9725C535C
0x1530553,90E91C5B545C
0x1530dd6,90E9177F555C
0x1530e11,90E95E52545C
0x1530e1d,90E95252545C
0x1530e26,90E94952545C
0x1530e32,90E93D52545C
0x1530e3b,90E93452545C
0x1530e47,90E92852545C
0x1530e53,90E91C52545C
0x1530e5c,90E91352545C
0x1530e68,90E90752545C
0x1530e7f,90E9F051545C
0x1530e8b,90E9E451545C
0x1530e94,90E9DB51545C
0x1530ea0,90E9CF51545C
0x1530eb7,90E9B851545C
0x1530ec0,90E9AF51545C
0x1530ecc,90E9A351545C
0x1530ed8,90E99751545C
0x1530ee4,90E98B51545C
0x1530eed,90E98251545C
0x1530ef9,90E97651545C
0x1530f02,90E96D51545C
0x1530f4e,90E9674F535C
0x1530f57,90E95E4F535C
0x1530f63,90E9524F535C
0x1530f7a,90E93B4F535C
0x1530f83,90E9324F535C
0x1530fd1,90E99E50545C
0x1530fdd,90E99250545C
0x1530fe9,90E98650545C
0x1530ff5,90E97A50545C
0x153100c,90E96350545C
0x1531018,90E95750545C
0x1531064,90E9514E535C
0x15310a6,90E90F4E535C
0x1531183,90E9324D535C
0x15311a5,90E9104D535C
0x15311ae,90E9074D535C
0x15311ba,90E9FB4C535C
0x15311f3,90E9C24C535C
0x1531215,90E9A04C535C
0x153121e,90E9974C535C
0x153122a,90E98B4C535C
0x1531303,90E9B24B535C
0x1531363,90E9524B535C
0x15313a3,90E9124B535C
0x1531413,90E9A24A535C
0x1531453,90E9624A535C
0x1531493,90E9224A535C
0x15314f3,90E9C249535C
0x1531533,90E98249535C
0x15315a3,90E91249535C
0x1531603,90E9B248535C
0x1531643,90E97248535C
0x15316b3,90E90248535C
0x1531713,90E9A247535C
0x1531753,90E96247535C
0x15317c3,90E9F246535C
0x1531823,90E99246535C
0x1531863,90E95246535C
0x15318d3,90E9E245535C
0x1531933,90E98245535C
0x1531973,90E94245535C
0x15319e3,90E9D244535C
0x1531a23,90E99244535C
0x1531a63,90E95244535C
0x1531ac3,90E9F243535C
0x1531b03,90E9B243535C
0x1531b73,90E94243535C
0x1531bd3,90E9E242535C
0x1531c13,90E9A242535C
0x1531c83,90E93242535C
0x1531ce3,90E9D241535C
0x1531d23,90E99241535C
0x1531d93,90E92241535C
0x1531df3,90E9C240535C
0x1531e33,90E98240535C
0x1531ea3,90E91240535C
0x1531ee3,90E9D23F535C
0x1531f23,90E9923F535C
0x1531f83,90E9323F535C
0x1531fc3,90E9F23E535C
0x1532033,90E9823E535C
0x1532093,90E9223E535C
0x15320d3,90E9E23D535C
0x1532143,90E9723D535C
0x15321a3,90E9123D535C
0x15321e3,90E9D23C535C
0x1532253,90E9623C535C
0x15322b3,90E9023C535C
0x15322f3,90E9C23B535C
0x1532363,90E9523B535C
0x15323c3,90E9F23A535C
0x1532403,90E9B23A535C
0x1532473,90E9423A535C
0x15324d3,90E9E239535C
0x1532513,90E9A239535C
0x1532583,90E93239535C
0x15325e3,90E9D238535C
0x1532623,90E99238535C
0x1532693,90E92238535C
0x15326d3,90E9E237535C
0x1532713,90E9A237535C
0x1532753,90E96237535C
0x1532793,90E92237535C
0x1532803,90E9B236535C
0x153281c,90E99936535C
0x1532853,90E96236535C
0x1532893,90E92236535C
0x1532903,90E9B235535C
0x1532943,90E97235535C
0x1532983,90E93235535C
0x15329c3,90E9F234535C
0x1532a03,90E9B234535C
0x1532a43,90E97234535C
0x1532a83,90E93234535C
0x1532ae3,90E9D233535C
0x1532b23,90E99233535C
0x1532b93,90E92233535C
0x1532bd3,90E9E232535C
0x1532c13,90E9A232535C
0x1532c73,90E94232535C
0x1532cb3,90E90232535C
0x1532d23,90E99231535C
0x1532d83,90E93231535C
0x1532dc3,90E9F230535C
0x1532e33,90E98230535C
0x1532e93,90E92230535C
0x1532ed3,90E9E22F535C
0x1532f43,90E9722F535C
0x1532fa3,90E9122F535C
0x1532fe3,90E9D22E535C
0x1533053,90E9622E535C
0x1533093,90E9222E535C
0x15330d3,90E9E22D535C
0x1533133,90E9822D535C
0x1533173,90E9422D535C
0x15331e3,90E9D22C535C
0x1533243,90E9722C535C
0x1533283,90E9322C535C
0x15332f3,90E9C22B535C
0x1533353,90E9622B535C
0x1533393,90E9222B535C
0x1533433,90E9822A535C
0x1533463,90E9522A535C
0x15334c3,90E9F229535C
0x1533553,90E96229535C
0x1533593,90E92229535C
0x15335d3,90E9E228535C
0x1533633,90E98228535C
0x1533673,90E94228535C
0x15336e3,90E9D227535C
0x1533743,90E97227535C
0x1533783,90E93227535C
0x15337f3,90E9C226535C
0x1533833,90E98226535C
0x15338d3,90E9E225535C
0x1533933,90E98225535C
0x1533973,90E94225535C
0x15339e3,90E9D224535C
0x1533a43,90E97224535C
0x1533a83,90E93224535C
0x1533af3,90E9C223535C
0x1533b83,90E93223535C
0x1533be3,90E9D222535C
0x1533c23,90E99222535C
0x1533c93,90E92222535C
0x1533cd3,90E9E221535C
0x1533d13,90E9A221535C
0x1533d53,90E96221535C
0x1533d93,90E92221535C
0x1533dd3,90E9E220535C
0x1533e13,90E9A220535C
0x1533e73,90E94220535C
0x1533eb3,90E90220535C
0x1533f23,90E9921F535C
0x1533f83,90E9321F535C
0x1533fc3,90E9F21E535C
0x1534033,90E9821E535C
0x1534093,90E9221E535C
0x15340d3,90E9E21D535C
0x1534143,90E9721D535C
0x15341a3,90E9121D535C
0x15341e3,90E9D21C535C
0x1534253,90E9621C535C
0x1534293,90E9221C535C
0x15342d3,90E9E21B535C
0x1534313,90E9A21B535C
0x1534353,90E9621B535C
0x15343b3,90E9021B535C
0x15343f3,90E9C21A535C
0x1534463,90E9521A535C
0x15344c3,90E9F219535C
0x1534503,90E9B219535C
0x1534573,90E94219535C
0x15345b3,90E90219535C
0x15345f3,90E9C218535C
0x1534653,90E96218535C
0x1534693,90E92218535C
0x1534703,90E9B217535C
0x1534763,90E95217535C
0x15347a3,90E91217535C
0x1534813,90E9A216535C
0x1534873,90E94216535C
0x15348b3,90E90216535C
0x1534923,90E99215535C
0x1534983,90E93215535C
0x15349c3,90E9F214535C
0x1534a33,90E98214535C
0x1534a73,90E94214535C
0x1534ab3,90E90214535C
0x1534b13,90E9A213535C
0x1534b53,90E96213535C
0x1534bc3,90E9F212535C
0x1534c23,90E99212535C
0x1534c63,90E95212535C
0x1534ca3,90E91212535C
0x1534d03,90E9B211535C
0x1534d43,90E97211535C
0x1534db3,90E90211535C
0x1534e13,90E9A210535C
0x1534e53,90E96210535C
0x1534ec3,90E9F20F535C
0x1534f23,90E9920F535C
0x1534f63,90E9520F535C
0x1534fd3,90E9E20E535C
0x1535033,90E9820E535C
0x1535073,90E9420E535C
0x15350e3,90E9D20D535C
0x1535143,90E9720D535C
0x1535183,90E9320D535C
0x15351f3,90E9C20C535C
0x1535233,90E9820C535C
0x1535273,90E9420C535C
0x15352d3,90E9E20B535C
0x1535313,90E9A20B535C
0x1535383,90E9320B535C
0x15353e3,90E9D20A535C
0x1535423,90E9920A535C
0x1535493,90E9220A535C
0x15354d3,90E9E209535C
0x1535513,90E9A209535C
0x1535573,90E94209535C
0x15355b3,90E90209535C
0x1535623,90E99208535C
0x1535683,90E93208535C
0x15356c3,90E9F207535C
0x1535733,90E98207535C
0x1535793,90E92207535C
0x15357d3,90E9E206535C
0x1535843,90E97206535C
0x1535883,90E93206535C
0x15358c3,90E9F205535C
0x1535923,90E99205535C
0x1535963,90E95205535C
0x15359d3,90E9E204535C
0x1535a33,90E98204535C
0x1535a73,90E94204535C
0x1535ae3,90E9D203535C
0x1535b23,90E99203535C
0x1535b63,90E95203535C
0x1535ba3,90E91203535C
0x1535be3,90E9D202535C
0x1535c23,90E99202535C
0x1535c63,90E95202535C
0x1535cc3,90E9F201535C
0x1535d03,90E9B201535C
0x1535d73,90E94201535C
0x1535da3,90E91201535C
0x1535e33,90E98200535C
0x1535e73,90E94200535C
0x1535ee3,90E9D2FF525C
0x1535f43,90E972FF525C
0x1535f83,90E932FF525C
0x1535ff3,90E9C2FE525C
0x1536053,90E962FE525C
0x1536093,90E922FE525C
0x1536103,90E9B2FD525C
0x1536143,90E972FD525C
0x1536183,90E932FD525C
0x15364b3,90E902FA525C
0x1536893,90E922F6525C
0x15368c3,90E9F2F5525C
0x1536ae3,90E9D2F3525C
0x1536eb3,90E902F0525C
0x1536f13,90E9A2EF525C
0x1536f43,90E972EF525C
0x1536f73,90E942EF525C
0x1536fa3,90E912EF525C
0x1536fd3,90E9E2EE525C
0x1537083,90E932EE525C
0x15370b3,90E902EE525C
0x15370e3,90E9D2ED525C
0x1537193,90E922ED525C
0x15371c3,90E9F2EC525C
0x15378e6,90E9CFE5525C
0x15378f2,90E9C3E5525C
0x1537946,90E96FE5525C
0x1537952,90E963E5525C
0x1537a46,90E96FE4525C
0x1537a52,90E963E4525C
0x1537ac3,90E9F2E3525C
0x1537ff1,90E9C4DE525C
0x1538329,90E98CDB525C
0x1538356,90E95FDB525C
0x1538362,90E953DB525C
0x153836e,90E947DB525C
0x153837a,90E93BDB525C
0x1538386,90E92FDB525C
0x1538392,90E923DB525C
0x153839e,90E917DB525C
0x15383aa,90E90BDB525C
0x15383b6,90E9FFDA525C
0x15383c2,90E9F3DA525C
0x15383ce,90E9E7DA525C
0x15383da,90E9DBDA525C
0x15383e6,90E9CFDA525C
0x15383f2,90E9C3DA525C
0x15383fb,90E9BADA525C
0x1538404,90E9B1DA525C
0x15385b3,90E902D9525C
0x15385e3,90E9D2D8525C
0x1538643,90E972D8525C
0x1538673,90E942D8525C
0x153867c,90E939D8525C
0x15386b3,90E902D8525C
0x1538713,90E9A2D7525C
0x15387a3,90E912D7525C
0x15387d3,90E9E2D6525C
0x1538cd3,90E9E2D1525C
0x15392e3,90E9D2CB525C
0x15393d3,90E9E2CA525C
0x1539433,90E982CA525C
0x1539513,90E9A2C9525C
0x15395a3,90E912C9525C
0x1539663,90E952C8525C
0x15396b3,90E902C8525C
0x15396e3,90E9D2C7525C
0x1539713,90E9A2C7525C
0x15397c3,90E9F2C6525C
0x1539883,90E932C6525C
0x15398b3,90E902C6525C
0x153a122,90E993BD525C
0x153a131,90E984BD525C
0x153a140,90E975BD525C
0x153a2f2,90E9C3BB525C
0x153a301,90E9B4BB525C
0x153a310,90E9A5BB525C
0x153a38f,90E926BB525C
0x153a403,90E9B2BA525C
0x153a433,90E982BA525C
0x153a463,90E952BA525C
0x153a46c,90E949BA525C
0x153a661,90E954B8525C
0x153a713,90E9A2B7525C
0x153aa23,90E992B4525C
0x153aa2c,90E989B4525C
0x153aa53,90E962B4525C
0x153aa5c,90E959B4525C
0x153aa65,90E950B4525C
0x153aa6e,90E947B4525C
0x153aa77,90E93EB4525C
0x153ab03,90E9B2B3525C
0x153ab33,90E982B3525C
0x153ab66,90E94FB3525C
0x153abb6,90E9FFB2525C
0x153abc2,90E9F3B2525C
0x153abce,90E9E7B2525C
0x153abf4,90E9C1B2525C
0x153ac00,90E9B5B2525C
0x153ac0c,90E9A9B2525C
0x153ac32,90E983B2525C
0x153ac3e,90E977B2525C
0x153ac4a,90E96BB2525C
0x153ac70,90E945B2525C
0x153ac7c,90E939B2525C
0x153ac88,90E92DB2525C
0x153acae,90E907B2525C
0x153acba,90E9FBB1525C
0x153acc6,90E9EFB1525C
0x153ae13,90E9A2B0525C
0x153ae1c,90E999B0525C
0x153ae25,90E990B0525C
0x153ae53,90E962B0525C
0x153ae83,90E932B0525C
0x153afe3,90E9D2AE525C
0x153b103,90E9B2AD525C
0x153b133,90E982AD525C
0x153b2a3,90E912AC525C
0x153b336,90E97FAB525C
0x153b34d,90E968AB525C
0x153b359,90E95CAB525C
0x153b365,90E950AB525C
0x153b371,90E944AB525C
0x153b37d,90E938AB525C
0x153b389,90E92CAB525C
0x153b583,90E932A9525C
0x153b594,90E921A9525C
0x153b9b3,90E902A5525C
0x153b9bc,90E9F9A4525C
0x153bad3,90E9E2A3525C
0x153bbe3,90E9D2A2525C
0x153bc13,90E9A2A2525C
0x153bc43,90E972A2525C
0x153bc73,90E942A2525C
0x153bca3,90E912A2525C
0x153be23,90E992A0525C
0x153bf23,90E9929F525C
0x153bf53,90E9629F525C
0x153c116,90E99F9D525C
0x153c156,90E95F9D525C
0x153c9d3,90E9E294525C
0x153ca03,90E9B294525C
0x153cce3,90E9D291525C
0x153cd43,90E97291525C
0x153cf93,90E9228F525C
0x153cfc3,90E9F28E525C
0x153d091,90E9DE8F535C
0x153d0a0,90E9CF8F535C
0x153d0af,90E9C08F535C
0x153d0be,90E9B18F535C
0x153d0cd,90E9A28F535C
0x153d0dc,90E9938F535C
0x153d0eb,90E9848F535C
0x153d0fa,90E9758F535C
0x153d109,90E9668F535C
0x153d118,90E9578F535C
0x153d1a3,90E9128D525C
0x153d1d3,90E9E28C525C
0x153d303,90E9B28B525C
0x153d333,90E9828B525C
0x153d3a3,90E9128B525C
0x153d493,90E9228A525C
0x153d4c3,90E9F289525C
0x153d4f3,90E9C289525C
0x153d523,90E99289525C
0x153d583,90E93289525C
0x153d5f3,90E9C288525C
0x153d663,90E95288525C
0x153d6d3,90E9E287525C
0x153d743,90E97287525C
0x153d8b3,90E90286525C
0x153ddd3,90E9E280525C
0x153e3d3,90E9E27A525C
0x153e403,90E9B27A525C
0x153e433,90E9827A525C
0x153e463,90E9527A525C
0x153e493,90E9227A525C
0x153e4f3,90E9C279525C
0x153e563,90E95279525C
0x153e593,90E92279525C
0x153e5c3,90E9F278525C
0x153e5f3,90E9C278525C
0x153e643,90E97278525C
0x153e723,90E99277525C
0x153e753,90E96277525C
0x153e783,90E93277525C
0x153e7b3,90E90277525C
0x153e7e3,90E9D276525C
0x153edc6,90E9EF70525C
0x153edd2,90E9E370525C
0x153f2e1,90E9D46B525C
0x153f2ed,90E9C86B525C
0x153f2f9,90E9BC6B525C
0x153f305,90E9B06B525C
0x153f311,90E9A46B525C
0x153f31d,90E9986B525C
0x153f329,90E98C6B525C
0x153f335,90E9806B525C
0x153f341,90E9746B525C
0x153f34d,90E9686B525C
0x153f359,90E95C6B525C
0x153f365,90E9506B525C
0x153f371,90E9446B525C
0x153f37d,90E9386B525C
0x1540843,90E97256525C
0x1541cf6,90E9BF41525C
0x1542413,90E9A23A525C
0x1542616,90E9593A535C
0x1542996,90E9D936535C
0x1543123,90E9922D525C
0x15431e3,90E9D22C525C
0x1543516,90E99F29525C
0x1543571,90E94429525C
0x1543580,90E93529525C
0x154358f,90E92629525C
0x15435c1,90E9F428525C
0x15435d0,90E9E528525C
0x1543603,90E9B228525C
0x154360c,90E9A928525C
0x1543673,90E94228525C
0x15436a3,90E91228525C
0x15436d3,90E9E227525C
0x1543703,90E9B227525C
0x1543763,90E95227525C
0x15437b3,90E90227525C
0x15438d3,90E9E225525C
0x15438dc,90E9D925525C
0x1543921,90E99425525C
0x1543991,90E92425525C
0x1543a24,90E99124525C
0x1543a83,90E93224525C
0x1543b43,90E97223525C
0x1543b83,90E93223525C
0x1543d63,90E95221525C
0x15440c3,90E9F21D525C
0x1544103,90E9B21D525C
0x154414b,90E96A1D525C
0x154417b,90E93A1D525C
0x154418c,90E9291D525C
0x154419d,90E9181D525C
0x1544b63,90E95213525C
0x1544bd3,90E9E212525C
0x1544c43,90E97212525C
0x1544cb3,90E90212525C
0x1544d23,90E99211525C
0x1544ddb,90E9DA10525C
0x1544dec,90E9C910525C
0x1544dfd,90E9B810525C
0x1544e0e,90E9A710525C
0x1544e1f,90E99610525C
0x1544e30,90E98510525C
0x154502b,90E98A0E525C
0x1545303,90E9B20B525C
0x1545463,90E9520A525C
0x1545983,90E93205525C
0x15459b6,90E9FF04525C
0x15459c2,90E9F304525C
0x1545d93,90E92201525C
0x1546143,90E972FD515C
0x15461a3,90E912FD515C
0x15461e3,90E9D2FC515C
0x1546213,90E9A2FC515C
0x1546273,90E942FC515C
0x154627c,90E939FC515C
0x1546523,90E992F9515C
0x15465e3,90E9D2F8515C
0x1546613,90E9A2F8515C
0x15467c3,90E9F2F6515C
0x15467f3,90E9C2F6515C
0x1546856,90E95FF6515C
0x1546896,90E91FF6515C
0x15468d6,90E9DFF5515C
0x15468e2,90E9D3F5515C
0x1546926,90E98FF5515C
0x1546993,90E922F5515C
0x15469d1,90E9E4F4515C
0x1546dae,90E907F1515C
0x1546e4e,90E967F0515C
0x1546eee,90E9C7EF515C
0x1546fa1,90E914EF515C
0x1547051,90E964EE515C
0x15472a3,90E912EC515C
0x15472ac,90E909EC515C
0x15472d3,90E9E2EB515C
0x15472df,90E9D6EB515C
0x1547323,90E992EB515C
0x154732f,90E986EB515C
0x1547373,90E942EB515C
0x154737c,90E939EB515C
0x1547413,90E9A2EA515C
0x154741c,90E999EA515C
0x1547443,90E972EA515C
0x154744f,90E966EA515C
0x154745b,90E95AEA515C
0x15474a3,90E912EA515C
0x15474af,90E906EA515C
0x15474bb,90E9FAE9515C
0x1547506,90E9AFE9515C
0x1547913,90E9A2E5515C
0x1547943,90E972E5515C
0x1547973,90E942E5515C
0x15479a3,90E912E5515C
0x1547a03,90E9B2E4515C
0x1547a41,90E974E4515C
0x1547bc3,90E9F2E2515C
0x1547ed3,90E9E2DF515C
0x1547edc,90E9D9DF515C
0x1548053,90E962DE515C
0x1548183,90E932DD515C
0x15481c3,90E9F2DC515C
0x1548203,90E9B2DC515C
0x1548273,90E942DC515C
0x15482b3,90E902DC515C
0x15484e6,90E9CFD9515C
0x1548566,90E94FD9515C
0x154857a,90E93BD9515C
0x15485a4,90E911D9515C
0x15486b6,90E9FFD7515C
0x154873c,90E979D7515C
0x15487e3,90E9D2D6515C
0x1548c03,90E9B2D2515C
0x1548c0c,90E9A9D2515C
0x1548c15,90E9A0D2515C
0x1548d83,90E932D1515C
0x1549293,90E922CC515C
0x15492c3,90E9F2CB515C
0x15492cc,90E9E9CB515C
0x1549373,90E942CB515C
0x15493c3,90E9F2CA515C
0x15493cc,90E9E9CA515C
0x15493d5,90E9E0CA515C
0x15493de,90E9D7CA515C
0x15493e7,90E9CECA515C
0x15493f0,90E9C5CA515C
0x15493f9,90E9BCCA515C
0x1549402,90E9B3CA515C
0x154940b,90E9AACA515C
0x1549414,90E9A1CA515C
0x1549483,90E932CA515C
0x154948c,90E929CA515C
0x1549495,90E920CA515C
0x154949e,90E917CA515C
0x15494a7,90E90ECA515C
0x15494b0,90E905CA515C
0x15494b9,90E9FCC9515C
0x15494c2,90E9F3C9515C
0x15494cb,90E9EAC9515C
0x15494d4,90E9E1C9515C
0x1549503,90E9B2C9515C
0x1549533,90E982C9515C
0x1549593,90E922C9515C
0x154959c,90E919C9515C
0x15495a5,90E910C9515C
0x15495ae,90E907C9515C
0x15495d3,90E9E2C8515C
0x1549603,90E9B2C8515C
0x1549633,90E982C8515C
0x154963c,90E979C8515C
0x1549645,90E970C8515C
0x1549673,90E942C8515C
0x15496a3,90E912C8515C
0x15496ac,90E909C8515C
0x15496b5,90E900C8515C
0x15496be,90E9F7C7515C
0x15496c7,90E9EEC7515C
0x15496d0,90E9E5C7515C
0x15496d9,90E9DCC7515C
0x15496e2,90E9D3C7515C
0x1549713,90E9A2C7515C
0x1549743,90E972C7515C
0x154974c,90E969C7515C
0x1549755,90E960C7515C
0x154975e,90E957C7515C
0x1549767,90E94EC7515C
0x1549770,90E945C7515C
0x1549c86,90E92FC2515C
0x1549c92,90E923C2515C
0x1549c9e,90E917C2515C
0x1549cad,90E908C2515C
0x1549cbc,90E9F9C1515C
0x1549ccb,90E9EAC1515C
0x1549cda,90E9DBC1515C
0x1549ce9,90E9CCC1515C
0x1549cf8,90E9BDC1515C
0x1549d07,90E9AEC1515C
0x1549ee3,90E9D2BF515C
0x1549f13,90E9A2BF515C
0x154a081,90E934BE515C
0x154a08a,90E92BBE515C
0x154a093,90E922BE515C
0x154a09c,90E919BE515C
0x154a0a5,90E910BE515C
0x154a0ae,90E907BE515C
0x154a0b7,90E9FEBD515C
0x154a0c0,90E9F5BD515C
0x154a0c9,90E9ECBD515C
0x154a0d2,90E9E3BD515C
0x154a0db,90E9DABD515C
0x154a0e4,90E9D1BD515C
0x154a0ed,90E9C8BD515C
0x154a0f6,90E9BFBD515C
0x154a0ff,90E9B6BD515C
0x154a108,90E9ADBD515C
0x154a111,90E9A4BD515C
0x154a11a,90E99BBD515C
0x154a123,90E992BD515C
0x154a12c,90E989BD515C
0x154a135,90E980BD515C
0x154a13e,90E977BD515C
0x154a147,90E96EBD515C
0x154a150,90E965BD515C
0x154a159,90E95CBD515C
0x154a162,90E953BD515C
0x154a16b,90E94ABD515C
0x154a174,90E941BD515C
0x154a17d,90E938BD515C
0x154a186,90E92FBD515C
0x154a18f,90E926BD515C
0x154a198,90E91DBD515C
0x154a1a1,90E914BD515C
0x154a1aa,90E90BBD515C
0x154a1b3,90E902BD515C
0x154a1bc,90E9F9BC515C
0x154a1c5,90E9F0BC515C
0x154a1ce,90E9E7BC515C
0x154a1d7,90E9DEBC515C
0x154a1e0,90E9D5BC515C
0x154a1e9,90E9CCBC515C
0x154a343,90E972BB515C
0x154a3a3,90E912BB515C
0x154a7c3,90E9F2B6515C
0x154a7cc,90E9E9B6515C
0x154a7d5,90E9E0B6515C
0x154a7de,90E9D7B6515C
0x154ab53,90E962B3515C
0x154ad51,90E91EB3525C
0x154ad93,90E922B1515C
0x154ae6b,90E904B2525C
0x154afd1,90E99EB0525C
0x154b0a3,90E9CCAF525C
0x154b18b,90E9E4AE525C
0x154b4e3,90E9D2A9515C
0x154b593,90E922A9515C
0x154b5d3,90E9E2A8515C
0x154bcc3,90E9F2A1515C
0x154bd23,90E992A1515C
0x154bd53,90E962A1515C
0x154bd83,90E932A1515C
0x154bde3,90E9D2A0515C
0x154bdf7,90E9BEA0515C
0x154be00,90E9B5A0515C
0x154be11,90E9A4A0515C
0x154be22,90E993A0515C
0x154be36,90E97FA0515C
0x154be3f,90E976A0515C
0x154beb3,90E902A0515C
0x154c1f3,90E9C29C515C
0x154c223,90E9929C515C
0x154c253,90E9629C515C
0x154c283,90E9329C515C
0x154c2b3,90E9029C515C
0x154c2e3,90E9D29B515C
0x154c373,90E9429B515C
0x154c3a3,90E9129B515C
0x154c411,90E9A49A515C
0x154c7c4,90E9AB98525C
0x154cb81,90E9EE94525C
0x154cfa1,90E9148F515C
0x154d163,90E9528D515C
0x154d176,90E93F8D515C
0x154d1e6,90E9898E525C
0x154d823,90E94C88525C
0x154d82c,90E94388525C
0x154d835,90E93A88525C
0x154e21b,90E99A7C515C
0x154e243,90E9727C515C
0x154e24c,90E9697C515C
0x154e803,90E9B276515C
0x154e843,90E97276515C
0x154e913,90E9A275515C
0x154e993,90E9DC76525C
0x154eaa3,90E91274515C
0x154f146,90E96F6D515C
0x154f263,90E9526C515C
0x154f2c3,90E9F26B515C
0x154f323,90E9926B515C
0x154f483,90E9326A515C
0x154f74e,90E96767515C
0x154f78e,90E92767515C
0x154fa56,90E95F64515C
0x154fa62,90E95364515C
0x154fed3,90E9E25F515C
0x154ff13,90E9A25F515C
0x154ff1c,90E9995F515C
0x1550116,90E99F5D515C
0x1550122,90E9935D515C
0x155012e,90E9875D515C
0x155013a,90E97B5D515C
0x1550146,90E96F5D515C
0x1550152,90E9635D515C
0x155015e,90E9575D515C
0x155016a,90E94B5D515C
0x1550176,90E93F5D515C
0x1550182,90E9335D515C
0x155018e,90E9275D515C
0x155019a,90E91B5D515C
0x15501a6,90E90F5D515C
0x15501b2,90E9035D515C
0x15501be,90E9F75C515C
0x1550323,90E9925B515C
0x155032c,90E9895B515C
0x155036b,90E94A5B515C
0x15503a0,90E9155B515C
0x15503d3,90E9E25A515C
0x1550693,90E92258515C
0x1550cd3,90E9E251515C
0x1551002,90E9B34E515C
0x1551313,90E9A24B515C
0x1551366,90E94F4B515C
0x1551421,90E9944A515C
0x155142a,90E98B4A515C
0x1551496,90E91F4A515C
0x15516c3,90E9F247515C
0x1551a4c,90E96944515C
0x1551ab6,90E9FF43515C
0x1551bd3,90E9E242515C
0x1551c13,90E9A242515C
0x1551f43,90E9723F515C
0x1552083,90E9323E515C
0x155208c,90E9293E515C
0x1552244,90E9713C515C
0x15523c3,90E9F23A515C
0x15523cc,90E9E93A515C
0x15523d5,90E9E03A515C
0x1552403,90E9B23A515C
0x155240c,90E9A93A515C
0x1552415,90E9A03A515C
0x1552443,90E9723A515C
0x155244c,90E9693A515C
0x1552455,90E9603A515C
0x155245e,90E9573A515C
0x1552467,90E94E3A515C
0x1552470,90E9453A515C
0x1552479,90E93C3A515C
0x15524a3,90E9123A515C
0x15527ff,90E9B636515C
0x155280b,90E9AA36515C
0x1552c61,90E90E34525C
0x15530d1,90E99E2F525C
0x15530e0,90E98F2F525C
0x15530ef,90E9802F525C
0x15530fe,90E9712F525C
0x155310d,90E9622F525C
0x155311c,90E9532F525C
0x155312b,90E9442F525C
0x155313a,90E9352F525C
0x1553149,90E9262F525C
0x1553158,90E9172F525C
0x1553863,90E95226515C
0x1553893,90E92226515C
0x15538c3,90E9F225515C
0x15539e3,90E9D224515C
0x1553a73,90E94224515C
0x1553fa3,90E9121F515C
0x1554173,90E9421D515C
0x155417f,90E9361D515C
0x15541b0,90E9051D515C
0x15541bc,90E9F91C515C
0x15541ed,90E9C81C515C
0x15541f9,90E9BC1C515C
0x155422f,90E9861C515C
0x1554238,90E97D1C515C
0x15547a3,90E91217515C
0x1554851,90E96416515C
0x1554860,90E95516515C
0x15553b3,90E9020B515C
0x1555413,90E9A20A515C
0x1555673,90E94208515C
0x1555723,90E99207515C
0x15557e3,90E9D206515C
0x15558f3,90E9C205515C
0x15558fc,90E9B905515C
0x1555936,90E97F05515C
0x1555942,90E97305515C
0x155594e,90E96705515C
0x15559c6,90E9EF04515C
0x1555a06,90E9AF04515C
0x1555a43,90E97204515C
0x1555ac6,90E9EF03515C
0x1555b06,90E9AF03515C
0x1555b12,90E9A303515C
0x1555b56,90E95F03515C
0x1555b62,90E95303515C
0x1555ba6,90E90F03515C
0x1555bb2,90E90303515C
0x1555c26,90E98F02515C
0x1555c32,90E98302515C
0x1555cf6,90E9BF01515C
0x1555d46,90E96F01515C
0x1555e33,90E98200515C
0x1555e93,90E92200515C
0x1555fb3,90E902FF505C
0x1556233,90E982FC505C
0x1556283,90E932FC505C
0x15562c3,90E9F2FB505C
0x15563f3,90E9C2FA505C
0x15563ff,90E9B6FA505C
0x155640b,90E9AAFA505C
0x15566e6,90E9CFF7505C
0x15566f2,90E9C3F7505C
0x155677c,90E939F7505C
0x1556788,90E92DF7505C
0x15567eb,90E9CAF6505C
0x1556823,90E992F6505C
0x155682c,90E989F6505C
0x1556973,90E942F5505C
0x15572d6,90E9DFEB505C
0x15572e2,90E9D3EB505C
0x1557573,90E942E9505C
0x155757c,90E939E9505C
0x155758d,90E928E9505C
0x1557596,90E91FE9505C
0x1557953,90E962E5505C
0x15579b3,90E902E5505C
0x1557aa3,90E912E4505C
0x1557b03,90E9B2E3505C
0x1557f83,90E932DF505C
0x1558023,90E992DE505C
0x1558076,90E93FDE505C
0x1558082,90E933DE505C
0x155809b,90E91ADE505C
0x15580bf,90E9F6DD505C
0x15580cb,90E9EADD505C
0x15580d7,90E9DEDD505C
0x15580e3,90E9D2DD505C
0x15580ef,90E9C6DD505C
0x1558106,90E9AFDD505C
0x155811d,90E998DD505C
0x1558134,90E981DD505C
0x155814b,90E96ADD505C
0x1558306,90E9AFDB505C
0x15583fb,90E9BADA505C
0x1558433,90E982DA505C
0x15585b3,90E902D9505C
0x1558603,90E9B2D8505C
0x155861a,90E99BD8505C
0x1558631,90E984D8505C
0x155863d,90E978D8505C
0x15588b6,90E9FFD5505C
0x155894e,90E967D5505C
0x155895a,90E95BD5505C
0x1558966,90E94FD5505C
0x1558972,90E943D5505C
0x1558986,90E92FD5505C
0x1558992,90E923D5505C
0x155899e,90E917D5505C
0x15589aa,90E90BD5505C
0x15589c1,90E9F4D4505C
0x15589cd,90E9E8D4505C
0x15589d9,90E9DCD4505C
0x15589e5,90E9D0D4505C
0x15589f1,90E9C4D4505C
0x15589fd,90E9B8D4505C
0x1558a46,90E96FD4505C
0x1558aae,90E907D4505C
0x1558aee,90E9C7D3505C
0x1558b43,90E972D3505C
0x1558bac,90E909D3505C
0x1558bf3,90E9C2D2505C
0x1558bfc,90E9B9D2505C
0x1558d73,90E942D1505C
0x1558da3,90E912D1505C
0x1558e73,90E942D0505C
0x1559053,90E962CE505C
0x1559083,90E932CE505C
0x15590b3,90E902CE505C
0x1559303,90E9B2CB505C
0x15594d3,90E9E2C9505C
0x15594e7,90E9CEC9505C
0x15594f0,90E9C5C9505C
0x15594f9,90E9BCC9505C
0x1559502,90E9B3C9505C
0x155950b,90E9AAC9505C
0x1559514,90E9A1C9505C
0x15595b3,90E902C9505C
0x155978f,90E9E0C8515C
0x1559d73,90E942C1505C
0x1559da3,90E912C1505C
0x1559dd3,90E9E2C0505C
0x1559e43,90E972C0505C
0x1559f43,90E972BF505C
0x1559f73,90E942BF505C
0x155a183,90E932BD505C
0x155a1f3,90E9C2BC505C
0x155a1fc,90E9B9BC505C
0x155a233,90E982BC505C
0x155a793,90E922B7505C
0x155a8c3,90E9F2B5505C
0x155a8f3,90E9C2B5505C
0x155a923,90E992B5505C
0x155a953,90E962B5505C
0x155a9f3,90E9C2B4505C
0x155a9fc,90E9B9B4505C
0x155aa05,90E9B0B4505C
0x155ad5a,90E915B3515C
0x155ae13,90E9A2B0505C
0x155ae43,90E972B0505C
0x155ae73,90E942B0505C
0x155aea3,90E912B0505C
0x155af21,90E994AF505C
0x155af2d,90E988AF505C
0x155af39,90E97CAF505C
0x155af45,90E970AF505C
0x155af51,90E964AF505C
0x155af5d,90E958AF505C
0x155af69,90E94CAF505C
0x155af75,90E940AF505C
0x155af81,90E934AF505C
0x155af8d,90E928AF505C
0x155af99,90E91CAF505C
0x155afa5,90E910AF505C
0x155afb1,90E904AF505C
0x155afbd,90E9F8AE505C
0x155afc9,90E9ECAE505C
0x155afd5,90E9E0AE505C
0x155afe1,90E9D4AE505C
0x155afed,90E9C8AE505C
0x155aff9,90E9BCAE505C
0x155b005,90E9B0AE505C
0x155b01c,90E999AE505C
0x155b028,90E98DAE505C
0x155b034,90E981AE505C
0x155b040,90E975AE505C
0x155b04c,90E969AE505C
0x155b058,90E95DAE505C
0x155b064,90E951AE505C
0x155b070,90E945AE505C
0x155b07c,90E939AE505C
0x155b088,90E92DAE505C
0x155b094,90E921AE505C
0x155b0a0,90E915AE505C
0x155b0ac,90E909AE505C
0x155b0b8,90E9FDAD505C
0x155b0c4,90E9F1AD505C
0x155b0d0,90E9E5AD505C
0x155b0dc,90E9D9AD505C
0x155b0e8,90E9CDAD505C
0x155b0f4,90E9C1AD505C
0x155b100,90E9B5AD505C
0x155b10c,90E9A9AD505C
0x155b118,90E99DAD505C
0x155b124,90E991AD505C
0x155b130,90E985AD505C
0x155b181,90E934AD505C
0x155b18d,90E928AD505C
0x155b199,90E91CAD505C
0x155b1a5,90E910AD505C
0x155b1b1,90E904AD505C
0x155b1bd,90E9F8AC505C
0x155b1c9,90E9ECAC505C
0x155b1e0,90E9D5AC505C
0x155b1ec,90E9C9AC505C
0x155b1f8,90E9BDAC505C
0x155b204,90E9B1AC505C
0x155b210,90E9A5AC505C
0x155b21c,90E999AC505C
0x155b228,90E98DAC505C
0x155b234,90E981AC505C
0x155b240,90E975AC505C
0x155b257,90E95EAC505C
0x155b263,90E952AC505C
0x155b26f,90E946AC505C
0x155b27b,90E93AAC505C
0x155b287,90E92EAC505C
0x155b293,90E922AC505C
0x155b29f,90E916AC505C
0x155b2ab,90E90AAC505C
0x155b2b7,90E9FEAB505C
0x155b2ce,90E9E7AB505C
0x155b2da,90E9DBAB505C
0x155b2e6,90E9CFAB505C
0x155b2f2,90E9C3AB505C
0x155b309,90E9ACAB505C
0x155b315,90E9A0AB505C
0x155b321,90E994AB505C
0x155b338,90E97DAB505C
0x155b344,90E971AB505C
0x155b350,90E965AB505C
0x155b35c,90E959AB505C
0x155b368,90E94DAB505C
0x155b374,90E941AB505C
0x155b38b,90E92AAB505C
0x155b397,90E91EAB505C
0x155b3a3,90E912AB505C
0x155b3af,90E906AB505C
0x155b3bb,90E9FAAA505C
0x155b3c7,90E9EEAA505C
0x155b3d3,90E9E2AA505C
0x155b3df,90E9D6AA505C
0x155b3eb,90E9CAAA505C
0x155b3f7,90E9BEAA505C
0x155b403,90E9B2AA505C
0x155b40f,90E9A6AA505C
0x155b41b,90E99AAA505C
0x155b427,90E98EAA505C
0x155b433,90E982AA505C
0x155b43f,90E976AA505C
0x155b461,90E954AA505C
0x155b46d,90E948AA505C
0x155b479,90E93CAA505C
0x155b485,90E930AA505C
0x155b491,90E924AA505C
0x155b49d,90E918AA505C
0x155b4a9,90E90CAA505C
0x155b4b5,90E900AA505C
0x155b4c1,90E9F4A9505C
0x155b4cd,90E9E8A9505C
0x155b4d9,90E9DCA9505C
0x155b4e5,90E9D0A9505C
0x155b4f1,90E9C4A9505C
0x155b4fd,90E9B8A9505C
0x155b509,90E9ACA9505C
0x155b515,90E9A0A9505C
0x155b52c,90E989A9505C
0x155b538,90E97DA9505C
0x155b544,90E971A9505C
0x155b550,90E965A9505C
0x155b55c,90E959A9505C
0x155b568,90E94DA9505C
0x155b574,90E941A9505C
0x155b580,90E935A9505C
0x155b58c,90E929A9505C
0x155b598,90E91DA9505C
0x155b5a4,90E911A9505C
0x155b5b0,90E905A9505C
0x155bc31,90E984A2505C
0x155c933,90E98295505C
0x155c93c,90E97995505C
0x155c945,90E97095505C
0x155c9a6,90E90F95505C
0x155c9f3,90E9C294505C
0x155ca33,90E98294505C
0x155cd1d,90E99891505C
0x155cd26,90E98F91505C
0x155cda0,90E91591505C
0x155cda9,90E90C91505C
0x155cdb2,90E90391505C
0x155cdf3,90E9C290505C
0x155cf93,90E9228F505C
0x155cfc3,90E9F28E505C
0x155cff3,90E9C28E505C
0x155d143,90E9728D505C
0x155d1d3,90E9E28C505C
0x155d283,90E9328C505C
0x155d473,90E9428A505C
0x155d583,90E93289505C
0x155db2e,90E98783505C
0x155ddae,90E90781505C
0x155e4f3,90E9C279505C
0x155e523,90E99279505C
0x155e806,90E9AF76505C
0x155e843,90E97276505C
0x155e8a3,90E91276505C
0x155e973,90E94275505C
0x155e97f,90E93675505C
0x155e9a1,90E91475505C
0x155e9ad,90E90875505C
0x155e9f3,90E9C274505C
0x155ea52,90E96374505C
0x155ea82,90E93374505C
0x155eb21,90E99473505C
0x155eb63,90E95273505C
0x155eb6c,90E94973505C
0x155ebc7,90E9EE72505C
0x155ebdd,90E9D872505C
0x155ec83,90E93272505C
0x155ec9a,90E91B72505C
0x155ed03,90E9B271505C
0x155ed73,90E94271505C
0x155eda3,90E91271505C
0x155ede3,90E9D270505C
0x155ef43,90E9726F505C
0x155ef73,90E9426F505C
0x155ef7c,90E9396F505C
0x155ef85,90E9306F505C
0x155ef8e,90E9276F505C
0x155ef97,90E91E6F505C
0x155efa0,90E9156F505C
0x155efa9,90E90C6F505C
0x155f0c3,90E9F26D505C
0x155f295,90E9206C505C
0x155f2b7,90E9FE6B505C
0x155f303,90E9B26B505C
0x155f7e9,90E98668515C
0x155f931,90E93E67515C
0x155f948,90E92767515C
0x155f954,90E91B67515C
0x155f960,90E90F67515C
0x155f96c,90E90367515C
0x155f978,90E9F766515C
0x155f984,90E9EB66515C
0x155fb73,90E94263505C
0x155fbd3,90E9E262505C
0x155fc93,90E92262505C
0x155fda3,90E91261505C
0x155ff03,90E9B25F505C
0x155ff43,90E9725F505C
0x15601d6,90E9DF5C505C
0x15601e2,90E9D35C505C
0x15601ee,90E9C75C505C
0x1560236,90E97F5C505C
0x15602e1,90E9D45B505C
0x15602f0,90E9C55B505C
0x1560506,90E9695B515C
0x15606ba,90E9B559515C
0x1560916,90E99F55505C
0x1560993,90E92255505C
0x1561183,90E9324D505C
0x15613c3,90E9F24A505C
0x1561453,90E9624A505C
0x156145c,90E9594A505C
0x1561468,90E94D4A505C
0x1561474,90E9414A505C
0x1561480,90E9354A505C
0x156148c,90E9294A505C
0x1561498,90E91D4A505C
0x15615a3,90E91249505C
0x15615de,90E9D748505C
0x15615fd,90E9B848505C
0x156175b,90E95A47505C
0x1561943,90E97245505C
0x156194f,90E96645505C
0x156195b,90E95A45505C
0x1561964,90E95145505C
0x1561970,90E94545505C
0x156197c,90E93945505C
0x1561988,90E92D45505C
0x1561994,90E92145505C
0x156199d,90E91845505C
0x15619a6,90E90F45505C
0x15619b2,90E90345505C
0x1561fe6,90E9CF3E505C
0x15628b3,90E90236505C
0x1562936,90E97F35505C
0x1562942,90E97335505C
0x156294e,90E96735505C
0x156295a,90E95B35505C
0x1562966,90E94F35505C
0x1562972,90E94335505C
0x156297e,90E93735505C
0x156298a,90E92B35505C
0x1562996,90E91F35505C
0x15629a2,90E91335505C
0x1562a63,90E95234505C
0x1562a6c,90E94934505C
0x1562b0b,90E9AA33505C
0x1562b14,90E9A133505C
0x1562b1d,90E99833505C
0x1562b56,90E95F33505C
0x1562b62,90E95333505C
0x1562b6e,90E94733505C
0x1562b7a,90E93B33505C
0x1562bb3,90E90233505C
0x1562be4,90E9D132505C
0x1562bef,90E9C632505C
0x1562bfa,90E9BB32505C
0x1562c03,90E9B232505C
0x1562c0c,90E9A932505C
0x1562c38,90E97D32505C
0x1562c41,90E97432505C
0x1562d93,90E92231505C
0x1562ec3,90E9F22F505C
0x1562f13,90E9A22F505C
0x1563114,90E9A12D505C
0x156311d,90E9982D505C
0x1563c0e,90E9A722505C
0x1563c22,90E99322505C
0x1563c2e,90E98722505C
0x1563dc2,90E9F320505C
0x15641db,90E9DA1C505C
0x156422e,90E9871C505C
0x156483c,90E97916505C
0x15649f9,90E9BC14505C
0x1564a46,90E96F14505C
0x1564a83,90E93214505C
0x1564d89,90E92C11505C
0x1564dd3,90E9E210505C
0x1564e63,90E95210505C
0x1564eb3,90E90210505C
0x1565053,90E9620E505C
0x156505f,90E9560E505C
0x1565083,90E9320E505C
0x1565133,90E9820D505C
0x156513c,90E9790D505C
0x156516e,90E9470D505C
0x15651b3,90E9020D505C
0x15651bc,90E9F90C505C
0x15651f3,90E9C20C505C
0x15651fc,90E9B90C505C
0x1565253,90E9620C505C
0x1565303,90E9B20B505C
0x156530c,90E9A90B505C
0x1565315,90E9A00B505C
0x1565426,90E98F0A505C
0x15657c3,90E9F206505C
0x15657dc,90E9D906505C
0x1565ae3,90E9D203505C
0x1565b43,90E97203505C
0x1565b4c,90E96903505C
0x1565b73,90E94203505C
0x1565bd6,90E9DF02505C
0x1565c26,90E98F02505C
0x1565c56,90E95F02505C
0x1565c62,90E95302505C
0x1565c6e,90E94702505C
0x1566036,90E97FFE4F5C
0x156603f,90E976FE4F5C
0x1566048,90E96DFE4F5C
0x1566051,90E964FE4F5C
0x156605a,90E95BFE4F5C
0x1566066,90E94FFE4F5C
0x1566096,90E91FFE4F5C
0x156609f,90E916FE4F5C
0x15660a8,90E90DFE4F5C
0x15660b1,90E904FE4F5C
0x15660ba,90E9FBFD4F5C
0x15660c6,90E9EFFD4F5C
0x1566153,90E962FD4F5C
0x156615c,90E959FD4F5C
0x1566165,90E950FD4F5C
0x156616e,90E947FD4F5C
0x1566193,90E922FD4F5C
0x156619c,90E919FD4F5C
0x15661a5,90E910FD4F5C
0x15661ae,90E907FD4F5C
0x15661b7,90E9FEFC4F5C
0x15661c0,90E9F5FC4F5C
0x1566253,90E962FC4F5C
0x1566393,90E922FB4F5C
0x15664b3,90E902FA4F5C
0x1566526,90E98FF94F5C
0x1566532,90E983F94F5C
0x156653e,90E977F94F5C
0x156654a,90E96BF94F5C
0x1566583,90E932F94F5C
0x1566811,90E9A4F64F5C
0x156681d,90E998F64F5C
0x1566863,90E952F64F5C
0x1566893,90E922F64F5C
0x1566923,90E992F54F5C
0x156692c,90E989F54F5C
0x1566935,90E980F54F5C
0x156693e,90E977F54F5C
0x1566a11,90E9A4F44F5C
0x1566a71,90E944F44F5C
0x1566db3,90E902F14F5C
0x1566dbc,90E9F9F04F5C
0x1566dc5,90E9F0F04F5C
0x1566dce,90E9E7F04F5C
0x1566dd7,90E9DEF04F5C
0x15671a3,90E912ED4F5C
0x15671ac,90E909ED4F5C
0x1567973,90E942E54F5C
0x1567a03,90E9B2E44F5C
0x1567a0f,90E9A6E44F5C
0x1567bd3,90E9E2E24F5C
0x1567c43,90E972E24F5C
0x1567c4c,90E969E24F5C
0x1567cb3,90E902E24F5C
0x15682e6,90E9CFDB4F5C
0x15682f2,90E9C3DB4F5C
0x1568476,90E93FDA4F5C
0x1568482,90E933DA4F5C
0x156848e,90E927DA4F5C
0x156849a,90E91BDA4F5C
0x15684a6,90E90FDA4F5C
0x15684b2,90E903DA4F5C
0x15684be,90E9F7D94F5C
0x15684ca,90E9EBD94F5C
0x15684d6,90E9DFD94F5C
0x15684e2,90E9D3D94F5C
0x15684ee,90E9C7D94F5C
0x15684fa,90E9BBD94F5C
0x1568506,90E9AFD94F5C
0x1568512,90E9A3D94F5C
0x156851e,90E997D94F5C
0x156852a,90E98BD94F5C
0x1568536,90E97FD94F5C
0x1568563,90E952D94F5C
0x15685a3,90E912D94F5C
0x1569405,90E876CA4F5C
0x15849f4,90E854F1485C
0x1584a75,90E940144E5C
